{
  "type": "FeatureCollection",
  "name": "cabuyao_barangays",
  "crs": {
    "type": "name",
    "properties": {
      "name": "urn:ogc:def:crs:OGC:1.3:CRS84"
    }
  },
  "features": [
    {
      "type": "Feature",
      "properties": {
        "element": "relation",
        "id": 18461857,
        "name": "Baclaran"
      },
      "geometry": {
        "type": "Polygon",
        "coordinates": [
          [
            [
              121.1601029,
              14.2459014
            ],
            [
              121.1619264,
              14.2466398
            ],
            [
              121.1624643,
              14.2468136
            ],
            [
              121.162965,
              14.2470526
            ],
            [
              121.1629096,
              14.2472768
            ],
            [
              121.1636121,
              14.247529
            ],
            [
              121.1647895,
              14.2477875
            ],
            [
              121.1651928,
              14.2478821
            ],
            [
              121.1651343,
              14.2481973
            ],
            [
              121.1659213,
              14.2484432
            ],
            [
              121.166162,
              14.2484243
            ],
            [
              121.1663571,
              14.2483549
            ],
            [
              121.1683996,
              14.2488151
            ],
            [
              121.1684207,
              14.2486243
            ],
            [
              121.1684861,
              14.2481897
            ],
            [
              121.1687289,
              14.248235
            ],
            [
              121.1687812,
              14.2481952
            ],
            [
              121.1692071,
              14.2482803
            ],
            [
              121.169521,
              14.2483599
            ],
            [
              121.1705252,
              14.2484801
            ],
            [
              121.1705625,
              14.2482915
            ],
            [
              121.1706349,
              14.2478782
            ],
            [
              121.1706805,
              14.2476364
            ],
            [
              121.1707315,
              14.247457
            ],
            [
              121.1707932,
              14.2472932
            ],
            [
              121.1708522,
              14.2471191
            ],
            [
              121.1709192,
              14.2469449
            ],
            [
              121.1709863,
              14.2467707
            ],
            [
              121.1711124,
              14.2463963
            ],
            [
              121.1712331,
              14.246035
            ],
            [
              121.1714289,
              14.2456034
            ],
            [
              121.1718124,
              14.2449353
            ],
            [
              121.1720699,
              14.2444387
            ],
            [
              121.1724454,
              14.2436744
            ],
            [
              121.1728531,
              14.2424993
            ],
            [
              121.1720789,
              14.2422704
            ],
            [
              121.1708736,
              14.2418471
            ],
            [
              121.1701649,
              14.2416283
            ],
            [
              121.1698093,
              14.2415725
            ],
            [
              121.1692714,
              14.2414078
            ],
            [
              121.1678272,
              14.2408384
            ],
            [
              121.1677536,
              14.2410181
            ],
            [
              121.1676982,
              14.2412427
            ],
            [
              121.1676339,
              14.2414386
            ],
            [
              121.1657828,
              14.2410278
            ],
            [
              121.1657184,
              14.2412202
            ],
            [
              121.1656581,
              14.2414438
            ],
            [
              121.165591,
              14.2416687
            ],
            [
              121.1655334,
              14.2418507
            ],
            [
              121.1654676,
              14.2420853
            ],
            [
              121.1653993,
              14.2423186
            ],
            [
              121.1653483,
              14.2425656
            ],
            [
              121.1652946,
              14.2427827
            ],
            [
              121.1652665,
              14.2430037
            ],
            [
              121.1652021,
              14.2433533
            ],
            [
              121.1651927,
              14.2434066
            ],
            [
              121.1648057,
              14.2433709
            ],
            [
              121.164057,
              14.243117
            ],
            [
              121.1639399,
              14.2429767
            ],
            [
              121.1622022,
              14.2425406
            ],
            [
              121.1619249,
              14.2436575
            ],
            [
              121.1614115,
              14.2433799
            ],
            [
              121.1610269,
              14.2431719
            ],
            [
              121.1608278,
              14.2436456
            ],
            [
              121.1603804,
              14.2450067
            ],
            [
              121.1604427,
              14.2450616
            ],
            [
              121.1601029,
              14.2459014
            ]
          ]
        ]
      }
    },
    {
      "type": "Feature",
      "properties": {
        "element": "relation",
        "id": 18461983,
        "name": "Banay-Banay"
      },
      "geometry": {
        "type": "Polygon",
        "coordinates": [
          [
            [
              121.1094461,
              14.245196
            ],
            [
              121.109567,
              14.2452251
            ],
            [
              121.1096592,
              14.2452595
            ],
            [
              121.1097554,
              14.2453164
            ],
            [
              121.1098685,
              14.245361
            ],
            [
              121.109992,
              14.2453366
            ],
            [
              121.1100778,
              14.2452595
            ],
            [
              121.1101553,
              14.2451764
            ],
            [
              121.1103793,
              14.2450911
            ],
            [
              121.1105216,
              14.2450851
            ],
            [
              121.1106137,
              14.2451236
            ],
            [
              121.1107079,
              14.2452271
            ],
            [
              121.1108963,
              14.245359
            ],
            [
              121.1110366,
              14.2454137
            ],
            [
              121.1111329,
              14.245432
            ],
            [
              121.111315,
              14.2454158
            ],
            [
              121.1114908,
              14.2454198
            ],
            [
              121.1116499,
              14.2454949
            ],
            [
              121.1117274,
              14.2455822
            ],
            [
              121.1117651,
              14.2456735
            ],
            [
              121.111853,
              14.2458114
            ],
            [
              121.1119576,
              14.2458784
            ],
            [
              121.1121146,
              14.2459413
            ],
            [
              121.1122378,
              14.2460213
            ],
            [
              121.1123201,
              14.246146
            ],
            [
              121.112316,
              14.2462202
            ],
            [
              121.1122778,
              14.2463021
            ],
            [
              121.1121944,
              14.2463486
            ],
            [
              121.1120891,
              14.2463885
            ],
            [
              121.1121126,
              14.2464891
            ],
            [
              121.1121963,
              14.2466677
            ],
            [
              121.1122402,
              14.2467407
            ],
            [
              121.1123303,
              14.2468219
            ],
            [
              121.1123792,
              14.2469
            ],
            [
              121.1124056,
              14.2470126
            ],
            [
              121.1124215,
              14.2470814
            ],
            [
              121.1125039,
              14.2471607
            ],
            [
              121.1126419,
              14.2472064
            ],
            [
              121.1128193,
              14.2472309
            ],
            [
              121.1129841,
              14.2472013
            ],
            [
              121.1130985,
              14.2472763
            ],
            [
              121.1131597,
              14.2473882
            ],
            [
              121.1131843,
              14.2475645
            ],
            [
              121.1131613,
              14.2477653
            ],
            [
              121.1131257,
              14.2478587
            ],
            [
              121.1131111,
              14.2479702
            ],
            [
              121.1131299,
              14.248023
            ],
            [
              121.1132576,
              14.2481143
            ],
            [
              121.1132848,
              14.2481975
            ],
            [
              121.1132367,
              14.2482908
            ],
            [
              121.1131739,
              14.2483233
            ],
            [
              121.1130734,
              14.2483476
            ],
            [
              121.1129583,
              14.2483781
            ],
            [
              121.1129185,
              14.2484694
            ],
            [
              121.1129855,
              14.2485911
            ],
            [
              121.1130381,
              14.2486635
            ],
            [
              121.1130564,
              14.2487386
            ],
            [
              121.1130211,
              14.2488325
            ],
            [
              121.1129792,
              14.2488894
            ],
            [
              121.1129206,
              14.2489178
            ],
            [
              121.1127901,
              14.2489196
            ],
            [
              121.1127667,
              14.2489588
            ],
            [
              121.1127653,
              14.2490427
            ],
            [
              121.1127987,
              14.2491589
            ],
            [
              121.1129248,
              14.2494493
            ],
            [
              121.1129583,
              14.2495386
            ],
            [
              121.1130818,
              14.2496178
            ],
            [
              121.113222,
              14.2498977
            ],
            [
              121.1132157,
              14.2499809
            ],
            [
              121.1131781,
              14.2500377
            ],
            [
              121.1130797,
              14.2500763
            ],
            [
              121.1130127,
              14.2500641
            ],
            [
              121.112929,
              14.2500032
            ],
            [
              121.1128955,
              14.2499018
            ],
            [
              121.1128222,
              14.2498754
            ],
            [
              121.1127552,
              14.2499099
            ],
            [
              121.1127301,
              14.2499951
            ],
            [
              121.1128096,
              14.2501798
            ],
            [
              121.1129771,
              14.2503502
            ],
            [
              121.1131676,
              14.2503827
            ],
            [
              121.1133162,
              14.2503969
            ],
            [
              121.1135863,
              14.2505511
            ],
            [
              121.1136512,
              14.2506687
            ],
            [
              121.1135602,
              14.2507862
            ],
            [
              121.1135088,
              14.2508513
            ],
            [
              121.1135235,
              14.2509224
            ],
            [
              121.1135716,
              14.2509508
            ],
            [
              121.113693,
              14.2509974
            ],
            [
              121.11385,
              14.2510015
            ],
            [
              121.1140845,
              14.2509934
            ],
            [
              121.1142436,
              14.2510076
            ],
            [
              121.1143305,
              14.2511766
            ],
            [
              121.1143854,
              14.2513421
            ],
            [
              121.1146798,
              14.2515197
            ],
            [
              121.1149075,
              14.2515626
            ],
            [
              121.115072,
              14.2515411
            ],
            [
              121.1152333,
              14.2514522
            ],
            [
              121.1153471,
              14.2514829
            ],
            [
              121.1153946,
              14.2515534
            ],
            [
              121.1153345,
              14.2516239
            ],
            [
              121.115287,
              14.2517189
            ],
            [
              121.1152807,
              14.2518507
            ],
            [
              121.1153724,
              14.2519243
            ],
            [
              121.1154705,
              14.2520837
            ],
            [
              121.1154546,
              14.2522094
            ],
            [
              121.1153756,
              14.2523197
            ],
            [
              121.1153977,
              14.2524454
            ],
            [
              121.115404,
              14.2526998
            ],
            [
              121.1154515,
              14.2528286
            ],
            [
              121.1156634,
              14.2530156
            ],
            [
              121.1158531,
              14.2531382
            ],
            [
              121.1159322,
              14.2532669
            ],
            [
              121.1160556,
              14.253319
            ],
            [
              121.1162105,
              14.2533313
            ],
            [
              121.1162738,
              14.2533957
            ],
            [
              121.1163497,
              14.2535305
            ],
            [
              121.1164952,
              14.2536286
            ],
            [
              121.1165869,
              14.253693
            ],
            [
              121.1166343,
              14.2537604
            ],
            [
              121.1166217,
              14.2538555
            ],
            [
              121.1165394,
              14.253926
            ],
            [
              121.1165047,
              14.2539934
            ],
            [
              121.1165047,
              14.2541129
            ],
            [
              121.1165078,
              14.2541926
            ],
            [
              121.1164426,
              14.2542492
            ],
            [
              121.1163685,
              14.25423
            ],
            [
              121.1163388,
              14.2541725
            ],
            [
              121.1163388,
              14.2540815
            ],
            [
              121.1163487,
              14.2539378
            ],
            [
              121.1162943,
              14.253866
            ],
            [
              121.1162054,
              14.2538516
            ],
            [
              121.1161016,
              14.2538516
            ],
            [
              121.1160275,
              14.2539618
            ],
            [
              121.1160176,
              14.2540432
            ],
            [
              121.1160769,
              14.2542156
            ],
            [
              121.1161115,
              14.2543881
            ],
            [
              121.1161115,
              14.2544886
            ],
            [
              121.1159978,
              14.2545844
            ],
            [
              121.1160127,
              14.2546946
            ],
            [
              121.1160571,
              14.2547856
            ],
            [
              121.1162103,
              14.2548239
            ],
            [
              121.116408,
              14.2548526
            ],
            [
              121.1165908,
              14.2548431
            ],
            [
              121.1167094,
              14.2547664
            ],
            [
              121.1168972,
              14.2546179
            ],
            [
              121.1171443,
              14.2545078
            ],
            [
              121.1174507,
              14.2542492
            ],
            [
              121.1176237,
              14.2540767
            ],
            [
              121.1177521,
              14.2540193
            ],
            [
              121.1179202,
              14.254139
            ],
            [
              121.1180635,
              14.2543114
            ],
            [
              121.1182359,
              14.2544389
            ],
            [
              121.1186007,
              14.2545741
            ],
            [
              121.1189118,
              14.2548028
            ],
            [
              121.1189654,
              14.2549276
            ],
            [
              121.1188474,
              14.2549796
            ],
            [
              121.1186972,
              14.2550004
            ],
            [
              121.118649,
              14.2551876
            ],
            [
              121.1186919,
              14.2553228
            ],
            [
              121.1185599,
              14.2554855
            ],
            [
              121.1184848,
              14.2556623
            ],
            [
              121.1185223,
              14.2557766
            ],
            [
              121.1187294,
              14.2558115
            ],
            [
              121.1189547,
              14.2558739
            ],
            [
              121.119341,
              14.2559779
            ],
            [
              121.119665,
              14.2560825
            ],
            [
              121.1198238,
              14.2561338
            ],
            [
              121.1199751,
              14.2561433
            ],
            [
              121.1201563,
              14.2561546
            ],
            [
              121.1203602,
              14.2561026
            ],
            [
              121.1205855,
              14.2559467
            ],
            [
              121.1208215,
              14.2555515
            ],
            [
              121.1210147,
              14.2554683
            ],
            [
              121.1211495,
              14.2554583
            ],
            [
              121.1221589,
              14.252849
            ],
            [
              121.1223379,
              14.2529566
            ],
            [
              121.1224361,
              14.2530409
            ],
            [
              121.1225008,
              14.2531642
            ],
            [
              121.1225923,
              14.2532767
            ],
            [
              121.1227016,
              14.2533307
            ],
            [
              121.122744,
              14.2533588
            ],
            [
              121.1227128,
              14.2534388
            ],
            [
              121.1227395,
              14.2534843
            ],
            [
              121.1228065,
              14.2534561
            ],
            [
              121.1228612,
              14.2534364
            ],
            [
              121.1229011,
              14.2534555
            ],
            [
              121.1229359,
              14.2535621
            ],
            [
              121.1229479,
              14.2536721
            ],
            [
              121.1229953,
              14.2536937
            ],
            [
              121.1232519,
              14.2535964
            ],
            [
              121.1233551,
              14.2537046
            ],
            [
              121.1233578,
              14.2538884
            ],
            [
              121.123353,
              14.2539315
            ],
            [
              121.1233431,
              14.2539966
            ],
            [
              121.1233916,
              14.2540201
            ],
            [
              121.1234387,
              14.2539924
            ],
            [
              121.1234559,
              14.2539481
            ],
            [
              121.1235046,
              14.2539269
            ],
            [
              121.1235447,
              14.2539343
            ],
            [
              121.1235902,
              14.2539518
            ],
            [
              121.1236345,
              14.254057
            ],
            [
              121.1237613,
              14.2540909
            ],
            [
              121.1239287,
              14.2541345
            ],
            [
              121.12406,
              14.2542356
            ],
            [
              121.1241889,
              14.2542529
            ],
            [
              121.124285,
              14.2543199
            ],
            [
              121.1243695,
              14.2544503
            ],
            [
              121.1244387,
              14.2545583
            ],
            [
              121.1245232,
              14.254644
            ],
            [
              121.1246462,
              14.254644
            ],
            [
              121.1247577,
              14.2546477
            ],
            [
              121.1248538,
              14.254726
            ],
            [
              121.1249498,
              14.254942
            ],
            [
              121.1250767,
              14.2550277
            ],
            [
              121.125092,
              14.2551469
            ],
            [
              121.1251228,
              14.2552661
            ],
            [
              121.1252458,
              14.2553182
            ],
            [
              121.1252919,
              14.2554635
            ],
            [
              121.1254418,
              14.2555529
            ],
            [
              121.1256724,
              14.2558918
            ],
            [
              121.1258107,
              14.256011
            ],
            [
              121.1260029,
              14.2561153
            ],
            [
              121.1261066,
              14.2562308
            ],
            [
              121.1260913,
              14.2565064
            ],
            [
              121.1260797,
              14.2567225
            ],
            [
              121.1259913,
              14.2568119
            ],
            [
              121.1259779,
              14.256827
            ],
            [
              121.1258991,
              14.2569162
            ],
            [
              121.1258991,
              14.2570167
            ],
            [
              121.1259787,
              14.2570941
            ],
            [
              121.1261275,
              14.2572297
            ],
            [
              121.126318,
              14.257345
            ],
            [
              121.1265025,
              14.2574575
            ],
            [
              121.1267674,
              14.2576249
            ],
            [
              121.1269976,
              14.2577679
            ],
            [
              121.1272,
              14.2578556
            ],
            [
              121.127331,
              14.2578856
            ],
            [
              121.1274072,
              14.2578648
            ],
            [
              121.1274429,
              14.2578187
            ],
            [
              121.1274096,
              14.2577679
            ],
            [
              121.1273715,
              14.2576894
            ],
            [
              121.1273834,
              14.2576502
            ],
            [
              121.1274222,
              14.2576218
            ],
            [
              121.1275838,
              14.2577089
            ],
            [
              121.1277299,
              14.2578031
            ],
            [
              121.1278528,
              14.257838
            ],
            [
              121.1279307,
              14.2578451
            ],
            [
              121.1280377,
              14.25788
            ],
            [
              121.1282809,
              14.2580454
            ],
            [
              121.1282843,
              14.2581221
            ],
            [
              121.1282914,
              14.2581629
            ],
            [
              121.1283496,
              14.258198
            ],
            [
              121.1284366,
              14.2582191
            ],
            [
              121.1286662,
              14.2581737
            ],
            [
              121.1287691,
              14.258146
            ],
            [
              121.1288205,
              14.2581533
            ],
            [
              121.1288643,
              14.2581884
            ],
            [
              121.1288815,
              14.2583361
            ],
            [
              121.128931,
              14.2584857
            ],
            [
              121.1290129,
              14.2585909
            ],
            [
              121.1291177,
              14.2586333
            ],
            [
              121.1293234,
              14.2588697
            ],
            [
              121.1293615,
              14.2589878
            ],
            [
              121.129472,
              14.2591207
            ],
            [
              121.1295443,
              14.2591669
            ],
            [
              121.1296015,
              14.2593238
            ],
            [
              121.1296358,
              14.2593977
            ],
            [
              121.1298967,
              14.2595823
            ],
            [
              121.1302168,
              14.2598038
            ],
            [
              121.1302646,
              14.2599783
            ],
            [
              121.1303157,
              14.260082
            ],
            [
              121.1304459,
              14.2602172
            ],
            [
              121.130475,
              14.2602952
            ],
            [
              121.1304993,
              14.2603247
            ],
            [
              121.1305296,
              14.2603614
            ],
            [
              121.1308504,
              14.2603242
            ],
            [
              121.1309263,
              14.2603775
            ],
            [
              121.1311388,
              14.2606364
            ],
            [
              121.1312384,
              14.2608502
            ],
            [
              121.1314353,
              14.2613168
            ],
            [
              121.1315607,
              14.2614956
            ],
            [
              121.1318387,
              14.2617809
            ],
            [
              121.1319955,
              14.2619063
            ],
            [
              121.1328586,
              14.2626505
            ],
            [
              121.1331781,
              14.262941
            ],
            [
              121.1333184,
              14.2630431
            ],
            [
              121.1334412,
              14.263209
            ],
            [
              121.1334672,
              14.2633207
            ],
            [
              121.1334635,
              14.2634433
            ],
            [
              121.1334524,
              14.2636092
            ],
            [
              121.1335044,
              14.2638147
            ],
            [
              121.1335846,
              14.2639982
            ],
            [
              121.1337946,
              14.2640974
            ],
            [
              121.1341121,
              14.2642017
            ],
            [
              121.1344451,
              14.2642861
            ],
            [
              121.134819,
              14.2642464
            ],
            [
              121.1352646,
              14.2642613
            ],
            [
              121.135711,
              14.2642825
            ],
            [
              121.1358895,
              14.264291
            ],
            [
              121.1361802,
              14.2642758
            ],
            [
              121.1362959,
              14.2642206
            ],
            [
              121.1364201,
              14.2640654
            ],
            [
              121.1364394,
              14.2638879
            ],
            [
              121.1364421,
              14.2637527
            ],
            [
              121.1365046,
              14.2636089
            ],
            [
              121.1365391,
              14.2634817
            ],
            [
              121.1365509,
              14.2632669
            ],
            [
              121.1366191,
              14.2631977
            ],
            [
              121.1368743,
              14.2632232
            ],
            [
              121.137146,
              14.2633127
            ],
            [
              121.1372843,
              14.2632588
            ],
            [
              121.1374629,
              14.2632411
            ],
            [
              121.1375889,
              14.2632511
            ],
            [
              121.1377229,
              14.262661
            ],
            [
              121.137845,
              14.262246
            ],
            [
              121.1382569,
              14.2623384
            ],
            [
              121.1393907,
              14.2624041
            ],
            [
              121.1394338,
              14.2624638
            ],
            [
              121.1401733,
              14.2624638
            ],
            [
              121.1406155,
              14.2625804
            ],
            [
              121.1411331,
              14.262805
            ],
            [
              121.1416536,
              14.26303
            ],
            [
              121.1416471,
              14.263082
            ],
            [
              121.141675,
              14.2632214
            ],
            [
              121.1417608,
              14.2632318
            ],
            [
              121.1419647,
              14.2631403
            ],
            [
              121.1420827,
              14.2630592
            ],
            [
              121.14216,
              14.2630529
            ],
            [
              121.1422973,
              14.2631819
            ],
            [
              121.1423917,
              14.2632838
            ],
            [
              121.1425355,
              14.2634002
            ],
            [
              121.1426127,
              14.2633961
            ],
            [
              121.1426063,
              14.263448
            ],
            [
              121.1426124,
              14.2634865
            ],
            [
              121.1426191,
              14.2639991
            ],
            [
              121.142587,
              14.2645087
            ],
            [
              121.14259,
              14.2646644
            ],
            [
              121.1426622,
              14.2646781
            ],
            [
              121.1426595,
              14.2648536
            ],
            [
              121.1427037,
              14.2648744
            ],
            [
              121.1427936,
              14.2649017
            ],
            [
              121.1431919,
              14.2650083
            ],
            [
              121.1432549,
              14.2650408
            ],
            [
              121.143668,
              14.2652981
            ],
            [
              121.1439657,
              14.2653774
            ],
            [
              121.144018,
              14.2654307
            ],
            [
              121.1442313,
              14.2656724
            ],
            [
              121.1443332,
              14.2657452
            ],
            [
              121.1447415,
              14.2659519
            ],
            [
              121.1445518,
              14.2665557
            ],
            [
              121.1448938,
              14.2665927
            ],
            [
              121.145001,
              14.2667642
            ],
            [
              121.1451942,
              14.2668786
            ],
            [
              121.1454838,
              14.2668942
            ],
            [
              121.1456716,
              14.2669046
            ],
            [
              121.145736,
              14.2670918
            ],
            [
              121.1460096,
              14.2671698
            ],
            [
              121.1462155,
              14.2671321
            ],
            [
              121.1470593,
              14.26739
            ],
            [
              121.1477275,
              14.2654637
            ],
            [
              121.1487751,
              14.2658369
            ],
            [
              121.149137,
              14.2649082
            ],
            [
              121.1494514,
              14.2637809
            ],
            [
              121.1447872,
              14.2622968
            ],
            [
              121.1447638,
              14.2622754
            ],
            [
              121.1452404,
              14.2608056
            ],
            [
              121.1458782,
              14.2586432
            ],
            [
              121.1460438,
              14.2581748
            ],
            [
              121.1462058,
              14.257696
            ],
            [
              121.1470076,
              14.2551374
            ],
            [
              121.1471809,
              14.2546088
            ],
            [
              121.1460199,
              14.2541258
            ],
            [
              121.1449383,
              14.2538129
            ],
            [
              121.1448421,
              14.2539282
            ],
            [
              121.1437152,
              14.2538074
            ],
            [
              121.141846,
              14.2534802
            ],
            [
              121.1415142,
              14.2534285
            ],
            [
              121.1399534,
              14.2531529
            ],
            [
              121.1396431,
              14.2543517
            ],
            [
              121.138856,
              14.2540496
            ],
            [
              121.1387245,
              14.2539131
            ],
            [
              121.1386128,
              14.2538711
            ],
            [
              121.1386189,
              14.2535582
            ],
            [
              121.1387727,
              14.2535969
            ],
            [
              121.1389463,
              14.2527404
            ],
            [
              121.1386705,
              14.2525471
            ],
            [
              121.1385879,
              14.2524773
            ],
            [
              121.1379445,
              14.2519907
            ],
            [
              121.1376611,
              14.251698
            ],
            [
              121.137307,
              14.2525641
            ],
            [
              121.1362962,
              14.2523597
            ],
            [
              121.1359862,
              14.2531735
            ],
            [
              121.1342996,
              14.2527554
            ],
            [
              121.1346003,
              14.2519317
            ],
            [
              121.1345661,
              14.2518573
            ],
            [
              121.1338795,
              14.2516649
            ],
            [
              121.1339117,
              14.2514673
            ],
            [
              121.1330694,
              14.2512982
            ],
            [
              121.1322095,
              14.2510365
            ],
            [
              121.1326148,
              14.2499277
            ],
            [
              121.1317276,
              14.2496632
            ],
            [
              121.1307472,
              14.2494499
            ],
            [
              121.1298259,
              14.2492583
            ],
            [
              121.128519,
              14.2489245
            ],
            [
              121.1283955,
              14.2493734
            ],
            [
              121.1272852,
              14.249132
            ],
            [
              121.1237013,
              14.2483529
            ],
            [
              121.1235153,
              14.2491015
            ],
            [
              121.1218711,
              14.2486655
            ],
            [
              121.1218793,
              14.2485713
            ],
            [
              121.1220549,
              14.247418
            ],
            [
              121.1218266,
              14.2469328
            ],
            [
              121.1218002,
              14.2467626
            ],
            [
              121.1218697,
              14.2464902
            ],
            [
              121.1218968,
              14.2463838
            ],
            [
              121.1218705,
              14.2460434
            ],
            [
              121.1218427,
              14.2458232
            ],
            [
              121.1216553,
              14.2455174
            ],
            [
              121.1215514,
              14.2453554
            ],
            [
              121.1215148,
              14.2454604
            ],
            [
              121.1204084,
              14.2452859
            ],
            [
              121.1202785,
              14.2457131
            ],
            [
              121.1200827,
              14.2464712
            ],
            [
              121.1175668,
              14.2458836
            ],
            [
              121.1177747,
              14.2449944
            ],
            [
              121.1168078,
              14.2447627
            ],
            [
              121.1165468,
              14.2446899
            ],
            [
              121.1168942,
              14.2437442
            ],
            [
              121.1148663,
              14.2432308
            ],
            [
              121.11495,
              14.242987
            ],
            [
              121.1140484,
              14.2427677
            ],
            [
              121.1139063,
              14.2432082
            ],
            [
              121.1138952,
              14.2432447
            ],
            [
              121.1137512,
              14.2437203
            ],
            [
              121.1132283,
              14.2454656
            ],
            [
              121.1126404,
              14.2453168
            ],
            [
              121.112022,
              14.2450237
            ],
            [
              121.1107649,
              14.2443987
            ],
            [
              121.1101395,
              14.2440435
            ],
            [
              121.1094461,
              14.245196
            ]
          ]
        ]
      }
    },
    {
      "type": "Feature",
      "properties": {
        "element": "relation",
        "id": 9145809,
        "name": "Banlic"
      },
      "geometry": {
        "type": "Polygon",
        "coordinates": [
          [
            [
              121.1462538,
              14.2277585
            ],
            [
              121.1462681,
              14.2277935
            ],
            [
              121.1462839,
              14.2278349
            ],
            [
              121.1463147,
              14.2279158
            ],
            [
              121.1463328,
              14.2279657
            ],
            [
              121.1463442,
              14.227998
            ],
            [
              121.1463586,
              14.2280451
            ],
            [
              121.146373,
              14.2280935
            ],
            [
              121.1463884,
              14.228154
            ],
            [
              121.1464193,
              14.2283048
            ],
            [
              121.1464663,
              14.2285401
            ],
            [
              121.1465025,
              14.2287585
            ],
            [
              121.1465226,
              14.2289828
            ],
            [
              121.146532,
              14.2292096
            ],
            [
              121.1465313,
              14.2293617
            ],
            [
              121.1465199,
              14.2295112
            ],
            [
              121.1465159,
              14.2295739
            ],
            [
              121.1465079,
              14.2296366
            ],
            [
              121.1464891,
              14.2297647
            ],
            [
              121.146482,
              14.2298192
            ],
            [
              121.1464696,
              14.2298842
            ],
            [
              121.1464394,
              14.2300168
            ],
            [
              121.1462756,
              14.2305302
            ],
            [
              121.1462638,
              14.2305662
            ],
            [
              121.1463051,
              14.2305802
            ],
            [
              121.1463877,
              14.2306206
            ],
            [
              121.1465038,
              14.2306772
            ],
            [
              121.1464783,
              14.2307442
            ],
            [
              121.1465075,
              14.230763
            ],
            [
              121.1473645,
              14.2313437
            ],
            [
              121.1481643,
              14.2316181
            ],
            [
              121.1483855,
              14.231694
            ],
            [
              121.1498555,
              14.2321907
            ],
            [
              121.1499438,
              14.2319792
            ],
            [
              121.1513493,
              14.2324713
            ],
            [
              121.1519812,
              14.2326925
            ],
            [
              121.1526638,
              14.2325365
            ],
            [
              121.1529458,
              14.2324372
            ],
            [
              121.15365,
              14.2321894
            ],
            [
              121.1540824,
              14.232469
            ],
            [
              121.1538997,
              14.2326793
            ],
            [
              121.154127,
              14.2329047
            ],
            [
              121.1544749,
              14.2332496
            ],
            [
              121.1545497,
              14.2333069
            ],
            [
              121.1548987,
              14.2335745
            ],
            [
              121.155116,
              14.2337305
            ],
            [
              121.1552244,
              14.2331625
            ],
            [
              121.1558724,
              14.2332106
            ],
            [
              121.1562103,
              14.233143
            ],
            [
              121.1565429,
              14.2331638
            ],
            [
              121.1567924,
              14.2332392
            ],
            [
              121.1568605,
              14.2332995
            ],
            [
              121.1569226,
              14.2333544
            ],
            [
              121.1572552,
              14.2335104
            ],
            [
              121.1579182,
              14.2338182
            ],
            [
              121.1583514,
              14.2340724
            ],
            [
              121.1583962,
              14.2340835
            ],
            [
              121.1593363,
              14.2343161
            ],
            [
              121.1598382,
              14.2344997
            ],
            [
              121.1597438,
              14.2348062
            ],
            [
              121.1600405,
              14.2349104
            ],
            [
              121.1601578,
              14.2351298
            ],
            [
              121.1607571,
              14.2352232
            ],
            [
              121.160841,
              14.2348373
            ],
            [
              121.1610639,
              14.2348895
            ],
            [
              121.1612261,
              14.2349274
            ],
            [
              121.161381,
              14.2342732
            ],
            [
              121.1614805,
              14.2343443
            ],
            [
              121.1617529,
              14.234395
            ],
            [
              121.1621825,
              14.2344814
            ],
            [
              121.1625178,
              14.2344255
            ],
            [
              121.162681,
              14.2343915
            ],
            [
              121.1630372,
              14.2344668
            ],
            [
              121.1636766,
              14.234604
            ],
            [
              121.1641516,
              14.2348165
            ],
            [
              121.1644895,
              14.2349051
            ],
            [
              121.1653207,
              14.2351353
            ],
            [
              121.1657215,
              14.2352136
            ],
            [
              121.1658479,
              14.235229
            ],
            [
              121.1661931,
              14.2353212
            ],
            [
              121.1663712,
              14.2353389
            ],
            [
              121.1667183,
              14.2352902
            ],
            [
              121.1671476,
              14.2352149
            ],
            [
              121.1675769,
              14.2352061
            ],
            [
              121.1680281,
              14.2352631
            ],
            [
              121.1681056,
              14.2348767
            ],
            [
              121.1686206,
              14.2349339
            ],
            [
              121.1693394,
              14.2315228
            ],
            [
              121.171158,
              14.231892
            ],
            [
              121.1712843,
              14.231404
            ],
            [
              121.1712845,
              14.2314032
            ],
            [
              121.1714855,
              14.2307097
            ],
            [
              121.1712567,
              14.2304884
            ],
            [
              121.1707417,
              14.2302757
            ],
            [
              121.1702719,
              14.2299412
            ],
            [
              121.1702394,
              14.230133
            ],
            [
              121.1699633,
              14.2300557
            ],
            [
              121.1700049,
              14.2297531
            ],
            [
              121.1693826,
              14.2296127
            ],
            [
              121.169565,
              14.2288951
            ],
            [
              121.1701014,
              14.2289991
            ],
            [
              121.1702983,
              14.2285687
            ],
            [
              121.1704059,
              14.2285857
            ],
            [
              121.1706097,
              14.2278955
            ],
            [
              121.1705064,
              14.2278734
            ],
            [
              121.1706701,
              14.2271896
            ],
            [
              121.1707839,
              14.2269284
            ],
            [
              121.1699925,
              14.2270124
            ],
            [
              121.1694578,
              14.2270105
            ],
            [
              121.1689421,
              14.2268744
            ],
            [
              121.1686607,
              14.2267891
            ],
            [
              121.1683854,
              14.2266462
            ],
            [
              121.1680254,
              14.2263098
            ],
            [
              121.1675521,
              14.2259345
            ],
            [
              121.1670692,
              14.2256951
            ],
            [
              121.1661485,
              14.2253811
            ],
            [
              121.1654224,
              14.2250543
            ],
            [
              121.1653311,
              14.2249724
            ],
            [
              121.1649017,
              14.2245672
            ],
            [
              121.1647725,
              14.2242615
            ],
            [
              121.1643901,
              14.2237795
            ],
            [
              121.1639634,
              14.2234947
            ],
            [
              121.1637463,
              14.2235204
            ],
            [
              121.1633821,
              14.2235289
            ],
            [
              121.1629547,
              14.2236214
            ],
            [
              121.1624485,
              14.2237496
            ],
            [
              121.1621055,
              14.2237072
            ],
            [
              121.1618241,
              14.223565
            ],
            [
              121.1615996,
              14.2231893
            ],
            [
              121.1612247,
              14.222494
            ],
            [
              121.1608678,
              14.2217941
            ],
            [
              121.1605154,
              14.2213912
            ],
            [
              121.1602277,
              14.2212394
            ],
            [
              121.1598193,
              14.2212553
            ],
            [
              121.159677,
              14.2214377
            ],
            [
              121.1594602,
              14.2216231
            ],
            [
              121.1592853,
              14.2218424
            ],
            [
              121.1587018,
              14.2221457
            ],
            [
              121.1584866,
              14.2222481
            ],
            [
              121.1581301,
              14.2223136
            ],
            [
              121.1578408,
              14.2222671
            ],
            [
              121.1577291,
              14.2221619
            ],
            [
              121.1576492,
              14.2219898
            ],
            [
              121.157631,
              14.2217433
            ],
            [
              121.1575576,
              14.2212738
            ],
            [
              121.157432,
              14.220868
            ],
            [
              121.1573259,
              14.2203325
            ],
            [
              121.1570723,
              14.2198805
            ],
            [
              121.1566436,
              14.2192715
            ],
            [
              121.1561879,
              14.2188956
            ],
            [
              121.1557043,
              14.2186791
            ],
            [
              121.1551759,
              14.2186423
            ],
            [
              121.1547891,
              14.2185777
            ],
            [
              121.154516,
              14.2185986
            ],
            [
              121.154044,
              14.2186895
            ],
            [
              121.1535506,
              14.2188317
            ],
            [
              121.1528209,
              14.2194327
            ],
            [
              121.152587,
              14.2197062
            ],
            [
              121.1521324,
              14.219962
            ],
            [
              121.1513684,
              14.2201095
            ],
            [
              121.1510387,
              14.2201392
            ],
            [
              121.1508702,
              14.2203363
            ],
            [
              121.1506421,
              14.2207387
            ],
            [
              121.1506282,
              14.2207669
            ],
            [
              121.1501272,
              14.2216925
            ],
            [
              121.1501183,
              14.2217089
            ],
            [
              121.1496384,
              14.2226774
            ],
            [
              121.1493211,
              14.2233715
            ],
            [
              121.1489383,
              14.2243009
            ],
            [
              121.1488941,
              14.2244007
            ],
            [
              121.1484187,
              14.2255773
            ],
            [
              121.1479548,
              14.2267196
            ],
            [
              121.1477877,
              14.2271308
            ],
            [
              121.1475282,
              14.2277697
            ],
            [
              121.147292,
              14.2277404
            ],
            [
              121.1471016,
              14.2277277
            ],
            [
              121.1468522,
              14.2277177
            ],
            [
              121.146534,
              14.2277001
            ],
            [
              121.1462724,
              14.2276858
            ],
            [
              121.1462231,
              14.2276776
            ],
            [
              121.1462538,
              14.2277585
            ]
          ]
        ]
      }
    },
    {
      "type": "Feature",
      "properties": {
        "element": "relation",
        "id": 18461907,
        "name": "Bigaa"
      },
      "geometry": {
        "type": "Polygon",
        "coordinates": [
          [
            [
              121.1248135,
              14.2835671
            ],
            [
              121.1248486,
              14.2836639
            ],
            [
              121.124879,
              14.2838723
            ],
            [
              121.124942,
              14.2842129
            ],
            [
              121.1250587,
              14.284543
            ],
            [
              121.1252236,
              14.2847522
            ],
            [
              121.125284,
              14.284929
            ],
            [
              121.1252612,
              14.2850758
            ],
            [
              121.1252076,
              14.2853436
            ],
            [
              121.1252827,
              14.2854657
            ],
            [
              121.1254771,
              14.2854943
            ],
            [
              121.1257171,
              14.2855775
            ],
            [
              121.1258137,
              14.285749
            ],
            [
              121.1258298,
              14.2858114
            ],
            [
              121.1258083,
              14.2858946
            ],
            [
              121.1257279,
              14.2859518
            ],
            [
              121.1257279,
              14.2859882
            ],
            [
              121.1257762,
              14.2860454
            ],
            [
              121.1259156,
              14.2861597
            ],
            [
              121.1260712,
              14.2861805
            ],
            [
              121.1261678,
              14.2862481
            ],
            [
              121.1261892,
              14.2863417
            ],
            [
              121.1261517,
              14.2864508
            ],
            [
              121.126039,
              14.28656
            ],
            [
              121.12598,
              14.2866796
            ],
            [
              121.126039,
              14.2867628
            ],
            [
              121.1261463,
              14.2868407
            ],
            [
              121.1262697,
              14.2868303
            ],
            [
              121.1264789,
              14.2867939
            ],
            [
              121.1266076,
              14.2868147
            ],
            [
              121.1266988,
              14.2868459
            ],
            [
              121.1266988,
              14.2868875
            ],
            [
              121.1266345,
              14.2870279
            ],
            [
              121.1265433,
              14.2871007
            ],
            [
              121.1264574,
              14.2871474
            ],
            [
              121.1264789,
              14.287267
            ],
            [
              121.126554,
              14.2873606
            ],
            [
              121.1266881,
              14.2873502
            ],
            [
              121.1268276,
              14.2873606
            ],
            [
              121.1269349,
              14.2874646
            ],
            [
              121.1270904,
              14.2876049
            ],
            [
              121.1271763,
              14.2876309
            ],
            [
              121.1272406,
              14.2875529
            ],
            [
              121.1271977,
              14.2874386
            ],
            [
              121.1272031,
              14.2873502
            ],
            [
              121.127308,
              14.2873299
            ],
            [
              121.1274273,
              14.2874336
            ],
            [
              121.127492,
              14.2875379
            ],
            [
              121.127423,
              14.2876517
            ],
            [
              121.1273525,
              14.2877507
            ],
            [
              121.1273817,
              14.2877973
            ],
            [
              121.1274391,
              14.2878232
            ],
            [
              121.127525,
              14.2878232
            ],
            [
              121.1276376,
              14.2877141
            ],
            [
              121.1277073,
              14.2875789
            ],
            [
              121.1277985,
              14.2875789
            ],
            [
              121.1278575,
              14.2876465
            ],
            [
              121.1279327,
              14.2877661
            ],
            [
              121.1280721,
              14.287896
            ],
            [
              121.1281687,
              14.2880416
            ],
            [
              121.1281526,
              14.2881456
            ],
            [
              121.1280775,
              14.2882287
            ],
            [
              121.1279434,
              14.2882651
            ],
            [
              121.1278307,
              14.2882287
            ],
            [
              121.1277288,
              14.2881871
            ],
            [
              121.127584,
              14.2882339
            ],
            [
              121.1275303,
              14.2883119
            ],
            [
              121.1275303,
              14.2884315
            ],
            [
              121.1276054,
              14.2884991
            ],
            [
              121.1277181,
              14.2885302
            ],
            [
              121.1278361,
              14.2884315
            ],
            [
              121.127938,
              14.2883847
            ],
            [
              121.1280399,
              14.2884263
            ],
            [
              121.1280775,
              14.288525
            ],
            [
              121.1280775,
              14.2886914
            ],
            [
              121.1280775,
              14.2887798
            ],
            [
              121.1279756,
              14.2889045
            ],
            [
              121.1278361,
              14.2888941
            ],
            [
              121.1276805,
              14.2887954
            ],
            [
              121.127541,
              14.2887538
            ],
            [
              121.1274284,
              14.288811
            ],
            [
              121.1273646,
              14.2888687
            ],
            [
              121.1273694,
              14.2889305
            ],
            [
              121.1274552,
              14.2890605
            ],
            [
              121.1274069,
              14.2891541
            ],
            [
              121.1273318,
              14.2891852
            ],
            [
              121.1271119,
              14.2891852
            ],
            [
              121.1270422,
              14.2892112
            ],
            [
              121.1270368,
              14.289362
            ],
            [
              121.1271065,
              14.2895024
            ],
            [
              121.1271977,
              14.2895491
            ],
            [
              121.1273157,
              14.2895907
            ],
            [
              121.1273801,
              14.2896271
            ],
            [
              121.1273908,
              14.2896999
            ],
            [
              121.1273533,
              14.2897675
            ],
            [
              121.1272728,
              14.2898299
            ],
            [
              121.1271494,
              14.2899598
            ],
            [
              121.1271441,
              14.2900482
            ],
            [
              121.1270529,
              14.2902925
            ],
            [
              121.1269459,
              14.2904938
            ],
            [
              121.1269185,
              14.2905543
            ],
            [
              121.1269094,
              14.290646
            ],
            [
              121.1270261,
              14.2907773
            ],
            [
              121.1271334,
              14.290776
            ],
            [
              121.1272782,
              14.2907604
            ],
            [
              121.1274432,
              14.2908176
            ],
            [
              121.1275075,
              14.2908864
            ],
            [
              121.1277999,
              14.2913102
            ],
            [
              121.1278455,
              14.2914219
            ],
            [
              121.1278602,
              14.2914999
            ],
            [
              121.1278025,
              14.2917572
            ],
            [
              121.1278026,
              14.2917767
            ],
            [
              121.1278361,
              14.2919183
            ],
            [
              121.1279344,
              14.2920699
            ],
            [
              121.1280399,
              14.2922107
            ],
            [
              121.128445,
              14.2926188
            ],
            [
              121.1285201,
              14.2927176
            ],
            [
              121.1285307,
              14.2928371
            ],
            [
              121.1281875,
              14.2931569
            ],
            [
              121.1280442,
              14.2933024
            ],
            [
              121.1279031,
              14.2934843
            ],
            [
              121.1278736,
              14.2935675
            ],
            [
              121.1279434,
              14.2936819
            ],
            [
              121.1280507,
              14.2937702
            ],
            [
              121.1281687,
              14.293895
            ],
            [
              121.1283377,
              14.2939938
            ],
            [
              121.1283457,
              14.2941861
            ],
            [
              121.1282599,
              14.2942303
            ],
            [
              121.1280346,
              14.2941653
            ],
            [
              121.1279648,
              14.2941887
            ],
            [
              121.1279058,
              14.2942901
            ],
            [
              121.1278281,
              14.294446
            ],
            [
              121.1278308,
              14.2946371
            ],
            [
              121.1278146,
              14.2948905
            ],
            [
              121.1277235,
              14.2953428
            ],
            [
              121.1277771,
              14.295526
            ],
            [
              121.1278241,
              14.2956778
            ],
            [
              121.1279434,
              14.2957924
            ],
            [
              121.1280507,
              14.2959119
            ],
            [
              121.1280647,
              14.2959637
            ],
            [
              121.1281261,
              14.2960898
            ],
            [
              121.1281392,
              14.296129
            ],
            [
              121.1281557,
              14.2963912
            ],
            [
              121.1289518,
              14.2967902
            ],
            [
              121.1294614,
              14.2971542
            ],
            [
              121.1297083,
              14.2974505
            ],
            [
              121.1301872,
              14.298169
            ],
            [
              121.1306003,
              14.2982418
            ],
            [
              121.1306036,
              14.2981696
            ],
            [
              121.1306056,
              14.2981249
            ],
            [
              121.1305842,
              14.2979793
            ],
            [
              121.1305171,
              14.2977896
            ],
            [
              121.1304447,
              14.2976024
            ],
            [
              121.1304045,
              14.2974959
            ],
            [
              121.130383,
              14.2974075
            ],
            [
              121.1303562,
              14.2972678
            ],
            [
              121.1303274,
              14.2971794
            ],
            [
              121.1302985,
              14.2971086
            ],
            [
              121.1302409,
              14.2970046
            ],
            [
              121.1302006,
              14.2969448
            ],
            [
              121.1301926,
              14.2969231
            ],
            [
              121.1301926,
              14.2968981
            ],
            [
              121.1302006,
              14.296874
            ],
            [
              121.1302167,
              14.2968409
            ],
            [
              121.1303562,
              14.2965836
            ],
            [
              121.1305171,
              14.2963652
            ],
            [
              121.1307585,
              14.2960793
            ],
            [
              121.1309329,
              14.2959442
            ],
            [
              121.1310831,
              14.295874
            ],
            [
              121.1312655,
              14.2958168
            ],
            [
              121.1316149,
              14.2957476
            ],
            [
              121.1317483,
              14.2956869
            ],
            [
              121.1318073,
              14.2956219
            ],
            [
              121.1318234,
              14.2955673
            ],
            [
              121.1318126,
              14.2954919
            ],
            [
              121.1317348,
              14.2953074
            ],
            [
              121.1317027,
              14.295167
            ],
            [
              121.1317161,
              14.2950865
            ],
            [
              121.131767,
              14.2949877
            ],
            [
              121.1318555,
              14.2948525
            ],
            [
              121.1323866,
              14.2941144
            ],
            [
              121.132502,
              14.2939922
            ],
            [
              121.1325771,
              14.2939324
            ],
            [
              121.1327058,
              14.2938804
            ],
            [
              121.1329365,
              14.2938363
            ],
            [
              121.1330759,
              14.2938571
            ],
            [
              121.1330107,
              14.2936142
            ],
            [
              121.1329007,
              14.2934422
            ],
            [
              121.1326093,
              14.2931417
            ],
            [
              121.1320414,
              14.2927362
            ],
            [
              121.1318546,
              14.2926132
            ],
            [
              121.1316678,
              14.292548
            ],
            [
              121.1316267,
              14.2924539
            ],
            [
              121.1314214,
              14.2923588
            ],
            [
              121.1312834,
              14.2923246
            ],
            [
              121.1311794,
              14.2922761
            ],
            [
              121.1310659,
              14.2920293
            ],
            [
              121.1310626,
              14.2918384
            ],
            [
              121.131037,
              14.2916689
            ],
            [
              121.1310051,
              14.2915336
            ],
            [
              121.1310803,
              14.2913901
            ],
            [
              121.1312309,
              14.291296
            ],
            [
              121.1313125,
              14.29117
            ],
            [
              121.1313741,
              14.2910031
            ],
            [
              121.1313684,
              14.2908276
            ],
            [
              121.1318869,
              14.2909108
            ],
            [
              121.1322841,
              14.2891488
            ],
            [
              121.1323564,
              14.28889
            ],
            [
              121.1325243,
              14.288554
            ],
            [
              121.132846,
              14.2875804
            ],
            [
              121.1341678,
              14.286025
            ],
            [
              121.1352172,
              14.2844597
            ],
            [
              121.1342288,
              14.2839504
            ],
            [
              121.1346813,
              14.2832629
            ],
            [
              121.135042,
              14.2834595
            ],
            [
              121.1354273,
              14.2837315
            ],
            [
              121.1357553,
              14.2832676
            ],
            [
              121.1376863,
              14.2842608
            ],
            [
              121.1379517,
              14.2836826
            ],
            [
              121.1365246,
              14.2829507
            ],
            [
              121.1350501,
              14.2822057
            ],
            [
              121.1339787,
              14.2817198
            ],
            [
              121.1341481,
              14.2812756
            ],
            [
              121.1343778,
              14.2806829
            ],
            [
              121.1343152,
              14.2804897
            ],
            [
              121.1341574,
              14.2803338
            ],
            [
              121.1342223,
              14.2801389
            ],
            [
              121.1341512,
              14.2799185
            ],
            [
              121.1342022,
              14.279785
            ],
            [
              121.1341461,
              14.2795603
            ],
            [
              121.1340648,
              14.2795255
            ],
            [
              121.1338612,
              14.2794991
            ],
            [
              121.1338324,
              14.2795106
            ],
            [
              121.1333312,
              14.2794527
            ],
            [
              121.1333041,
              14.2792942
            ],
            [
              121.1333302,
              14.2791809
            ],
            [
              121.1334107,
              14.2790119
            ],
            [
              121.1335632,
              14.278751
            ],
            [
              121.1336576,
              14.2785763
            ],
            [
              121.1337958,
              14.2781745
            ],
            [
              121.1337897,
              14.2781413
            ],
            [
              121.1334214,
              14.2779912
            ],
            [
              121.1333684,
              14.2779567
            ],
            [
              121.1334053,
              14.2778716
            ],
            [
              121.1329868,
              14.2775226
            ],
            [
              121.1324613,
              14.2771765
            ],
            [
              121.1325454,
              14.2766459
            ],
            [
              121.132551,
              14.2766093
            ],
            [
              121.1322416,
              14.2765497
            ],
            [
              121.1322141,
              14.2765441
            ],
            [
              121.1321522,
              14.2765331
            ],
            [
              121.1314992,
              14.2764104
            ],
            [
              121.1303869,
              14.2761954
            ],
            [
              121.1302495,
              14.2761673
            ],
            [
              121.1289947,
              14.2759229
            ],
            [
              121.1286399,
              14.275845
            ],
            [
              121.1281966,
              14.2757585
            ],
            [
              121.1279906,
              14.2757191
            ],
            [
              121.1268604,
              14.2785338
            ],
            [
              121.126391,
              14.2796514
            ],
            [
              121.1262966,
              14.2799323
            ],
            [
              121.125678,
              14.2814382
            ],
            [
              121.1252914,
              14.2823914
            ],
            [
              121.1248277,
              14.2835324
            ],
            [
              121.1248135,
              14.2835671
            ]
          ]
        ]
      }
    },
    {
      "type": "Feature",
      "properties": {
        "element": "relation",
        "id": 18461906,
        "name": "Butong"
      },
      "geometry": {
        "type": "Polygon",
        "coordinates": [
          [
            [
              121.1313741,
              14.2910031
            ],
            [
              121.1313125,
              14.29117
            ],
            [
              121.1312309,
              14.291296
            ],
            [
              121.1310803,
              14.2913901
            ],
            [
              121.1310051,
              14.2915336
            ],
            [
              121.131037,
              14.2916689
            ],
            [
              121.1310626,
              14.2918384
            ],
            [
              121.1310659,
              14.2920293
            ],
            [
              121.1311794,
              14.2922761
            ],
            [
              121.1312834,
              14.2923246
            ],
            [
              121.1314214,
              14.2923588
            ],
            [
              121.1316267,
              14.2924539
            ],
            [
              121.1316678,
              14.292548
            ],
            [
              121.1318546,
              14.2926132
            ],
            [
              121.1320414,
              14.2927362
            ],
            [
              121.1326093,
              14.2931417
            ],
            [
              121.1329007,
              14.2934422
            ],
            [
              121.1330107,
              14.2936142
            ],
            [
              121.1330759,
              14.2938571
            ],
            [
              121.133194,
              14.293922
            ],
            [
              121.1332798,
              14.2939948
            ],
            [
              121.1333898,
              14.2941196
            ],
            [
              121.1334716,
              14.2943015
            ],
            [
              121.1335453,
              14.294486
            ],
            [
              121.1335775,
              14.2946186
            ],
            [
              121.1335896,
              14.294759
            ],
            [
              121.1335869,
              14.2949734
            ],
            [
              121.1335883,
              14.2950735
            ],
            [
              121.1336064,
              14.2951092
            ],
            [
              121.1336312,
              14.2951254
            ],
            [
              121.1336687,
              14.2951235
            ],
            [
              121.133709,
              14.2950891
            ],
            [
              121.1338323,
              14.2949474
            ],
            [
              121.1339101,
              14.2948889
            ],
            [
              121.1339785,
              14.2948642
            ],
            [
              121.1341381,
              14.2948369
            ],
            [
              121.1341971,
              14.2948213
            ],
            [
              121.1342427,
              14.2947876
            ],
            [
              121.1342601,
              14.2947473
            ],
            [
              121.1342615,
              14.2947031
            ],
            [
              121.1342347,
              14.2946667
            ],
            [
              121.1342105,
              14.2946147
            ],
            [
              121.1342119,
              14.2945627
            ],
            [
              121.1342306,
              14.2945289
            ],
            [
              121.1342776,
              14.2944925
            ],
            [
              121.1343862,
              14.2944549
            ],
            [
              121.1345163,
              14.2944315
            ],
            [
              121.1345485,
              14.2944367
            ],
            [
              121.1345834,
              14.2944562
            ],
            [
              121.1346062,
              14.2944834
            ],
            [
              121.1346598,
              14.2945224
            ],
            [
              121.1347054,
              14.294538
            ],
            [
              121.1348087,
              14.2945419
            ],
            [
              121.1349173,
              14.2945367
            ],
            [
              121.1349924,
              14.2945289
            ],
            [
              121.1350326,
              14.2945159
            ],
            [
              121.1350662,
              14.2944912
            ],
            [
              121.1350876,
              14.2944367
            ],
            [
              121.135093,
              14.2943613
            ],
            [
              121.1350822,
              14.2942547
            ],
            [
              121.1351064,
              14.2942079
            ],
            [
              121.1351547,
              14.2941793
            ],
            [
              121.1352378,
              14.2941767
            ],
            [
              121.1353397,
              14.2941767
            ],
            [
              121.1355717,
              14.2941871
            ],
            [
              121.1356401,
              14.2941664
            ],
            [
              121.1356723,
              14.2941326
            ],
            [
              121.1356965,
              14.2940494
            ],
            [
              121.1357099,
              14.2938077
            ],
            [
              121.1357179,
              14.2936387
            ],
            [
              121.1357461,
              14.2934399
            ],
            [
              121.135793,
              14.2933112
            ],
            [
              121.135852,
              14.2932177
            ],
            [
              121.1359969,
              14.2930591
            ],
            [
              121.1360559,
              14.2930227
            ],
            [
              121.1361176,
              14.2930019
            ],
            [
              121.1362275,
              14.293011
            ],
            [
              121.1362731,
              14.293024
            ],
            [
              121.136308,
              14.2930461
            ],
            [
              121.136359,
              14.2930903
            ],
            [
              121.1363835,
              14.2931023
            ],
            [
              121.1364076,
              14.2931023
            ],
            [
              121.1364254,
              14.2930939
            ],
            [
              121.1364314,
              14.2930822
            ],
            [
              121.1364351,
              14.2930572
            ],
            [
              121.136426,
              14.2929525
            ],
            [
              121.1364421,
              14.2928902
            ],
            [
              121.1364797,
              14.2928434
            ],
            [
              121.136544,
              14.2928044
            ],
            [
              121.1366808,
              14.2927498
            ],
            [
              121.1368176,
              14.2926978
            ],
            [
              121.1368605,
              14.2926666
            ],
            [
              121.1368981,
              14.2925913
            ],
            [
              121.1369356,
              14.2925393
            ],
            [
              121.1369893,
              14.2924977
            ],
            [
              121.1370644,
              14.2924691
            ],
            [
              121.1371314,
              14.2924067
            ],
            [
              121.1371878,
              14.2923209
            ],
            [
              121.1373487,
              14.2920272
            ],
            [
              121.1374077,
              14.2919181
            ],
            [
              121.1374989,
              14.2917777
            ],
            [
              121.1376303,
              14.2916269
            ],
            [
              121.1379012,
              14.2913046
            ],
            [
              121.1384927,
              14.2907965
            ],
            [
              121.1385691,
              14.2907536
            ],
            [
              121.1386348,
              14.2907484
            ],
            [
              121.1387166,
              14.2907666
            ],
            [
              121.13885,
              14.2908102
            ],
            [
              121.138893,
              14.2908329
            ],
            [
              121.138906,
              14.290827
            ],
            [
              121.1389285,
              14.2908017
            ],
            [
              121.1389875,
              14.2907406
            ],
            [
              121.1393389,
              14.2902442
            ],
            [
              121.1393993,
              14.2901987
            ],
            [
              121.1394918,
              14.2901922
            ],
            [
              121.1396977,
              14.2902565
            ],
            [
              121.1397453,
              14.2902526
            ],
            [
              121.1397707,
              14.2902325
            ],
            [
              121.1397728,
              14.2902078
            ],
            [
              121.13976,
              14.2901662
            ],
            [
              121.1396661,
              14.2900362
            ],
            [
              121.1396447,
              14.2899765
            ],
            [
              121.1396635,
              14.2898907
            ],
            [
              121.1398014,
              14.2895892
            ],
            [
              121.13998,
              14.2892253
            ],
            [
              121.1402133,
              14.2887002
            ],
            [
              121.1402804,
              14.2886041
            ],
            [
              121.1403357,
              14.2885646
            ],
            [
              121.1404869,
              14.2885339
            ],
            [
              121.1406291,
              14.2885703
            ],
            [
              121.1408302,
              14.2887054
            ],
            [
              121.1409268,
              14.2887184
            ],
            [
              121.1410126,
              14.288682
            ],
            [
              121.1411521,
              14.2884845
            ],
            [
              121.1412352,
              14.2883623
            ],
            [
              121.1413103,
              14.2882454
            ],
            [
              121.1413693,
              14.2881544
            ],
            [
              121.1414498,
              14.288053
            ],
            [
              121.1415383,
              14.2879672
            ],
            [
              121.1416483,
              14.2878919
            ],
            [
              121.1417904,
              14.2877983
            ],
            [
              121.1420372,
              14.2876891
            ],
            [
              121.1422598,
              14.2876345
            ],
            [
              121.1424664,
              14.2875878
            ],
            [
              121.1425629,
              14.2875436
            ],
            [
              121.1426595,
              14.2874604
            ],
            [
              121.1427641,
              14.2871745
            ],
            [
              121.1429304,
              14.2864259
            ],
            [
              121.1430591,
              14.285984
            ],
            [
              121.1431517,
              14.2857283
            ],
            [
              121.1433193,
              14.2853524
            ],
            [
              121.1434373,
              14.2851574
            ],
            [
              121.1436599,
              14.2849339
            ],
            [
              121.1438236,
              14.2847922
            ],
            [
              121.1439684,
              14.2846688
            ],
            [
              121.1441535,
              14.2845258
            ],
            [
              121.1442903,
              14.2844271
            ],
            [
              121.143602,
              14.2840725
            ],
            [
              121.1428343,
              14.2835565
            ],
            [
              121.142151,
              14.2832942
            ],
            [
              121.1426364,
              14.282774
            ],
            [
              121.143357,
              14.2820795
            ],
            [
              121.1435724,
              14.2816772
            ],
            [
              121.1433922,
              14.2816278
            ],
            [
              121.1433531,
              14.2816924
            ],
            [
              121.1431847,
              14.281662
            ],
            [
              121.1431846,
              14.2815904
            ],
            [
              121.1428831,
              14.2814343
            ],
            [
              121.1429771,
              14.2812331
            ],
            [
              121.1408506,
              14.2809409
            ],
            [
              121.1407885,
              14.2809389
            ],
            [
              121.1407819,
              14.2808807
            ],
            [
              121.1407935,
              14.2808158
            ],
            [
              121.1409973,
              14.2798281
            ],
            [
              121.1409903,
              14.2797483
            ],
            [
              121.1409534,
              14.2796456
            ],
            [
              121.140941,
              14.2795859
            ],
            [
              121.140949,
              14.2795382
            ],
            [
              121.140981,
              14.2795138
            ],
            [
              121.1410461,
              14.2794842
            ],
            [
              121.1410884,
              14.2794406
            ],
            [
              121.1410977,
              14.2793844
            ],
            [
              121.1410717,
              14.2793245
            ],
            [
              121.1410061,
              14.2792754
            ],
            [
              121.1408017,
              14.2792014
            ],
            [
              121.1406331,
              14.2791819
            ],
            [
              121.140559,
              14.2791964
            ],
            [
              121.1404955,
              14.2792315
            ],
            [
              121.1403614,
              14.2792519
            ],
            [
              121.1403129,
              14.2792338
            ],
            [
              121.1402822,
              14.2792006
            ],
            [
              121.1402725,
              14.279152
            ],
            [
              121.1402888,
              14.2789596
            ],
            [
              121.1402788,
              14.2788618
            ],
            [
              121.1400085,
              14.278366
            ],
            [
              121.1399297,
              14.2782608
            ],
            [
              121.1398847,
              14.278136
            ],
            [
              121.1398502,
              14.2780404
            ],
            [
              121.1397519,
              14.2780215
            ],
            [
              121.1391359,
              14.2779016
            ],
            [
              121.137794,
              14.2776428
            ],
            [
              121.1375674,
              14.277597
            ],
            [
              121.1374102,
              14.2775656
            ],
            [
              121.1364495,
              14.2773764
            ],
            [
              121.1363074,
              14.2773466
            ],
            [
              121.1357771,
              14.2772347
            ],
            [
              121.1350829,
              14.2770941
            ],
            [
              121.1343862,
              14.2769607
            ],
            [
              121.1339044,
              14.2768699
            ],
            [
              121.1328915,
              14.2766749
            ],
            [
              121.1326732,
              14.2766328
            ],
            [
              121.132551,
              14.2766093
            ],
            [
              121.1325454,
              14.2766459
            ],
            [
              121.1324613,
              14.2771765
            ],
            [
              121.1329868,
              14.2775226
            ],
            [
              121.1334053,
              14.2778716
            ],
            [
              121.1333684,
              14.2779567
            ],
            [
              121.1334214,
              14.2779912
            ],
            [
              121.1337897,
              14.2781413
            ],
            [
              121.1337958,
              14.2781745
            ],
            [
              121.1336576,
              14.2785763
            ],
            [
              121.1335632,
              14.278751
            ],
            [
              121.1334107,
              14.2790119
            ],
            [
              121.1333302,
              14.2791809
            ],
            [
              121.1333041,
              14.2792942
            ],
            [
              121.1333312,
              14.2794527
            ],
            [
              121.1338324,
              14.2795106
            ],
            [
              121.1338612,
              14.2794991
            ],
            [
              121.1340648,
              14.2795255
            ],
            [
              121.1341461,
              14.2795603
            ],
            [
              121.1342022,
              14.279785
            ],
            [
              121.1341512,
              14.2799185
            ],
            [
              121.1342223,
              14.2801389
            ],
            [
              121.1341574,
              14.2803338
            ],
            [
              121.1343152,
              14.2804897
            ],
            [
              121.1343778,
              14.2806829
            ],
            [
              121.1341481,
              14.2812756
            ],
            [
              121.1339787,
              14.2817198
            ],
            [
              121.1350501,
              14.2822057
            ],
            [
              121.1365246,
              14.2829507
            ],
            [
              121.1379517,
              14.2836826
            ],
            [
              121.1376863,
              14.2842608
            ],
            [
              121.1357553,
              14.2832676
            ],
            [
              121.1354273,
              14.2837315
            ],
            [
              121.135042,
              14.2834595
            ],
            [
              121.1346813,
              14.2832629
            ],
            [
              121.1342288,
              14.2839504
            ],
            [
              121.1352172,
              14.2844597
            ],
            [
              121.1341678,
              14.286025
            ],
            [
              121.132846,
              14.2875804
            ],
            [
              121.1325243,
              14.288554
            ],
            [
              121.1323564,
              14.28889
            ],
            [
              121.1322841,
              14.2891488
            ],
            [
              121.1318869,
              14.2909108
            ],
            [
              121.1313684,
              14.2908276
            ],
            [
              121.1313741,
              14.2910031
            ]
          ]
        ]
      }
    },
    {
      "type": "Feature",
      "properties": {
        "element": "relation",
        "id": 6939788,
        "name": "Casile"
      },
      "geometry": {
        "type": "Polygon",
        "coordinates": [
          [
            [
              121.0151983,
              14.1556988
            ],
            [
              121.0137055,
              14.1632334
            ],
            [
              121.0160835,
              14.1705323
            ],
            [
              121.0177058,
              14.1734436
            ],
            [
              121.0248196,
              14.1860458
            ],
            [
              121.0253259,
              14.1866025
            ],
            [
              121.0256907,
              14.1869874
            ],
            [
              121.0263881,
              14.1873722
            ],
            [
              121.026785,
              14.1877883
            ],
            [
              121.0270211,
              14.1883604
            ],
            [
              121.0273578,
              14.1890741
            ],
            [
              121.0277953,
              14.1898874
            ],
            [
              121.028083,
              14.1904221
            ],
            [
              121.0283515,
              14.1907943
            ],
            [
              121.0286304,
              14.1910232
            ],
            [
              121.0287419,
              14.1911897
            ],
            [
              121.0289391,
              14.1914808
            ],
            [
              121.0292803,
              14.1916369
            ],
            [
              121.0296604,
              14.1918657
            ],
            [
              121.0297338,
              14.1921131
            ],
            [
              121.0298411,
              14.1924106
            ],
            [
              121.0299054,
              14.1928392
            ],
            [
              121.0300039,
              14.1932907
            ],
            [
              121.030034,
              14.1935715
            ],
            [
              121.0300788,
              14.193894
            ],
            [
              121.0301968,
              14.1943724
            ],
            [
              121.0304328,
              14.1947469
            ],
            [
              121.0305294,
              14.1950797
            ],
            [
              121.0303792,
              14.1952877
            ],
            [
              121.0301432,
              14.1955166
            ],
            [
              121.0297355,
              14.1960366
            ],
            [
              121.029596,
              14.1964319
            ],
            [
              121.0296818,
              14.1969207
            ],
            [
              121.029832,
              14.1972223
            ],
            [
              121.0302612,
              14.197576
            ],
            [
              121.030465,
              14.1975968
            ],
            [
              121.0308298,
              14.1975032
            ],
            [
              121.031066,
              14.1975025
            ],
            [
              121.0311426,
              14.1975508
            ],
            [
              121.0312122,
              14.1977662
            ],
            [
              121.0311513,
              14.198109
            ],
            [
              121.030936,
              14.198823
            ],
            [
              121.0310404,
              14.1991408
            ],
            [
              121.0315161,
              14.1997621
            ],
            [
              121.0315862,
              14.2001477
            ],
            [
              121.031428,
              14.2005084
            ],
            [
              121.0313034,
              14.2007364
            ],
            [
              121.0312375,
              14.2009251
            ],
            [
              121.0312053,
              14.2010707
            ],
            [
              121.0312482,
              14.2011852
            ],
            [
              121.031495,
              14.2013724
            ],
            [
              121.0317525,
              14.2014556
            ],
            [
              121.0322031,
              14.2014868
            ],
            [
              121.0324928,
              14.2015908
            ],
            [
              121.0326001,
              14.2018924
            ],
            [
              121.0325893,
              14.2021316
            ],
            [
              121.0324177,
              14.2023501
            ],
            [
              121.032128,
              14.2025789
            ],
            [
              121.0316774,
              14.2026309
            ],
            [
              121.0313663,
              14.2026933
            ],
            [
              121.0313233,
              14.2028285
            ],
            [
              121.0313877,
              14.2030469
            ],
            [
              121.0316023,
              14.2032653
            ],
            [
              121.0319671,
              14.2036294
            ],
            [
              121.0325679,
              14.2042014
            ],
            [
              121.0327825,
              14.2045238
            ],
            [
              121.0327717,
              14.2048879
            ],
            [
              121.0328361,
              14.2052831
            ],
            [
              121.0330507,
              14.2055119
            ],
            [
              121.033276,
              14.2055535
            ],
            [
              121.0335228,
              14.2054911
            ],
            [
              121.0341021,
              14.2051999
            ],
            [
              121.0344454,
              14.2048879
            ],
            [
              121.0348102,
              14.2047527
            ],
            [
              121.0351643,
              14.2049295
            ],
            [
              121.0354861,
              14.2052103
            ],
            [
              121.0359582,
              14.2058031
            ],
            [
              121.0362371,
              14.2061464
            ],
            [
              121.0365161,
              14.2062192
            ],
            [
              121.0368809,
              14.2061776
            ],
            [
              121.0371706,
              14.2062192
            ],
            [
              121.0377821,
              14.2063544
            ],
            [
              121.0382434,
              14.2064688
            ],
            [
              121.038576,
              14.206708
            ],
            [
              121.0386833,
              14.207124
            ],
            [
              121.0386603,
              14.2076435
            ],
            [
              121.0386246,
              14.2078885
            ],
            [
              121.0385119,
              14.2081693
            ],
            [
              121.0385066,
              14.2085281
            ],
            [
              121.0386192,
              14.2088609
            ],
            [
              121.0388016,
              14.209277
            ],
            [
              121.0387855,
              14.2095942
            ],
            [
              121.0385709,
              14.2099946
            ],
            [
              121.0383242,
              14.2101922
            ],
            [
              121.0379755,
              14.2102962
            ],
            [
              121.0375892,
              14.2103222
            ],
            [
              121.0374198,
              14.2103514
            ],
            [
              121.0373479,
              14.2103638
            ],
            [
              121.0372781,
              14.2104886
            ],
            [
              121.0373425,
              14.2106394
            ],
            [
              121.0374605,
              14.2107954
            ],
            [
              121.0376804,
              14.210967
            ],
            [
              121.0379111,
              14.2110555
            ],
            [
              121.0383188,
              14.2111335
            ],
            [
              121.0386675,
              14.2111491
            ],
            [
              121.0391235,
              14.2112791
            ],
            [
              121.0395097,
              14.2116899
            ],
            [
              121.0396706,
              14.2120539
            ],
            [
              121.039912,
              14.2122307
            ],
            [
              121.0404056,
              14.2123503
            ],
            [
              121.0410547,
              14.2125479
            ],
            [
              121.0415536,
              14.2127923
            ],
            [
              121.0417598,
              14.2130009
            ],
            [
              121.0419452,
              14.2132655
            ],
            [
              121.0420149,
              14.2135672
            ],
            [
              121.0420632,
              14.2140976
            ],
            [
              121.0421222,
              14.2142744
            ],
            [
              121.0423046,
              14.2143368
            ],
            [
              121.0425406,
              14.2143108
            ],
            [
              121.0427069,
              14.2141756
            ],
            [
              121.042841,
              14.2138688
            ],
            [
              121.0430878,
              14.2135984
            ],
            [
              121.0432476,
              14.2135306
            ],
            [
              121.0437317,
              14.2136871
            ],
            [
              121.0443647,
              14.2140719
            ],
            [
              121.0447509,
              14.2143631
            ],
            [
              121.0449655,
              14.2145191
            ],
            [
              121.045046,
              14.2147635
            ],
            [
              121.0448689,
              14.2150131
            ],
            [
              121.0446276,
              14.2153252
            ],
            [
              121.0445471,
              14.2155644
            ],
            [
              121.0446168,
              14.215658
            ],
            [
              121.0447778,
              14.2156788
            ],
            [
              121.0450138,
              14.2156892
            ],
            [
              121.0452606,
              14.2156892
            ],
            [
              121.0456736,
              14.2156632
            ],
            [
              121.0460304,
              14.2156605
            ],
            [
              121.0463654,
              14.215658
            ],
            [
              121.0466228,
              14.2157672
            ],
            [
              121.0469501,
              14.2160428
            ],
            [
              121.0471486,
              14.2163548
            ],
            [
              121.0474099,
              14.2170294
            ],
            [
              121.0475773,
              14.217232
            ],
            [
              121.0476901,
              14.2172034
            ],
            [
              121.0478267,
              14.2171042
            ],
            [
              121.0479124,
              14.2170016
            ],
            [
              121.0480551,
              14.2168307
            ],
            [
              121.0481893,
              14.2167032
            ],
            [
              121.0485551,
              14.2165476
            ],
            [
              121.048715,
              14.2163808
            ],
            [
              121.0488397,
              14.2163476
            ],
            [
              121.0489081,
              14.2164536
            ],
            [
              121.0489725,
              14.2166304
            ],
            [
              121.0490837,
              14.2166714
            ],
            [
              121.0492192,
              14.2166616
            ],
            [
              121.0494767,
              14.2166304
            ],
            [
              121.0497557,
              14.2164744
            ],
            [
              121.0500775,
              14.2164848
            ],
            [
              121.0502492,
              14.2164952
            ],
            [
              121.0504745,
              14.2166512
            ],
            [
              121.050503,
              14.2168225
            ],
            [
              121.0505281,
              14.2169736
            ],
            [
              121.0506354,
              14.2171504
            ],
            [
              121.0507177,
              14.217146
            ],
            [
              121.0508285,
              14.21714
            ],
            [
              121.0509895,
              14.2169736
            ],
            [
              121.0511719,
              14.2167344
            ],
            [
              121.0514186,
              14.2166512
            ],
            [
              121.0518049,
              14.216568
            ],
            [
              121.0521482,
              14.216464
            ],
            [
              121.0525237,
              14.2165056
            ],
            [
              121.0526738,
              14.2164172
            ],
            [
              121.0528241,
              14.2163288
            ],
            [
              121.0532425,
              14.2162144
            ],
            [
              121.0536611,
              14.2161778
            ],
            [
              121.0540407,
              14.216084
            ],
            [
              121.0541038,
              14.2158033
            ],
            [
              121.054258,
              14.2153883
            ],
            [
              121.0544044,
              14.2151306
            ],
            [
              121.0545578,
              14.214896
            ],
            [
              121.0547206,
              14.2146983
            ],
            [
              121.0549235,
              14.2144987
            ],
            [
              121.0552664,
              14.2142368
            ],
            [
              121.0555712,
              14.2140593
            ],
            [
              121.0558444,
              14.2138364
            ],
            [
              121.0560442,
              14.2136284
            ],
            [
              121.0562049,
              14.2134106
            ],
            [
              121.0563731,
              14.2131994
            ],
            [
              121.058408,
              14.2100569
            ],
            [
              121.057936,
              14.2096668
            ],
            [
              121.0575124,
              14.209313
            ],
            [
              121.0571476,
              14.2092244
            ],
            [
              121.0569061,
              14.2091793
            ],
            [
              121.0567614,
              14.2090996
            ],
            [
              121.0565627,
              14.2090994
            ],
            [
              121.056071,
              14.2089844
            ],
            [
              121.0558031,
              14.2088494
            ],
            [
              121.0557581,
              14.2081324
            ],
            [
              121.0555459,
              14.2078676
            ],
            [
              121.0552994,
              14.2075923
            ],
            [
              121.05475,
              14.2071601
            ],
            [
              121.0545942,
              14.2068323
            ],
            [
              121.054501,
              14.2066781
            ],
            [
              121.0544825,
              14.2065563
            ],
            [
              121.0544708,
              14.2064787
            ],
            [
              121.0547174,
              14.2058183
            ],
            [
              121.0546961,
              14.2053398
            ],
            [
              121.0544222,
              14.2046488
            ],
            [
              121.0541152,
              14.2042003
            ],
            [
              121.0534995,
              14.2038792
            ],
            [
              121.0525237,
              14.203712
            ],
            [
              121.051504,
              14.2033383
            ],
            [
              121.0513752,
              14.2030679
            ],
            [
              121.0519975,
              14.2028599
            ],
            [
              121.0521692,
              14.2026311
            ],
            [
              121.0521433,
              14.2023822
            ],
            [
              121.0518957,
              14.2022202
            ],
            [
              121.0515039,
              14.2023606
            ],
            [
              121.0514413,
              14.2021069
            ],
            [
              121.0515684,
              14.201695
            ],
            [
              121.0522451,
              14.2013848
            ],
            [
              121.0529631,
              14.2011541
            ],
            [
              121.0530542,
              14.2009485
            ],
            [
              121.0530649,
              14.2007407
            ],
            [
              121.0530168,
              14.2004834
            ],
            [
              121.0528506,
              14.2004965
            ],
            [
              121.0526198,
              14.2007381
            ],
            [
              121.0523576,
              14.2008082
            ],
            [
              121.0521692,
              14.2006341
            ],
            [
              121.0520147,
              14.2003978
            ],
            [
              121.0520404,
              14.200114
            ],
            [
              121.0521218,
              14.1999407
            ],
            [
              121.0523247,
              14.1998644
            ],
            [
              121.0526898,
              14.1999303
            ],
            [
              121.0529416,
              14.199906
            ],
            [
              121.0529578,
              14.1996861
            ],
            [
              121.0527378,
              14.1995057
            ],
            [
              121.0523675,
              14.19949
            ],
            [
              121.0520833,
              14.1988451
            ],
            [
              121.0514825,
              14.1983667
            ],
            [
              121.0511659,
              14.1983666
            ],
            [
              121.0512785,
              14.1978987
            ],
            [
              121.0511305,
              14.1976083
            ],
            [
              121.0508709,
              14.1974671
            ],
            [
              121.0502165,
              14.1971393
            ],
            [
              121.0499161,
              14.1966193
            ],
            [
              121.0501092,
              14.1962604
            ],
            [
              121.0501767,
              14.1959511
            ],
            [
              121.050136,
              14.1956364
            ],
            [
              121.0499142,
              14.1955252
            ],
            [
              121.0496677,
              14.1955823
            ],
            [
              121.0492834,
              14.1955738
            ],
            [
              121.0491222,
              14.1954335
            ],
            [
              121.0490793,
              14.1948303
            ],
            [
              121.0492122,
              14.1943044
            ],
            [
              121.0492185,
              14.19391
            ],
            [
              121.0488639,
              14.1937537
            ],
            [
              121.0485857,
              14.1937435
            ],
            [
              121.0484619,
              14.1938064
            ],
            [
              121.0483245,
              14.1938763
            ],
            [
              121.0475772,
              14.1937901
            ],
            [
              121.0465043,
              14.1938525
            ],
            [
              121.0461825,
              14.1934573
            ],
            [
              121.0455011,
              14.193057
            ],
            [
              121.0449416,
              14.1929433
            ],
            [
              121.0444057,
              14.1929433
            ],
            [
              121.0438651,
              14.1927292
            ],
            [
              121.0435162,
              14.1924187
            ],
            [
              121.0432642,
              14.192542
            ],
            [
              121.0426205,
              14.1929321
            ],
            [
              121.0417193,
              14.1925836
            ],
            [
              121.0412472,
              14.1923755
            ],
            [
              121.0404962,
              14.1923547
            ],
            [
              121.0401958,
              14.1920843
            ],
            [
              121.0397023,
              14.191481
            ],
            [
              121.0395694,
              14.1911672
            ],
            [
              121.0392946,
              14.1908361
            ],
            [
              121.0391191,
              14.1897663
            ],
            [
              121.0387758,
              14.1887469
            ],
            [
              121.0377887,
              14.1885597
            ],
            [
              121.0367158,
              14.1883933
            ],
            [
              121.0360936,
              14.18779
            ],
            [
              121.0359863,
              14.1871035
            ],
            [
              121.0360721,
              14.1862089
            ],
            [
              121.0356644,
              14.1851896
            ],
            [
              121.035128,
              14.1843782
            ],
            [
              121.0340166,
              14.1831187
            ],
            [
              121.0330667,
              14.1823345
            ],
            [
              121.0322514,
              14.1817936
            ],
            [
              121.0318222,
              14.1811903
            ],
            [
              121.0315375,
              14.1807234
            ],
            [
              121.0313211,
              14.1804636
            ],
            [
              121.0312983,
              14.1802334
            ],
            [
              121.0312255,
              14.1794984
            ],
            [
              121.0312255,
              14.1784998
            ],
            [
              121.0314401,
              14.1775636
            ],
            [
              121.0316976,
              14.1767315
            ],
            [
              121.0319927,
              14.1756184
            ],
            [
              121.031813,
              14.1744248
            ],
            [
              121.0323375,
              14.1724456
            ],
            [
              121.0322126,
              14.1719048
            ],
            [
              121.0301312,
              14.1719881
            ],
            [
              121.0267838,
              14.17178
            ],
            [
              121.0252174,
              14.1715512
            ],
            [
              121.0231789,
              14.1706982
            ],
            [
              121.0219773,
              14.1688049
            ],
            [
              121.0218057,
              14.1672862
            ],
            [
              121.0225138,
              14.1625634
            ],
            [
              121.0231146,
              14.1574452
            ],
            [
              121.0227582,
              14.1561258
            ],
            [
              121.0222517,
              14.1559903
            ],
            [
              121.0151983,
              14.1556988
            ]
          ]
        ]
      }
    },
    {
      "type": "Feature",
      "properties": {
        "element": "relation",
        "id": 18462034,
        "name": "Diezmo"
      },
      "geometry": {
        "type": "Polygon",
        "coordinates": [
          [
            [
              121.0902626,
              14.2332076
            ],
            [
              121.0899814,
              14.2332461
            ],
            [
              121.0897078,
              14.2333709
            ],
            [
              121.0895469,
              14.2335737
            ],
            [
              121.0895581,
              14.2338275
            ],
            [
              121.0897292,
              14.2341613
            ],
            [
              121.0899438,
              14.2347021
            ],
            [
              121.0901589,
              14.2350826
            ],
            [
              121.0903543,
              14.2352501
            ],
            [
              121.0906697,
              14.2353166
            ],
            [
              121.0908912,
              14.2352966
            ],
            [
              121.0911332,
              14.2351948
            ],
            [
              121.0912997,
              14.2350425
            ],
            [
              121.0914273,
              14.2350713
            ],
            [
              121.0918654,
              14.2352448
            ],
            [
              121.0921561,
              14.2353041
            ],
            [
              121.092386,
              14.2353339
            ],
            [
              121.0925023,
              14.2353451
            ],
            [
              121.0927581,
              14.2356432
            ],
            [
              121.0929415,
              14.2364564
            ],
            [
              121.0928937,
              14.2367309
            ],
            [
              121.0928181,
              14.2371739
            ],
            [
              121.0927805,
              14.2375015
            ],
            [
              121.0928884,
              14.2377084
            ],
            [
              121.0931244,
              14.2377708
            ],
            [
              121.0932848,
              14.2376731
            ],
            [
              121.0934624,
              14.2374901
            ],
            [
              121.0934833,
              14.2371843
            ],
            [
              121.0934833,
              14.2368671
            ],
            [
              121.0935208,
              14.2367059
            ],
            [
              121.0936555,
              14.2366269
            ],
            [
              121.0938164,
              14.2366269
            ],
            [
              121.0939272,
              14.2368202
            ],
            [
              121.0942278,
              14.2370103
            ],
            [
              121.0945648,
              14.2370502
            ],
            [
              121.0949671,
              14.2373206
            ],
            [
              121.0954017,
              14.2376274
            ],
            [
              121.0957128,
              14.237799
            ],
            [
              121.0961312,
              14.2377106
            ],
            [
              121.0968232,
              14.2375026
            ],
            [
              121.0972095,
              14.2374194
            ],
            [
              121.0975152,
              14.237201
            ],
            [
              121.0978806,
              14.2371428
            ],
            [
              121.0983467,
              14.2372738
            ],
            [
              121.0988559,
              14.2375133
            ],
            [
              121.0992533,
              14.237929
            ],
            [
              121.0994729,
              14.2382069
            ],
            [
              121.1000526,
              14.2390677
            ],
            [
              121.1002135,
              14.239494
            ],
            [
              121.1004152,
              14.2396808
            ],
            [
              121.100576,
              14.239782
            ],
            [
              121.1008122,
              14.2395965
            ],
            [
              121.1008582,
              14.2394114
            ],
            [
              121.1009279,
              14.2391566
            ],
            [
              121.100885,
              14.2388394
            ],
            [
              121.1008475,
              14.2385638
            ],
            [
              121.100826,
              14.2383454
            ],
            [
              121.100922,
              14.2382001
            ],
            [
              121.1010888,
              14.2380568
            ],
            [
              121.1012902,
              14.2379705
            ],
            [
              121.1014274,
              14.2380411
            ],
            [
              121.1015083,
              14.2381335
            ],
            [
              121.1016923,
              14.2383643
            ],
            [
              121.1020114,
              14.2385461
            ],
            [
              121.1022204,
              14.2386767
            ],
            [
              121.1026495,
              14.2390718
            ],
            [
              121.1028748,
              14.2392486
            ],
            [
              121.1030996,
              14.2392913
            ],
            [
              121.1032849,
              14.2392515
            ],
            [
              121.1033585,
              14.2391377
            ],
            [
              121.1033464,
              14.2389585
            ],
            [
              121.1033678,
              14.2387557
            ],
            [
              121.1034864,
              14.2385207
            ],
            [
              121.1040703,
              14.2379706
            ],
            [
              121.1042527,
              14.237643
            ],
            [
              121.1043224,
              14.2373414
            ],
            [
              121.1044029,
              14.2371542
            ],
            [
              121.1045585,
              14.2370138
            ],
            [
              121.1053794,
              14.2370366
            ],
            [
              121.1059921,
              14.2369636
            ],
            [
              121.1065692,
              14.2369029
            ],
            [
              121.106807,
              14.2367779
            ],
            [
              121.1069132,
              14.2363618
            ],
            [
              121.1070322,
              14.2361393
            ],
            [
              121.1071755,
              14.2360779
            ],
            [
              121.1073354,
              14.2360586
            ],
            [
              121.1075398,
              14.2362363
            ],
            [
              121.1077403,
              14.2365716
            ],
            [
              121.107872,
              14.2368821
            ],
            [
              121.1080288,
              14.2370669
            ],
            [
              121.10817,
              14.2371727
            ],
            [
              121.1083885,
              14.2372412
            ],
            [
              121.1086949,
              14.2371728
            ],
            [
              121.1090905,
              14.2371595
            ],
            [
              121.1093788,
              14.2372549
            ],
            [
              121.1096664,
              14.2372987
            ],
            [
              121.1098367,
              14.2372359
            ],
            [
              121.1101345,
              14.2371125
            ],
            [
              121.1103271,
              14.2371416
            ],
            [
              121.1104407,
              14.2372461
            ],
            [
              121.1105338,
              14.2374009
            ],
            [
              121.1108021,
              14.2374567
            ],
            [
              121.1111407,
              14.2372596
            ],
            [
              121.1116458,
              14.237169
            ],
            [
              121.1118987,
              14.237107
            ],
            [
              121.1120435,
              14.2369392
            ],
            [
              121.112538,
              14.2364751
            ],
            [
              121.1130342,
              14.2362495
            ],
            [
              121.1133906,
              14.2362753
            ],
            [
              121.1132252,
              14.2355789
            ],
            [
              121.113127,
              14.235009
            ],
            [
              121.1130665,
              14.2347395
            ],
            [
              121.112626,
              14.2343868
            ],
            [
              121.1117349,
              14.2338214
            ],
            [
              121.1106245,
              14.23316
            ],
            [
              121.1095253,
              14.2327086
            ],
            [
              121.109182,
              14.2325214
            ],
            [
              121.1087528,
              14.2320758
            ],
            [
              121.1084605,
              14.2318543
            ],
            [
              121.1076265,
              14.2317474
            ],
            [
              121.1069288,
              14.2315896
            ],
            [
              121.1064945,
              14.2313887
            ],
            [
              121.1059623,
              14.2309516
            ],
            [
              121.1058973,
              14.2305172
            ],
            [
              121.1057442,
              14.2301398
            ],
            [
              121.105434,
              14.2299556
            ],
            [
              121.1051962,
              14.2299902
            ],
            [
              121.1050801,
              14.23017
            ],
            [
              121.1049381,
              14.2301971
            ],
            [
              121.1046661,
              14.2300141
            ],
            [
              121.1043852,
              14.2298933
            ],
            [
              121.1039663,
              14.2298018
            ],
            [
              121.1033956,
              14.2298294
            ],
            [
              121.1031834,
              14.2297109
            ],
            [
              121.103066,
              14.229517
            ],
            [
              121.1030456,
              14.2291
            ],
            [
              121.1025199,
              14.228944
            ],
            [
              121.1016182,
              14.2287469
            ],
            [
              121.1011144,
              14.228632
            ],
            [
              121.1007802,
              14.2283002
            ],
            [
              121.1004069,
              14.2282103
            ],
            [
              121.1001585,
              14.2283096
            ],
            [
              121.1000271,
              14.22858
            ],
            [
              121.0998484,
              14.2287048
            ],
            [
              121.0990159,
              14.2286959
            ],
            [
              121.098083,
              14.2285566
            ],
            [
              121.09773,
              14.2284817
            ],
            [
              121.09692,
              14.228268
            ],
            [
              121.0964914,
              14.2282576
            ],
            [
              121.0959115,
              14.2283512
            ],
            [
              121.095514,
              14.228346
            ],
            [
              121.0949781,
              14.2279664
            ],
            [
              121.0943907,
              14.2274376
            ],
            [
              121.0940661,
              14.2270928
            ],
            [
              121.0939057,
              14.2268328
            ],
            [
              121.09352,
              14.2267048
            ],
            [
              121.0929166,
              14.2267361
            ],
            [
              121.0927352,
              14.2282238
            ],
            [
              121.092588,
              14.2294309
            ],
            [
              121.0925361,
              14.229722
            ],
            [
              121.0924014,
              14.2304784
            ],
            [
              121.0923526,
              14.23064
            ],
            [
              121.0921564,
              14.2315649
            ],
            [
              121.0917953,
              14.2331654
            ],
            [
              121.0918774,
              14.233251
            ],
            [
              121.0920506,
              14.2336531
            ],
            [
              121.0918488,
              14.2344366
            ],
            [
              121.0914673,
              14.2344191
            ],
            [
              121.0907534,
              14.233599
            ],
            [
              121.0906068,
              14.2335143
            ],
            [
              121.0904047,
              14.2334349
            ],
            [
              121.0902626,
              14.2332076
            ]
          ]
        ]
      }
    },
    {
      "type": "Feature",
      "properties": {
        "element": "relation",
        "id": 18462011,
        "name": "Gulod"
      },
      "geometry": {
        "type": "Polygon",
        "coordinates": [
          [
            [
              121.1447638,
              14.2622754
            ],
            [
              121.1447872,
              14.2622968
            ],
            [
              121.1494514,
              14.2637809
            ],
            [
              121.149137,
              14.2649082
            ],
            [
              121.1487751,
              14.2658369
            ],
            [
              121.1535305,
              14.2676169
            ],
            [
              121.1544303,
              14.2660299
            ],
            [
              121.1535252,
              14.2657351
            ],
            [
              121.1537666,
              14.2652308
            ],
            [
              121.1538524,
              14.2652672
            ],
            [
              121.1539168,
              14.2649032
            ],
            [
              121.1541662,
              14.2641494
            ],
            [
              121.1553892,
              14.2645807
            ],
            [
              121.155345,
              14.2648796
            ],
            [
              121.1558412,
              14.2650005
            ],
            [
              121.1560291,
              14.2650604
            ],
            [
              121.1565101,
              14.2651645
            ],
            [
              121.1575052,
              14.2653957
            ],
            [
              121.1574564,
              14.2656005
            ],
            [
              121.1581359,
              14.2658097
            ],
            [
              121.1580616,
              14.266075
            ],
            [
              121.1583102,
              14.2661248
            ],
            [
              121.1592207,
              14.2663696
            ],
            [
              121.1592127,
              14.2664753
            ],
            [
              121.16066,
              14.2669638
            ],
            [
              121.1613268,
              14.2656794
            ],
            [
              121.1599282,
              14.2653247
            ],
            [
              121.1600665,
              14.2645131
            ],
            [
              121.1606112,
              14.2645604
            ],
            [
              121.1606275,
              14.2643003
            ],
            [
              121.1606022,
              14.2640731
            ],
            [
              121.1607778,
              14.2641179
            ],
            [
              121.1611707,
              14.2641465
            ],
            [
              121.161681,
              14.2641765
            ],
            [
              121.1618491,
              14.2643123
            ],
            [
              121.1619444,
              14.2643377
            ],
            [
              121.162062,
              14.2644499
            ],
            [
              121.162417,
              14.2646635
            ],
            [
              121.1627196,
              14.2648011
            ],
            [
              121.1631006,
              14.2649134
            ],
            [
              121.1636405,
              14.265136
            ],
            [
              121.1641326,
              14.2653985
            ],
            [
              121.1642218,
              14.2652695
            ],
            [
              121.1644202,
              14.2650746
            ],
            [
              121.1646,
              14.264994
            ],
            [
              121.1647877,
              14.2649498
            ],
            [
              121.1651042,
              14.2649134
            ],
            [
              121.1651793,
              14.26489
            ],
            [
              121.1652651,
              14.2648081
            ],
            [
              121.165638,
              14.2641699
            ],
            [
              121.1658579,
              14.263806
            ],
            [
              121.1661261,
              14.2633485
            ],
            [
              121.1663058,
              14.2628728
            ],
            [
              121.1664051,
              14.2626362
            ],
            [
              121.1664198,
              14.2626102
            ],
            [
              121.1664601,
              14.2625907
            ],
            [
              121.166629,
              14.2625907
            ],
            [
              121.1666813,
              14.2625725
            ],
            [
              121.1667149,
              14.2625426
            ],
            [
              121.166802,
              14.2624646
            ],
            [
              121.1670756,
              14.2621527
            ],
            [
              121.1671534,
              14.2619551
            ],
            [
              121.1671883,
              14.2617654
            ],
            [
              121.1672714,
              14.2613416
            ],
            [
              121.1673734,
              14.2608191
            ],
            [
              121.1675209,
              14.2602654
            ],
            [
              121.1677569,
              14.2595375
            ],
            [
              121.1678964,
              14.2591736
            ],
            [
              121.1681378,
              14.2587525
            ],
            [
              121.1683094,
              14.2584821
            ],
            [
              121.168465,
              14.2581286
            ],
            [
              121.168583,
              14.2578114
            ],
            [
              121.168701,
              14.2573279
            ],
            [
              121.1688459,
              14.2560593
            ],
            [
              121.1690015,
              14.2550246
            ],
            [
              121.1691999,
              14.2542084
            ],
            [
              121.1695433,
              14.2525654
            ],
            [
              121.1699295,
              14.251302
            ],
            [
              121.1701226,
              14.2505013
            ],
            [
              121.1702728,
              14.2497578
            ],
            [
              121.1705252,
              14.2484801
            ],
            [
              121.169521,
              14.2483599
            ],
            [
              121.1692071,
              14.2482803
            ],
            [
              121.1687812,
              14.2481952
            ],
            [
              121.1687289,
              14.248235
            ],
            [
              121.1684861,
              14.2481897
            ],
            [
              121.1684207,
              14.2486243
            ],
            [
              121.1683996,
              14.2488151
            ],
            [
              121.1663571,
              14.2483549
            ],
            [
              121.166162,
              14.2484243
            ],
            [
              121.1659213,
              14.2484432
            ],
            [
              121.1651343,
              14.2481973
            ],
            [
              121.1651928,
              14.2478821
            ],
            [
              121.1647895,
              14.2477875
            ],
            [
              121.1636121,
              14.247529
            ],
            [
              121.1629096,
              14.2472768
            ],
            [
              121.162965,
              14.2470526
            ],
            [
              121.1624643,
              14.2468136
            ],
            [
              121.1619264,
              14.2466398
            ],
            [
              121.1601029,
              14.2459014
            ],
            [
              121.1595253,
              14.2457532
            ],
            [
              121.1588635,
              14.2455184
            ],
            [
              121.1587689,
              14.245741
            ],
            [
              121.1585256,
              14.2463296
            ],
            [
              121.1581145,
              14.2473242
            ],
            [
              121.1580921,
              14.2473805
            ],
            [
              121.1578805,
              14.2479122
            ],
            [
              121.1573769,
              14.2488476
            ],
            [
              121.1570843,
              14.2494855
            ],
            [
              121.156548,
              14.2507194
            ],
            [
              121.1564608,
              14.2508541
            ],
            [
              121.156451,
              14.2510051
            ],
            [
              121.1564478,
              14.2510849
            ],
            [
              121.1564199,
              14.2514826
            ],
            [
              121.1563141,
              14.2536523
            ],
            [
              121.1562604,
              14.2551315
            ],
            [
              121.1561827,
              14.2554682
            ],
            [
              121.1560668,
              14.2558008
            ],
            [
              121.1553056,
              14.2571904
            ],
            [
              121.1542869,
              14.2591085
            ],
            [
              121.1537996,
              14.2599492
            ],
            [
              121.1527077,
              14.2597732
            ],
            [
              121.1523128,
              14.2597065
            ],
            [
              121.1512936,
              14.2595302
            ],
            [
              121.1512095,
              14.2595165
            ],
            [
              121.1501795,
              14.2593556
            ],
            [
              121.1501192,
              14.259345
            ],
            [
              121.1498348,
              14.2592987
            ],
            [
              121.1482346,
              14.259039
            ],
            [
              121.1480032,
              14.259006
            ],
            [
              121.1465662,
              14.2587693
            ],
            [
              121.1458782,
              14.2586432
            ],
            [
              121.1452404,
              14.2608056
            ],
            [
              121.1447638,
              14.2622754
            ]
          ]
        ]
      }
    },
    {
      "type": "Feature",
      "properties": {
        "element": "relation",
        "id": 18461856,
        "name": "Mamatid"
      },
      "geometry": {
        "type": "Polygon",
        "coordinates": [
          [
            [
              121.1431655,
              14.239264
            ],
            [
              121.1438816,
              14.2394747
            ],
            [
              121.1439282,
              14.2393462
            ],
            [
              121.144588,
              14.2395541
            ],
            [
              121.1445076,
              14.2398557
            ],
            [
              121.1447329,
              14.2399285
            ],
            [
              121.1454732,
              14.2401781
            ],
            [
              121.1461598,
              14.2403913
            ],
            [
              121.1457605,
              14.2415359
            ],
            [
              121.1455268,
              14.2422059
            ],
            [
              121.1459452,
              14.2423515
            ],
            [
              121.1467714,
              14.2426011
            ],
            [
              121.1468894,
              14.2425855
            ],
            [
              121.1475546,
              14.2427727
            ],
            [
              121.1477316,
              14.242847
            ],
            [
              121.1478389,
              14.2426947
            ],
            [
              121.147934,
              14.2424349
            ],
            [
              121.1481017,
              14.2419771
            ],
            [
              121.1494911,
              14.2424295
            ],
            [
              121.1493463,
              14.2428975
            ],
            [
              121.1497862,
              14.2430846
            ],
            [
              121.1506659,
              14.2433706
            ],
            [
              121.150809,
              14.2433992
            ],
            [
              121.152129,
              14.2439044
            ],
            [
              121.1520293,
              14.2443984
            ],
            [
              121.1523459,
              14.2446202
            ],
            [
              121.1530873,
              14.2448547
            ],
            [
              121.1532089,
              14.2449035
            ],
            [
              121.1532612,
              14.2447775
            ],
            [
              121.1534058,
              14.2448313
            ],
            [
              121.1534272,
              14.2447767
            ],
            [
              121.153713,
              14.2448799
            ],
            [
              121.1540739,
              14.2449974
            ],
            [
              121.1540264,
              14.2451391
            ],
            [
              121.1539973,
              14.2452549
            ],
            [
              121.1537228,
              14.2459068
            ],
            [
              121.1545481,
              14.24616
            ],
            [
              121.1558734,
              14.2466065
            ],
            [
              121.1562053,
              14.2456113
            ],
            [
              121.1563826,
              14.2456628
            ],
            [
              121.1564795,
              14.2456929
            ],
            [
              121.1564758,
              14.2457187
            ],
            [
              121.1565326,
              14.2458204
            ],
            [
              121.1566602,
              14.246043
            ],
            [
              121.1567141,
              14.2461118
            ],
            [
              121.1568049,
              14.2461585
            ],
            [
              121.1573069,
              14.2463619
            ],
            [
              121.1573437,
              14.2464307
            ],
            [
              121.1573721,
              14.2466561
            ],
            [
              121.1573778,
              14.2467166
            ],
            [
              121.1574402,
              14.2468155
            ],
            [
              121.1574776,
              14.2469851
            ],
            [
              121.1576251,
              14.2471308
            ],
            [
              121.1579683,
              14.2473315
            ],
            [
              121.1580354,
              14.247359
            ],
            [
              121.1580921,
              14.2473805
            ],
            [
              121.1581145,
              14.2473242
            ],
            [
              121.1585256,
              14.2463296
            ],
            [
              121.1587689,
              14.245741
            ],
            [
              121.1588635,
              14.2455184
            ],
            [
              121.1595253,
              14.2457532
            ],
            [
              121.1601029,
              14.2459014
            ],
            [
              121.1604427,
              14.2450616
            ],
            [
              121.1603804,
              14.2450067
            ],
            [
              121.1608278,
              14.2436456
            ],
            [
              121.1610269,
              14.2431719
            ],
            [
              121.1614115,
              14.2433799
            ],
            [
              121.1619249,
              14.2436575
            ],
            [
              121.1622022,
              14.2425406
            ],
            [
              121.1639399,
              14.2429767
            ],
            [
              121.164057,
              14.243117
            ],
            [
              121.1648057,
              14.2433709
            ],
            [
              121.1651927,
              14.2434066
            ],
            [
              121.1652021,
              14.2433533
            ],
            [
              121.1652665,
              14.2430037
            ],
            [
              121.1652946,
              14.2427827
            ],
            [
              121.1653483,
              14.2425656
            ],
            [
              121.1653993,
              14.2423186
            ],
            [
              121.1654676,
              14.2420853
            ],
            [
              121.1655334,
              14.2418507
            ],
            [
              121.165591,
              14.2416687
            ],
            [
              121.1656581,
              14.2414438
            ],
            [
              121.1657184,
              14.2412202
            ],
            [
              121.1657828,
              14.2410278
            ],
            [
              121.1676339,
              14.2414386
            ],
            [
              121.1676982,
              14.2412427
            ],
            [
              121.1677536,
              14.2410181
            ],
            [
              121.1678272,
              14.2408384
            ],
            [
              121.1692714,
              14.2414078
            ],
            [
              121.1698093,
              14.2415725
            ],
            [
              121.1701649,
              14.2416283
            ],
            [
              121.1708736,
              14.2418471
            ],
            [
              121.1720789,
              14.2422704
            ],
            [
              121.1728531,
              14.2424993
            ],
            [
              121.1732179,
              14.2415686
            ],
            [
              121.1735934,
              14.2406847
            ],
            [
              121.1739421,
              14.2400503
            ],
            [
              121.1742264,
              14.239598
            ],
            [
              121.172394,
              14.2387678
            ],
            [
              121.1720379,
              14.2386358
            ],
            [
              121.1717371,
              14.2385083
            ],
            [
              121.1714035,
              14.2383
            ],
            [
              121.1711793,
              14.2381048
            ],
            [
              121.1710103,
              14.237878
            ],
            [
              121.1709356,
              14.2376291
            ],
            [
              121.1707633,
              14.237563
            ],
            [
              121.1705001,
              14.2375472
            ],
            [
              121.1703474,
              14.2374118
            ],
            [
              121.1702694,
              14.2373173
            ],
            [
              121.1702239,
              14.2372007
            ],
            [
              121.1698409,
              14.2369933
            ],
            [
              121.1695624,
              14.2369161
            ],
            [
              121.1696778,
              14.2364677
            ],
            [
              121.1696001,
              14.2363836
            ],
            [
              121.1695225,
              14.2363305
            ],
            [
              121.1694131,
              14.2362358
            ],
            [
              121.1693307,
              14.236087
            ],
            [
              121.1692256,
              14.2358524
            ],
            [
              121.1691617,
              14.2357904
            ],
            [
              121.1689836,
              14.2357285
            ],
            [
              121.1689092,
              14.235697
            ],
            [
              121.168673,
              14.2355691
            ],
            [
              121.1682985,
              14.2353743
            ],
            [
              121.1680281,
              14.2352631
            ],
            [
              121.1675769,
              14.2352061
            ],
            [
              121.1671476,
              14.2352149
            ],
            [
              121.1667183,
              14.2352902
            ],
            [
              121.1663712,
              14.2353389
            ],
            [
              121.1661931,
              14.2353212
            ],
            [
              121.1658479,
              14.235229
            ],
            [
              121.1657215,
              14.2352136
            ],
            [
              121.1653207,
              14.2351353
            ],
            [
              121.1644895,
              14.2349051
            ],
            [
              121.1641516,
              14.2348165
            ],
            [
              121.1636766,
              14.234604
            ],
            [
              121.1630372,
              14.2344668
            ],
            [
              121.162681,
              14.2343915
            ],
            [
              121.1625178,
              14.2344255
            ],
            [
              121.1621825,
              14.2344814
            ],
            [
              121.1617529,
              14.234395
            ],
            [
              121.1614805,
              14.2343443
            ],
            [
              121.161381,
              14.2342732
            ],
            [
              121.1612261,
              14.2349274
            ],
            [
              121.1610639,
              14.2348895
            ],
            [
              121.160841,
              14.2348373
            ],
            [
              121.1607571,
              14.2352232
            ],
            [
              121.1601578,
              14.2351298
            ],
            [
              121.1600405,
              14.2349104
            ],
            [
              121.1597438,
              14.2348062
            ],
            [
              121.1598382,
              14.2344997
            ],
            [
              121.1593363,
              14.2343161
            ],
            [
              121.1583962,
              14.2340835
            ],
            [
              121.1583514,
              14.2340724
            ],
            [
              121.1579182,
              14.2338182
            ],
            [
              121.1572552,
              14.2335104
            ],
            [
              121.1569226,
              14.2333544
            ],
            [
              121.1568605,
              14.2332995
            ],
            [
              121.1567924,
              14.2332392
            ],
            [
              121.1565429,
              14.2331638
            ],
            [
              121.1562103,
              14.233143
            ],
            [
              121.1558724,
              14.2332106
            ],
            [
              121.1552244,
              14.2331625
            ],
            [
              121.155116,
              14.2337305
            ],
            [
              121.1548987,
              14.2335745
            ],
            [
              121.1545497,
              14.2333069
            ],
            [
              121.1544749,
              14.2332496
            ],
            [
              121.154127,
              14.2329047
            ],
            [
              121.1538997,
              14.2326793
            ],
            [
              121.1540824,
              14.232469
            ],
            [
              121.15365,
              14.2321894
            ],
            [
              121.1529458,
              14.2324372
            ],
            [
              121.1526638,
              14.2325365
            ],
            [
              121.1519812,
              14.2326925
            ],
            [
              121.1513493,
              14.2324713
            ],
            [
              121.1499438,
              14.2319792
            ],
            [
              121.1498555,
              14.2321907
            ],
            [
              121.1483855,
              14.231694
            ],
            [
              121.1481643,
              14.2316181
            ],
            [
              121.1473645,
              14.2313437
            ],
            [
              121.1465075,
              14.230763
            ],
            [
              121.1464157,
              14.2309953
            ],
            [
              121.1459477,
              14.2321247
            ],
            [
              121.1460023,
              14.2321631
            ],
            [
              121.1454185,
              14.2336557
            ],
            [
              121.1446709,
              14.2355673
            ],
            [
              121.1445842,
              14.2357553
            ],
            [
              121.1434165,
              14.2386562
            ],
            [
              121.1431655,
              14.239264
            ]
          ]
        ]
      }
    },
    {
      "type": "Feature",
      "properties": {
        "element": "relation",
        "id": 18462010,
        "name": "Marinig"
      },
      "geometry": {
        "type": "Polygon",
        "coordinates": [
          [
            [
              121.138337,
              14.2736407
            ],
            [
              121.138559,
              14.2738599
            ],
            [
              121.1389404,
              14.2745388
            ],
            [
              121.1392448,
              14.2753988
            ],
            [
              121.1393421,
              14.2758764
            ],
            [
              121.13936,
              14.2763663
            ],
            [
              121.1393615,
              14.276505
            ],
            [
              121.1393843,
              14.276563
            ],
            [
              121.139468,
              14.276636
            ],
            [
              121.1394945,
              14.2766694
            ],
            [
              121.1395175,
              14.2767238
            ],
            [
              121.1395691,
              14.2773101
            ],
            [
              121.1398123,
              14.2779177
            ],
            [
              121.1398502,
              14.2780404
            ],
            [
              121.1398847,
              14.278136
            ],
            [
              121.1399297,
              14.2782608
            ],
            [
              121.1400085,
              14.278366
            ],
            [
              121.1402788,
              14.2788618
            ],
            [
              121.1402888,
              14.2789596
            ],
            [
              121.1402725,
              14.279152
            ],
            [
              121.1402822,
              14.2792006
            ],
            [
              121.1403129,
              14.2792338
            ],
            [
              121.1403614,
              14.2792519
            ],
            [
              121.1404955,
              14.2792315
            ],
            [
              121.140559,
              14.2791964
            ],
            [
              121.1406331,
              14.2791819
            ],
            [
              121.1408017,
              14.2792014
            ],
            [
              121.1410061,
              14.2792754
            ],
            [
              121.1410717,
              14.2793245
            ],
            [
              121.1410977,
              14.2793844
            ],
            [
              121.1410884,
              14.2794406
            ],
            [
              121.1410461,
              14.2794842
            ],
            [
              121.140981,
              14.2795138
            ],
            [
              121.140949,
              14.2795382
            ],
            [
              121.140941,
              14.2795859
            ],
            [
              121.1409534,
              14.2796456
            ],
            [
              121.1409903,
              14.2797483
            ],
            [
              121.1409973,
              14.2798281
            ],
            [
              121.1407935,
              14.2808158
            ],
            [
              121.1407819,
              14.2808807
            ],
            [
              121.1407885,
              14.2809389
            ],
            [
              121.1408506,
              14.2809409
            ],
            [
              121.1429771,
              14.2812331
            ],
            [
              121.1428831,
              14.2814343
            ],
            [
              121.1431846,
              14.2815904
            ],
            [
              121.1431847,
              14.281662
            ],
            [
              121.1433531,
              14.2816924
            ],
            [
              121.1433922,
              14.2816278
            ],
            [
              121.1435724,
              14.2816772
            ],
            [
              121.143357,
              14.2820795
            ],
            [
              121.1426364,
              14.282774
            ],
            [
              121.142151,
              14.2832942
            ],
            [
              121.1428343,
              14.2835565
            ],
            [
              121.143602,
              14.2840725
            ],
            [
              121.1442903,
              14.2844271
            ],
            [
              121.1446618,
              14.2840891
            ],
            [
              121.1447033,
              14.2840619
            ],
            [
              121.1447409,
              14.2840476
            ],
            [
              121.1448517,
              14.2841111
            ],
            [
              121.1449199,
              14.2840159
            ],
            [
              121.1448093,
              14.2839514
            ],
            [
              121.1447509,
              14.2838831
            ],
            [
              121.1447489,
              14.2838533
            ],
            [
              121.1447476,
              14.283811
            ],
            [
              121.144757,
              14.2837525
            ],
            [
              121.1447757,
              14.2837044
            ],
            [
              121.1449957,
              14.2834679
            ],
            [
              121.1451191,
              14.283299
            ],
            [
              121.1453122,
              14.2830364
            ],
            [
              121.1454061,
              14.2829688
            ],
            [
              121.1454697,
              14.282939
            ],
            [
              121.1455536,
              14.2829325
            ],
            [
              121.1456475,
              14.2829688
            ],
            [
              121.1458755,
              14.283052
            ],
            [
              121.1459532,
              14.2830676
            ],
            [
              121.1460417,
              14.2830364
            ],
            [
              121.1461893,
              14.2828701
            ],
            [
              121.1463046,
              14.2827427
            ],
            [
              121.1463851,
              14.2826699
            ],
            [
              121.146487,
              14.2826205
            ],
            [
              121.1467096,
              14.2825504
            ],
            [
              121.146782,
              14.2825634
            ],
            [
              121.146841,
              14.2826153
            ],
            [
              121.1469054,
              14.2828103
            ],
            [
              121.1469349,
              14.282859
            ],
            [
              121.1469671,
              14.2828857
            ],
            [
              121.1470637,
              14.2829195
            ],
            [
              121.1471897,
              14.2829299
            ],
            [
              121.1473614,
              14.2828545
            ],
            [
              121.1474606,
              14.2828597
            ],
            [
              121.1475652,
              14.2829195
            ],
            [
              121.1477047,
              14.2831352
            ],
            [
              121.147753,
              14.2832548
            ],
            [
              121.1478361,
              14.2835719
            ],
            [
              121.1478549,
              14.2836044
            ],
            [
              121.1478978,
              14.2836447
            ],
            [
              121.1480641,
              14.2837148
            ],
            [
              121.1483592,
              14.2837772
            ],
            [
              121.1485013,
              14.283785
            ],
            [
              121.148555,
              14.2837707
            ],
            [
              121.1486113,
              14.2837317
            ],
            [
              121.1486542,
              14.2836499
            ],
            [
              121.1486569,
              14.2833198
            ],
            [
              121.148622,
              14.2829481
            ],
            [
              121.1485845,
              14.2824932
            ],
            [
              121.1485818,
              14.2820279
            ],
            [
              121.148614,
              14.281469
            ],
            [
              121.1485952,
              14.2812169
            ],
            [
              121.1485429,
              14.2808569
            ],
            [
              121.1485295,
              14.2807529
            ],
            [
              121.1485295,
              14.280723
            ],
            [
              121.1485342,
              14.2807022
            ],
            [
              121.1485463,
              14.2806675
            ],
            [
              121.1486377,
              14.2807103
            ],
            [
              121.1486676,
              14.2806743
            ],
            [
              121.1486974,
              14.2806434
            ],
            [
              121.1487251,
              14.2806148
            ],
            [
              121.1487769,
              14.2806425
            ],
            [
              121.1488084,
              14.2805866
            ],
            [
              121.1487592,
              14.2805599
            ],
            [
              121.148791,
              14.2805092
            ],
            [
              121.1488024,
              14.2804761
            ],
            [
              121.148677,
              14.2804172
            ],
            [
              121.1485281,
              14.2803622
            ],
            [
              121.1485127,
              14.2803955
            ],
            [
              121.1484249,
              14.280376
            ],
            [
              121.1482599,
              14.2803305
            ],
            [
              121.1481567,
              14.2802981
            ],
            [
              121.1480824,
              14.2802281
            ],
            [
              121.1480494,
              14.2801473
            ],
            [
              121.14804,
              14.2800758
            ],
            [
              121.148048,
              14.2800173
            ],
            [
              121.1481205,
              14.2798757
            ],
            [
              121.1481258,
              14.2798315
            ],
            [
              121.1481164,
              14.2798146
            ],
            [
              121.1480977,
              14.279799
            ],
            [
              121.1477771,
              14.2796911
            ],
            [
              121.1477463,
              14.2796703
            ],
            [
              121.1477436,
              14.2796378
            ],
            [
              121.1477812,
              14.2795147
            ],
            [
              121.1477973,
              14.2795027
            ],
            [
              121.1478335,
              14.2794942
            ],
            [
              121.1478616,
              14.2794962
            ],
            [
              121.1482546,
              14.2796729
            ],
            [
              121.1484101,
              14.2797886
            ],
            [
              121.1484691,
              14.2798055
            ],
            [
              121.1485054,
              14.2798068
            ],
            [
              121.1485563,
              14.2797717
            ],
            [
              121.1486194,
              14.2797054
            ],
            [
              121.1486699,
              14.2796368
            ],
            [
              121.1487937,
              14.2795403
            ],
            [
              121.1489305,
              14.2794988
            ],
            [
              121.1489949,
              14.2795072
            ],
            [
              121.1490324,
              14.2795338
            ],
            [
              121.1490864,
              14.2796063
            ],
            [
              121.1490998,
              14.2796135
            ],
            [
              121.1491136,
              14.2796138
            ],
            [
              121.1491239,
              14.2796018
            ],
            [
              121.1491236,
              14.2795611
            ],
            [
              121.1490914,
              14.2794208
            ],
            [
              121.1491048,
              14.2793714
            ],
            [
              121.1491424,
              14.2793324
            ],
            [
              121.1493006,
              14.2792284
            ],
            [
              121.1495072,
              14.2791335
            ],
            [
              121.1495809,
              14.2790959
            ],
            [
              121.1496373,
              14.2790413
            ],
            [
              121.1496641,
              14.2789724
            ],
            [
              121.1496788,
              14.2788671
            ],
            [
              121.1496909,
              14.2786566
            ],
            [
              121.14977,
              14.278459
            ],
            [
              121.1498539,
              14.2783358
            ],
            [
              121.1499524,
              14.2781913
            ],
            [
              121.150116,
              14.2780379
            ],
            [
              121.1503011,
              14.2779002
            ],
            [
              121.1504835,
              14.2778144
            ],
            [
              121.1507222,
              14.2777598
            ],
            [
              121.1509314,
              14.2777728
            ],
            [
              121.1511567,
              14.2777676
            ],
            [
              121.1513364,
              14.277726
            ],
            [
              121.1514759,
              14.2776298
            ],
            [
              121.1516704,
              14.2774232
            ],
            [
              121.1517173,
              14.2773426
            ],
            [
              121.1517321,
              14.2772594
            ],
            [
              121.1516999,
              14.2771554
            ],
            [
              121.1515899,
              14.277032
            ],
            [
              121.1515698,
              14.2769514
            ],
            [
              121.1515872,
              14.276863
            ],
            [
              121.1516781,
              14.2767428
            ],
            [
              121.1519641,
              14.2763483
            ],
            [
              121.1523369,
              14.2758726
            ],
            [
              121.1527473,
              14.2753892
            ],
            [
              121.1531174,
              14.2750512
            ],
            [
              121.1533561,
              14.2748719
            ],
            [
              121.1534862,
              14.2748332
            ],
            [
              121.1535707,
              14.2748355
            ],
            [
              121.1538803,
              14.2749556
            ],
            [
              121.1543383,
              14.2752727
            ],
            [
              121.1547929,
              14.274658
            ],
            [
              121.1545095,
              14.2744651
            ],
            [
              121.1544947,
              14.2744066
            ],
            [
              121.1545148,
              14.2741726
            ],
            [
              121.1545256,
              14.2738685
            ],
            [
              121.1545403,
              14.273771
            ],
            [
              121.1545618,
              14.2737398
            ],
            [
              121.1545864,
              14.2737312
            ],
            [
              121.1546946,
              14.2737281
            ],
            [
              121.1549467,
              14.2737892
            ],
            [
              121.1550191,
              14.2737827
            ],
            [
              121.1550647,
              14.273758
            ],
            [
              121.1551143,
              14.2736866
            ],
            [
              121.1552565,
              14.2733642
            ],
            [
              121.1553182,
              14.2732849
            ],
            [
              121.1553788,
              14.2732255
            ],
            [
              121.1554992,
              14.2731602
            ],
            [
              121.1556749,
              14.2731082
            ],
            [
              121.1557943,
              14.2730679
            ],
            [
              121.1558855,
              14.2730081
            ],
            [
              121.1559673,
              14.272934
            ],
            [
              121.1561295,
              14.2726624
            ],
            [
              121.1562154,
              14.2725428
            ],
            [
              121.1563441,
              14.27237
            ],
            [
              121.1564487,
              14.2722387
            ],
            [
              121.1565493,
              14.2721061
            ],
            [
              121.1566284,
              14.2720658
            ],
            [
              121.1566807,
              14.2720593
            ],
            [
              121.1570831,
              14.2722439
            ],
            [
              121.15713,
              14.27224
            ],
            [
              121.1571716,
              14.272227
            ],
            [
              121.1572292,
              14.2721191
            ],
            [
              121.1573043,
              14.2718462
            ],
            [
              121.1573634,
              14.2716148
            ],
            [
              121.1574438,
              14.2715108
            ],
            [
              121.1575243,
              14.2714537
            ],
            [
              121.1577174,
              14.2713731
            ],
            [
              121.1581586,
              14.2712587
            ],
            [
              121.1582523,
              14.2712655
            ],
            [
              121.1582994,
              14.2713042
            ],
            [
              121.1584912,
              14.2715745
            ],
            [
              121.1585543,
              14.2715953
            ],
            [
              121.1586079,
              14.2715849
            ],
            [
              121.1590746,
              14.2712405
            ],
            [
              121.1596754,
              14.2708714
            ],
            [
              121.1599517,
              14.2707232
            ],
            [
              121.1600751,
              14.2706374
            ],
            [
              121.1602467,
              14.2704815
            ],
            [
              121.1604318,
              14.2702527
            ],
            [
              121.1605793,
              14.2700552
            ],
            [
              121.1607483,
              14.2698875
            ],
            [
              121.1608502,
              14.2698147
            ],
            [
              121.1609508,
              14.2697653
            ],
            [
              121.1611922,
              14.2696652
            ],
            [
              121.1613679,
              14.2696159
            ],
            [
              121.1614618,
              14.2696185
            ],
            [
              121.1616603,
              14.2696704
            ],
            [
              121.1617836,
              14.269686
            ],
            [
              121.1618614,
              14.2696652
            ],
            [
              121.1619982,
              14.2695366
            ],
            [
              121.1621296,
              14.2693
            ],
            [
              121.1623335,
              14.2689036
            ],
            [
              121.1624891,
              14.2686567
            ],
            [
              121.1626929,
              14.2682251
            ],
            [
              121.162878,
              14.267752
            ],
            [
              121.1630174,
              14.2674271
            ],
            [
              121.163173,
              14.2670476
            ],
            [
              121.1635593,
              14.2663093
            ],
            [
              121.1638784,
              14.265766
            ],
            [
              121.1641326,
              14.2653985
            ],
            [
              121.1636405,
              14.265136
            ],
            [
              121.1631006,
              14.2649134
            ],
            [
              121.1627196,
              14.2648011
            ],
            [
              121.162417,
              14.2646635
            ],
            [
              121.162062,
              14.2644499
            ],
            [
              121.1619444,
              14.2643377
            ],
            [
              121.1618491,
              14.2643123
            ],
            [
              121.161681,
              14.2641765
            ],
            [
              121.1611707,
              14.2641465
            ],
            [
              121.1607778,
              14.2641179
            ],
            [
              121.1606022,
              14.2640731
            ],
            [
              121.1606275,
              14.2643003
            ],
            [
              121.1606112,
              14.2645604
            ],
            [
              121.1600665,
              14.2645131
            ],
            [
              121.1599282,
              14.2653247
            ],
            [
              121.1613268,
              14.2656794
            ],
            [
              121.16066,
              14.2669638
            ],
            [
              121.1592127,
              14.2664753
            ],
            [
              121.1592207,
              14.2663696
            ],
            [
              121.1583102,
              14.2661248
            ],
            [
              121.1580616,
              14.266075
            ],
            [
              121.1581359,
              14.2658097
            ],
            [
              121.1574564,
              14.2656005
            ],
            [
              121.1575052,
              14.2653957
            ],
            [
              121.1565101,
              14.2651645
            ],
            [
              121.1560291,
              14.2650604
            ],
            [
              121.1558412,
              14.2650005
            ],
            [
              121.155345,
              14.2648796
            ],
            [
              121.1553892,
              14.2645807
            ],
            [
              121.1541662,
              14.2641494
            ],
            [
              121.1539168,
              14.2649032
            ],
            [
              121.1538524,
              14.2652672
            ],
            [
              121.1537666,
              14.2652308
            ],
            [
              121.1535252,
              14.2657351
            ],
            [
              121.1544303,
              14.2660299
            ],
            [
              121.1535305,
              14.2676169
            ],
            [
              121.1487751,
              14.2658369
            ],
            [
              121.1477275,
              14.2654637
            ],
            [
              121.1470593,
              14.26739
            ],
            [
              121.1462155,
              14.2671321
            ],
            [
              121.1460096,
              14.2671698
            ],
            [
              121.145736,
              14.2670918
            ],
            [
              121.1456716,
              14.2669046
            ],
            [
              121.1454838,
              14.2668942
            ],
            [
              121.1451942,
              14.2668786
            ],
            [
              121.145001,
              14.2667642
            ],
            [
              121.1448938,
              14.2665927
            ],
            [
              121.1445518,
              14.2665557
            ],
            [
              121.1445075,
              14.2666966
            ],
            [
              121.1442983,
              14.2666187
            ],
            [
              121.1441803,
              14.2669514
            ],
            [
              121.1442769,
              14.2669618
            ],
            [
              121.1442608,
              14.2671334
            ],
            [
              121.1441052,
              14.2671334
            ],
            [
              121.1440408,
              14.2673153
            ],
            [
              121.143968,
              14.2674978
            ],
            [
              121.1441857,
              14.2675753
            ],
            [
              121.1436868,
              14.2690466
            ],
            [
              121.1447704,
              14.2696237
            ],
            [
              121.1442715,
              14.2709442
            ],
            [
              121.1447757,
              14.2711105
            ],
            [
              121.1447006,
              14.2719528
            ],
            [
              121.1447114,
              14.2723427
            ],
            [
              121.1446255,
              14.2725246
            ],
            [
              121.1444002,
              14.2727326
            ],
            [
              121.1442398,
              14.2730348
            ],
            [
              121.1438099,
              14.2728749
            ],
            [
              121.1437226,
              14.2728425
            ],
            [
              121.1436677,
              14.2729234
            ],
            [
              121.1431764,
              14.2735487
            ],
            [
              121.1427577,
              14.2740816
            ],
            [
              121.1414268,
              14.2734304
            ],
            [
              121.1414629,
              14.2732846
            ],
            [
              121.1413157,
              14.273233
            ],
            [
              121.1413854,
              14.2730068
            ],
            [
              121.1412862,
              14.2729639
            ],
            [
              121.1412446,
              14.2730289
            ],
            [
              121.1411973,
              14.2730222
            ],
            [
              121.1408991,
              14.2736067
            ],
            [
              121.140643,
              14.2741927
            ],
            [
              121.1403931,
              14.2749762
            ],
            [
              121.1387059,
              14.2738685
            ],
            [
              121.1384812,
              14.2737325
            ],
            [
              121.138337,
              14.2736407
            ]
          ]
        ]
      }
    },
    {
      "type": "Feature",
      "properties": {
        "element": "relation",
        "id": 1814661,
        "name": "Niugan"
      },
      "geometry": {
        "type": "Polygon",
        "coordinates": [
          [
            [
              121.1211495,
              14.2554583
            ],
            [
              121.1212445,
              14.2555332
            ],
            [
              121.1213685,
              14.2556761
            ],
            [
              121.1213577,
              14.2558425
            ],
            [
              121.1212912,
              14.2559371
            ],
            [
              121.1213041,
              14.2560608
            ],
            [
              121.1213899,
              14.2561232
            ],
            [
              121.1215079,
              14.2560296
            ],
            [
              121.1216152,
              14.25604
            ],
            [
              121.1216903,
              14.256144
            ],
            [
              121.1216045,
              14.2563104
            ],
            [
              121.121465,
              14.2564976
            ],
            [
              121.1214114,
              14.2566432
            ],
            [
              121.1215616,
              14.2568199
            ],
            [
              121.1216903,
              14.2569551
            ],
            [
              121.12198,
              14.2571839
            ],
            [
              121.1222053,
              14.2572982
            ],
            [
              121.1223984,
              14.2572879
            ],
            [
              121.1225486,
              14.2572567
            ],
            [
              121.1226559,
              14.2574854
            ],
            [
              121.1228383,
              14.2578598
            ],
            [
              121.1229241,
              14.2579741
            ],
            [
              121.1229349,
              14.2581301
            ],
            [
              121.1229241,
              14.2583381
            ],
            [
              121.1230743,
              14.2584941
            ],
            [
              121.1230851,
              14.2586188
            ],
            [
              121.1229885,
              14.2587748
            ],
            [
              121.1230636,
              14.2590036
            ],
            [
              121.1233748,
              14.2594299
            ],
            [
              121.1235786,
              14.2597627
            ],
            [
              121.1235571,
              14.2599706
            ],
            [
              121.1236108,
              14.260137
            ],
            [
              121.1239434,
              14.2604905
            ],
            [
              121.1241794,
              14.2607713
            ],
            [
              121.1244262,
              14.261208
            ],
            [
              121.124394,
              14.2615408
            ],
            [
              121.1242084,
              14.2617867
            ],
            [
              121.123938,
              14.2619668
            ],
            [
              121.1237554,
              14.26218
            ],
            [
              121.1235571,
              14.2624563
            ],
            [
              121.1234807,
              14.2625897
            ],
            [
              121.1234499,
              14.2627475
            ],
            [
              121.1236215,
              14.2629346
            ],
            [
              121.1237932,
              14.2630178
            ],
            [
              121.1239648,
              14.2630386
            ],
            [
              121.1239986,
              14.2631436
            ],
            [
              121.1239042,
              14.2632102
            ],
            [
              121.1238809,
              14.2632889
            ],
            [
              121.1239402,
              14.2635751
            ],
            [
              121.1239434,
              14.2638081
            ],
            [
              121.1240287,
              14.263943
            ],
            [
              121.1240453,
              14.2640724
            ],
            [
              121.1239875,
              14.2641066
            ],
            [
              121.1238999,
              14.2640899
            ],
            [
              121.1238085,
              14.2641403
            ],
            [
              121.12357,
              14.2645136
            ],
            [
              121.1235007,
              14.2646417
            ],
            [
              121.1235689,
              14.2647223
            ],
            [
              121.1237095,
              14.2647631
            ],
            [
              121.123916,
              14.2647917
            ],
            [
              121.1243316,
              14.2648698
            ],
            [
              121.1245348,
              14.2649767
            ],
            [
              121.1246452,
              14.2650939
            ],
            [
              121.1248017,
              14.265243
            ],
            [
              121.1247583,
              14.2653913
            ],
            [
              121.1247395,
              14.2654555
            ],
            [
              121.1246404,
              14.2657103
            ],
            [
              121.1245143,
              14.2657986
            ],
            [
              121.1244016,
              14.265744
            ],
            [
              121.1243076,
              14.2657353
            ],
            [
              121.1242404,
              14.2657854
            ],
            [
              121.1242065,
              14.265971
            ],
            [
              121.1240374,
              14.2660839
            ],
            [
              121.1236171,
              14.2661836
            ],
            [
              121.1235056,
              14.2663072
            ],
            [
              121.1235785,
              14.2664483
            ],
            [
              121.1238144,
              14.2665678
            ],
            [
              121.124343,
              14.2667524
            ],
            [
              121.1248064,
              14.2669083
            ],
            [
              121.1250923,
              14.2668484
            ],
            [
              121.1252092,
              14.2667307
            ],
            [
              121.125318,
              14.2662643
            ],
            [
              121.1255098,
              14.2660956
            ],
            [
              121.1256566,
              14.2660141
            ],
            [
              121.1257985,
              14.2660196
            ],
            [
              121.125947,
              14.2661337
            ],
            [
              121.1260407,
              14.2661442
            ],
            [
              121.1261833,
              14.2660614
            ],
            [
              121.1263918,
              14.2657776
            ],
            [
              121.1265093,
              14.2656687
            ],
            [
              121.1266685,
              14.2656797
            ],
            [
              121.1269114,
              14.2657827
            ],
            [
              121.1269417,
              14.2657947
            ],
            [
              121.127065,
              14.2658504
            ],
            [
              121.1271931,
              14.265841
            ],
            [
              121.1272485,
              14.2658145
            ],
            [
              121.1273576,
              14.2657342
            ],
            [
              121.1275303,
              14.2656294
            ],
            [
              121.1276729,
              14.2655556
            ],
            [
              121.1281225,
              14.265467
            ],
            [
              121.1283262,
              14.2654576
            ],
            [
              121.1285756,
              14.2655804
            ],
            [
              121.1288572,
              14.2657837
            ],
            [
              121.1293037,
              14.2659773
            ],
            [
              121.129973,
              14.2660956
            ],
            [
              121.1307025,
              14.2660332
            ],
            [
              121.13107,
              14.2659371
            ],
            [
              121.1313467,
              14.2658901
            ],
            [
              121.1314936,
              14.2659037
            ],
            [
              121.1315753,
              14.2659153
            ],
            [
              121.1317467,
              14.2660086
            ],
            [
              121.1318573,
              14.2660099
            ],
            [
              121.1319548,
              14.2659452
            ],
            [
              121.1320358,
              14.2659485
            ],
            [
              121.1322385,
              14.2660525
            ],
            [
              121.1323371,
              14.2662431
            ],
            [
              121.1324274,
              14.2662377
            ],
            [
              121.1324423,
              14.2662984
            ],
            [
              121.1322988,
              14.2664622
            ],
            [
              121.1323246,
              14.266504
            ],
            [
              121.1325332,
              14.2664952
            ],
            [
              121.13265,
              14.2666387
            ],
            [
              121.1325412,
              14.2667739
            ],
            [
              121.1325533,
              14.2668972
            ],
            [
              121.1328201,
              14.2668695
            ],
            [
              121.1328595,
              14.2669615
            ],
            [
              121.1328973,
              14.2669248
            ],
            [
              121.1329402,
              14.2669503
            ],
            [
              121.1330408,
              14.2671804
            ],
            [
              121.1330985,
              14.2672156
            ],
            [
              121.1334299,
              14.2672316
            ],
            [
              121.1335107,
              14.2674633
            ],
            [
              121.1335752,
              14.2675115
            ],
            [
              121.134137,
              14.2676403
            ],
            [
              121.1341769,
              14.2676163
            ],
            [
              121.1341721,
              14.2677717
            ],
            [
              121.1339492,
              14.2680625
            ],
            [
              121.1338684,
              14.268259
            ],
            [
              121.1339803,
              14.2683463
            ],
            [
              121.1343058,
              14.2683709
            ],
            [
              121.134401,
              14.2684811
            ],
            [
              121.1343874,
              14.2687833
            ],
            [
              121.1349426,
              14.2689829
            ],
            [
              121.1348409,
              14.2693166
            ],
            [
              121.1349204,
              14.269364
            ],
            [
              121.1352031,
              14.2693967
            ],
            [
              121.1352746,
              14.2694477
            ],
            [
              121.1354059,
              14.2698034
            ],
            [
              121.1357283,
              14.2702173
            ],
            [
              121.1357526,
              14.2703636
            ],
            [
              121.1356411,
              14.2704367
            ],
            [
              121.1356085,
              14.2706322
            ],
            [
              121.1359594,
              14.2708085
            ],
            [
              121.136055,
              14.2710254
            ],
            [
              121.1364771,
              14.2712683
            ],
            [
              121.1369073,
              14.272231
            ],
            [
              121.1371218,
              14.2723485
            ],
            [
              121.1373888,
              14.2723745
            ],
            [
              121.1374809,
              14.2725259
            ],
            [
              121.1375505,
              14.2728182
            ],
            [
              121.1376041,
              14.2729086
            ],
            [
              121.1377469,
              14.2730393
            ],
            [
              121.1380149,
              14.2732978
            ],
            [
              121.138337,
              14.2736407
            ],
            [
              121.1384812,
              14.2737325
            ],
            [
              121.1387059,
              14.2738685
            ],
            [
              121.1403931,
              14.2749762
            ],
            [
              121.140643,
              14.2741927
            ],
            [
              121.1408991,
              14.2736067
            ],
            [
              121.1411973,
              14.2730222
            ],
            [
              121.1412446,
              14.2730289
            ],
            [
              121.1412862,
              14.2729639
            ],
            [
              121.1413854,
              14.2730068
            ],
            [
              121.1413157,
              14.273233
            ],
            [
              121.1414629,
              14.2732846
            ],
            [
              121.1414268,
              14.2734304
            ],
            [
              121.1427577,
              14.2740816
            ],
            [
              121.1431764,
              14.2735487
            ],
            [
              121.1436677,
              14.2729234
            ],
            [
              121.1437226,
              14.2728425
            ],
            [
              121.1438099,
              14.2728749
            ],
            [
              121.1442398,
              14.2730348
            ],
            [
              121.1444002,
              14.2727326
            ],
            [
              121.1446255,
              14.2725246
            ],
            [
              121.1447114,
              14.2723427
            ],
            [
              121.1447006,
              14.2719528
            ],
            [
              121.1447757,
              14.2711105
            ],
            [
              121.1442715,
              14.2709442
            ],
            [
              121.1447704,
              14.2696237
            ],
            [
              121.1436868,
              14.2690466
            ],
            [
              121.1441857,
              14.2675753
            ],
            [
              121.143968,
              14.2674978
            ],
            [
              121.1440408,
              14.2673153
            ],
            [
              121.1441052,
              14.2671334
            ],
            [
              121.1442608,
              14.2671334
            ],
            [
              121.1442769,
              14.2669618
            ],
            [
              121.1441803,
              14.2669514
            ],
            [
              121.1442983,
              14.2666187
            ],
            [
              121.1445075,
              14.2666966
            ],
            [
              121.1445518,
              14.2665557
            ],
            [
              121.1447415,
              14.2659519
            ],
            [
              121.1443332,
              14.2657452
            ],
            [
              121.1442313,
              14.2656724
            ],
            [
              121.144018,
              14.2654307
            ],
            [
              121.1439657,
              14.2653774
            ],
            [
              121.143668,
              14.2652981
            ],
            [
              121.1432549,
              14.2650408
            ],
            [
              121.1431919,
              14.2650083
            ],
            [
              121.1427936,
              14.2649017
            ],
            [
              121.1427037,
              14.2648744
            ],
            [
              121.1426595,
              14.2648536
            ],
            [
              121.1426622,
              14.2646781
            ],
            [
              121.14259,
              14.2646644
            ],
            [
              121.142587,
              14.2645087
            ],
            [
              121.1426191,
              14.2639991
            ],
            [
              121.1426124,
              14.2634865
            ],
            [
              121.1426063,
              14.263448
            ],
            [
              121.1426127,
              14.2633961
            ],
            [
              121.1425355,
              14.2634002
            ],
            [
              121.1423917,
              14.2632838
            ],
            [
              121.1422973,
              14.2631819
            ],
            [
              121.14216,
              14.2630529
            ],
            [
              121.1420827,
              14.2630592
            ],
            [
              121.1419647,
              14.2631403
            ],
            [
              121.1417608,
              14.2632318
            ],
            [
              121.141675,
              14.2632214
            ],
            [
              121.1416471,
              14.263082
            ],
            [
              121.1416536,
              14.26303
            ],
            [
              121.1411331,
              14.262805
            ],
            [
              121.1406155,
              14.2625804
            ],
            [
              121.1401733,
              14.2624638
            ],
            [
              121.1394338,
              14.2624638
            ],
            [
              121.1393907,
              14.2624041
            ],
            [
              121.1382569,
              14.2623384
            ],
            [
              121.137845,
              14.262246
            ],
            [
              121.1377229,
              14.262661
            ],
            [
              121.1375889,
              14.2632511
            ],
            [
              121.1374629,
              14.2632411
            ],
            [
              121.1372843,
              14.2632588
            ],
            [
              121.137146,
              14.2633127
            ],
            [
              121.1368743,
              14.2632232
            ],
            [
              121.1366191,
              14.2631977
            ],
            [
              121.1365509,
              14.2632669
            ],
            [
              121.1365391,
              14.2634817
            ],
            [
              121.1365046,
              14.2636089
            ],
            [
              121.1364421,
              14.2637527
            ],
            [
              121.1364394,
              14.2638879
            ],
            [
              121.1364201,
              14.2640654
            ],
            [
              121.1362959,
              14.2642206
            ],
            [
              121.1361802,
              14.2642758
            ],
            [
              121.1358895,
              14.264291
            ],
            [
              121.135711,
              14.2642825
            ],
            [
              121.1352646,
              14.2642613
            ],
            [
              121.134819,
              14.2642464
            ],
            [
              121.1344451,
              14.2642861
            ],
            [
              121.1341121,
              14.2642017
            ],
            [
              121.1337946,
              14.2640974
            ],
            [
              121.1335846,
              14.2639982
            ],
            [
              121.1335044,
              14.2638147
            ],
            [
              121.1334524,
              14.2636092
            ],
            [
              121.1334635,
              14.2634433
            ],
            [
              121.1334672,
              14.2633207
            ],
            [
              121.1334412,
              14.263209
            ],
            [
              121.1333184,
              14.2630431
            ],
            [
              121.1331781,
              14.262941
            ],
            [
              121.1328586,
              14.2626505
            ],
            [
              121.1319955,
              14.2619063
            ],
            [
              121.1318387,
              14.2617809
            ],
            [
              121.1315607,
              14.2614956
            ],
            [
              121.1314353,
              14.2613168
            ],
            [
              121.1312384,
              14.2608502
            ],
            [
              121.1311388,
              14.2606364
            ],
            [
              121.1309263,
              14.2603775
            ],
            [
              121.1308504,
              14.2603242
            ],
            [
              121.1305296,
              14.2603614
            ],
            [
              121.1304993,
              14.2603247
            ],
            [
              121.130475,
              14.2602952
            ],
            [
              121.1304459,
              14.2602172
            ],
            [
              121.1303157,
              14.260082
            ],
            [
              121.1302646,
              14.2599783
            ],
            [
              121.1302168,
              14.2598038
            ],
            [
              121.1298967,
              14.2595823
            ],
            [
              121.1296358,
              14.2593977
            ],
            [
              121.1296015,
              14.2593238
            ],
            [
              121.1295443,
              14.2591669
            ],
            [
              121.129472,
              14.2591207
            ],
            [
              121.1293615,
              14.2589878
            ],
            [
              121.1293234,
              14.2588697
            ],
            [
              121.1291177,
              14.2586333
            ],
            [
              121.1290129,
              14.2585909
            ],
            [
              121.128931,
              14.2584857
            ],
            [
              121.1288815,
              14.2583361
            ],
            [
              121.1288643,
              14.2581884
            ],
            [
              121.1288205,
              14.2581533
            ],
            [
              121.1287691,
              14.258146
            ],
            [
              121.1286662,
              14.2581737
            ],
            [
              121.1284366,
              14.2582191
            ],
            [
              121.1283496,
              14.258198
            ],
            [
              121.1282914,
              14.2581629
            ],
            [
              121.1282843,
              14.2581221
            ],
            [
              121.1282809,
              14.2580454
            ],
            [
              121.1280377,
              14.25788
            ],
            [
              121.1279307,
              14.2578451
            ],
            [
              121.1278528,
              14.257838
            ],
            [
              121.1277299,
              14.2578031
            ],
            [
              121.1275838,
              14.2577089
            ],
            [
              121.1274222,
              14.2576218
            ],
            [
              121.1273834,
              14.2576502
            ],
            [
              121.1273715,
              14.2576894
            ],
            [
              121.1274096,
              14.2577679
            ],
            [
              121.1274429,
              14.2578187
            ],
            [
              121.1274072,
              14.2578648
            ],
            [
              121.127331,
              14.2578856
            ],
            [
              121.1272,
              14.2578556
            ],
            [
              121.1269976,
              14.2577679
            ],
            [
              121.1267674,
              14.2576249
            ],
            [
              121.1265025,
              14.2574575
            ],
            [
              121.126318,
              14.257345
            ],
            [
              121.1261275,
              14.2572297
            ],
            [
              121.1259787,
              14.2570941
            ],
            [
              121.1258991,
              14.2570167
            ],
            [
              121.1258991,
              14.2569162
            ],
            [
              121.1259779,
              14.256827
            ],
            [
              121.1259913,
              14.2568119
            ],
            [
              121.1260797,
              14.2567225
            ],
            [
              121.1260913,
              14.2565064
            ],
            [
              121.1261066,
              14.2562308
            ],
            [
              121.1260029,
              14.2561153
            ],
            [
              121.1258107,
              14.256011
            ],
            [
              121.1256724,
              14.2558918
            ],
            [
              121.1254418,
              14.2555529
            ],
            [
              121.1252919,
              14.2554635
            ],
            [
              121.1252458,
              14.2553182
            ],
            [
              121.1251228,
              14.2552661
            ],
            [
              121.125092,
              14.2551469
            ],
            [
              121.1250767,
              14.2550277
            ],
            [
              121.1249498,
              14.254942
            ],
            [
              121.1248538,
              14.254726
            ],
            [
              121.1247577,
              14.2546477
            ],
            [
              121.1246462,
              14.254644
            ],
            [
              121.1245232,
              14.254644
            ],
            [
              121.1244387,
              14.2545583
            ],
            [
              121.1243695,
              14.2544503
            ],
            [
              121.124285,
              14.2543199
            ],
            [
              121.1241889,
              14.2542529
            ],
            [
              121.12406,
              14.2542356
            ],
            [
              121.1239287,
              14.2541345
            ],
            [
              121.1237613,
              14.2540909
            ],
            [
              121.1236345,
              14.254057
            ],
            [
              121.1235902,
              14.2539518
            ],
            [
              121.1235447,
              14.2539343
            ],
            [
              121.1235046,
              14.2539269
            ],
            [
              121.1234559,
              14.2539481
            ],
            [
              121.1234387,
              14.2539924
            ],
            [
              121.1233916,
              14.2540201
            ],
            [
              121.1233431,
              14.2539966
            ],
            [
              121.123353,
              14.2539315
            ],
            [
              121.1233578,
              14.2538884
            ],
            [
              121.1233551,
              14.2537046
            ],
            [
              121.1232519,
              14.2535964
            ],
            [
              121.1229953,
              14.2536937
            ],
            [
              121.1229479,
              14.2536721
            ],
            [
              121.1229359,
              14.2535621
            ],
            [
              121.1229011,
              14.2534555
            ],
            [
              121.1228612,
              14.2534364
            ],
            [
              121.1228065,
              14.2534561
            ],
            [
              121.1227395,
              14.2534843
            ],
            [
              121.1227128,
              14.2534388
            ],
            [
              121.122744,
              14.2533588
            ],
            [
              121.1227016,
              14.2533307
            ],
            [
              121.1225923,
              14.2532767
            ],
            [
              121.1225008,
              14.2531642
            ],
            [
              121.1224361,
              14.2530409
            ],
            [
              121.1223379,
              14.2529566
            ],
            [
              121.1221589,
              14.252849
            ],
            [
              121.1211495,
              14.2554583
            ]
          ]
        ]
      }
    },
    {
      "type": "Feature",
      "properties": {
        "element": "relation",
        "id": 6939787,
        "name": "Pittland"
      },
      "geometry": {
        "type": "Polygon",
        "coordinates": [
          [
            [
              121.0540407,
              14.216084
            ],
            [
              121.054265,
              14.2160814
            ],
            [
              121.0543617,
              14.2161837
            ],
            [
              121.0544794,
              14.2162438
            ],
            [
              121.0547003,
              14.2162772
            ],
            [
              121.0551497,
              14.2162038
            ],
            [
              121.0554768,
              14.2161286
            ],
            [
              121.0557452,
              14.2160971
            ],
            [
              121.0559676,
              14.2160688
            ],
            [
              121.0560749,
              14.2160844
            ],
            [
              121.0561529,
              14.2161908
            ],
            [
              121.0562307,
              14.2164716
            ],
            [
              121.0563138,
              14.2166016
            ],
            [
              121.0564381,
              14.2166892
            ],
            [
              121.0565793,
              14.2167602
            ],
            [
              121.0566518,
              14.2169032
            ],
            [
              121.0567128,
              14.2170792
            ],
            [
              121.0567886,
              14.2172672
            ],
            [
              121.0568099,
              14.2174234
            ],
            [
              121.056806,
              14.2175571
            ],
            [
              121.056814,
              14.2176533
            ],
            [
              121.0568409,
              14.217743
            ],
            [
              121.0569172,
              14.2178186
            ],
            [
              121.0570192,
              14.2178509
            ],
            [
              121.0571532,
              14.2178459
            ],
            [
              121.0572271,
              14.2178665
            ],
            [
              121.0572995,
              14.2179029
            ],
            [
              121.0574283,
              14.2179185
            ],
            [
              121.0576308,
              14.2179211
            ],
            [
              121.0577568,
              14.2179432
            ],
            [
              121.0578708,
              14.2180095
            ],
            [
              121.057978,
              14.2180669
            ],
            [
              121.0581444,
              14.2181109
            ],
            [
              121.0583912,
              14.2181434
            ],
            [
              121.058623,
              14.2182151
            ],
            [
              121.0589127,
              14.2183399
            ],
            [
              121.0589746,
              14.21838
            ],
            [
              121.0590361,
              14.2184491
            ],
            [
              121.0590591,
              14.2185672
            ],
            [
              121.0590186,
              14.2186493
            ],
            [
              121.0589382,
              14.218674
            ],
            [
              121.0588243,
              14.2186948
            ],
            [
              121.0587439,
              14.2187388
            ],
            [
              121.0587117,
              14.2188129
            ],
            [
              121.0586954,
              14.2189691
            ],
            [
              121.0587572,
              14.2191641
            ],
            [
              121.0589759,
              14.2194876
            ],
            [
              121.0590577,
              14.219615
            ],
            [
              121.0591447,
              14.2196906
            ],
            [
              121.0592347,
              14.2197229
            ],
            [
              121.059342,
              14.2197359
            ],
            [
              121.0594706,
              14.2197192
            ],
            [
              121.059633,
              14.2196865
            ],
            [
              121.0598234,
              14.2196334
            ],
            [
              121.0601587,
              14.2195268
            ],
            [
              121.0603867,
              14.2194785
            ],
            [
              121.0606027,
              14.2194889
            ],
            [
              121.0607582,
              14.2194798
            ],
            [
              121.0610569,
              14.2194218
            ],
            [
              121.0612813,
              14.2194109
            ],
            [
              121.0614901,
              14.2194439
            ],
            [
              121.0616419,
              14.2194462
            ],
            [
              121.06176,
              14.219433
            ],
            [
              121.0618177,
              14.2194096
            ],
            [
              121.0618444,
              14.2193643
            ],
            [
              121.061831,
              14.2192707
            ],
            [
              121.0618485,
              14.2191236
            ],
            [
              121.0619169,
              14.2189338
            ],
            [
              121.0619798,
              14.2187793
            ],
            [
              121.0620604,
              14.2186062
            ],
            [
              121.0620992,
              14.2184283
            ],
            [
              121.062098,
              14.2182357
            ],
            [
              121.0620871,
              14.2181293
            ],
            [
              121.062102,
              14.2180459
            ],
            [
              121.0621555,
              14.2179824
            ],
            [
              121.0622321,
              14.2179484
            ],
            [
              121.0623688,
              14.2179512
            ],
            [
              121.0625229,
              14.217985
            ],
            [
              121.0627189,
              14.2181187
            ],
            [
              121.062991,
              14.2183724
            ],
            [
              121.0633358,
              14.218679
            ],
            [
              121.063518,
              14.2188872
            ],
            [
              121.0636817,
              14.2192278
            ],
            [
              121.063824,
              14.2194122
            ],
            [
              121.0639796,
              14.219524
            ],
            [
              121.0642208,
              14.2195658
            ],
            [
              121.0644275,
              14.2195578
            ],
            [
              121.0646151,
              14.2194748
            ],
            [
              121.0647519,
              14.2194514
            ],
            [
              121.0649076,
              14.219472
            ],
            [
              121.0651274,
              14.2195684
            ],
            [
              121.0652186,
              14.2197141
            ],
            [
              121.0652159,
              14.2198623
            ],
            [
              121.0651557,
              14.2200076
            ],
            [
              121.0651571,
              14.2201038
            ],
            [
              121.0651973,
              14.2202494
            ],
            [
              121.0652253,
              14.2203797
            ],
            [
              121.0652657,
              14.2204483
            ],
            [
              121.0653139,
              14.2204772
            ],
            [
              121.0653985,
              14.2204782
            ],
            [
              121.0656692,
              14.2204187
            ],
            [
              121.0660957,
              14.2203017
            ],
            [
              121.0663639,
              14.2204473
            ],
            [
              121.0669325,
              14.2207905
            ],
            [
              121.0672973,
              14.2209673
            ],
            [
              121.0677372,
              14.2212897
            ],
            [
              121.0680054,
              14.2216745
            ],
            [
              121.0680591,
              14.2220073
            ],
            [
              121.0678552,
              14.2223609
            ],
            [
              121.0676406,
              14.2227457
            ],
            [
              121.0676514,
              14.2230161
            ],
            [
              121.0678981,
              14.2234633
            ],
            [
              121.0681127,
              14.2235673
            ],
            [
              121.068456,
              14.2235881
            ],
            [
              121.0687242,
              14.2235985
            ],
            [
              121.0690139,
              14.2234009
            ],
            [
              121.0692929,
              14.2231825
            ],
            [
              121.0695396,
              14.2231201
            ],
            [
              121.0696362,
              14.2232657
            ],
            [
              121.0696147,
              14.2236193
            ],
            [
              121.0697864,
              14.2237758
            ],
            [
              121.0700546,
              14.2239209
            ],
            [
              121.0704623,
              14.2240145
            ],
            [
              121.0706876,
              14.2241705
            ],
            [
              121.0708807,
              14.2242433
            ],
            [
              121.0711275,
              14.2241393
            ],
            [
              121.0713743,
              14.2240457
            ],
            [
              121.0716318,
              14.2240977
            ],
            [
              121.0719107,
              14.2243161
            ],
            [
              121.0719107,
              14.2246073
            ],
            [
              121.0718571,
              14.224888
            ],
            [
              121.0719107,
              14.2250752
            ],
            [
              121.0722648,
              14.2252728
            ],
            [
              121.0725544,
              14.2252416
            ],
            [
              121.0728763,
              14.2251584
            ],
            [
              121.0731016,
              14.2252312
            ],
            [
              121.0733162,
              14.225512
            ],
            [
              121.0737346,
              14.2259696
            ],
            [
              121.0740887,
              14.226032
            ],
            [
              121.0744534,
              14.2260008
            ],
            [
              121.0748971,
              14.2260414
            ],
            [
              121.07558,
              14.2260632
            ],
            [
              121.0760199,
              14.2261672
            ],
            [
              121.0764276,
              14.2265832
            ],
            [
              121.0766743,
              14.2269888
            ],
            [
              121.0768567,
              14.2274152
            ],
            [
              121.0770713,
              14.2275608
            ],
            [
              121.0774575,
              14.2275504
            ],
            [
              121.0781549,
              14.22754
            ],
            [
              121.0786913,
              14.2276232
            ],
            [
              121.0792814,
              14.2276024
            ],
            [
              121.0796784,
              14.2274152
            ],
            [
              121.0803758,
              14.2273944
            ],
            [
              121.0807405,
              14.2274776
            ],
            [
              121.0810946,
              14.2275192
            ],
            [
              121.081395,
              14.227488
            ],
            [
              121.081631,
              14.2273528
            ],
            [
              121.081674,
              14.2271552
            ],
            [
              121.0818027,
              14.2269992
            ],
            [
              121.0819207,
              14.2269576
            ],
            [
              121.0820495,
              14.2270096
            ],
            [
              121.0821353,
              14.2273944
            ],
            [
              121.0822211,
              14.2282056
            ],
            [
              121.0823821,
              14.2286424
            ],
            [
              121.082661,
              14.2290896
            ],
            [
              121.0829614,
              14.2292456
            ],
            [
              121.083573,
              14.2292872
            ],
            [
              121.0841738,
              14.2291936
            ],
            [
              121.0846029,
              14.2289544
            ],
            [
              121.0851608,
              14.2286632
            ],
            [
              121.0853969,
              14.2285592
            ],
            [
              121.0856329,
              14.2286008
            ],
            [
              121.085826,
              14.228944
            ],
            [
              121.085944,
              14.2294639
            ],
            [
              121.0860719,
              14.2297992
            ],
            [
              121.0860795,
              14.2304688
            ],
            [
              121.0859938,
              14.2306659
            ],
            [
              121.0859931,
              14.2308404
            ],
            [
              121.0861183,
              14.2312686
            ],
            [
              121.0862659,
              14.2318351
            ],
            [
              121.0866843,
              14.2321262
            ],
            [
              121.0871245,
              14.2322807
            ],
            [
              121.0875856,
              14.2323397
            ],
            [
              121.0879827,
              14.2323549
            ],
            [
              121.0883534,
              14.2323954
            ],
            [
              121.0887235,
              14.2323954
            ],
            [
              121.0892326,
              14.2324277
            ],
            [
              121.0897851,
              14.2324329
            ],
            [
              121.0900587,
              14.2324225
            ],
            [
              121.090284,
              14.2326357
            ],
            [
              121.0903806,
              14.2327917
            ],
            [
              121.0903114,
              14.2330974
            ],
            [
              121.0902626,
              14.2332076
            ],
            [
              121.0904047,
              14.2334349
            ],
            [
              121.0906068,
              14.2335143
            ],
            [
              121.0907534,
              14.233599
            ],
            [
              121.0914673,
              14.2344191
            ],
            [
              121.0918488,
              14.2344366
            ],
            [
              121.0920506,
              14.2336531
            ],
            [
              121.0918774,
              14.233251
            ],
            [
              121.0917953,
              14.2331654
            ],
            [
              121.0921564,
              14.2315649
            ],
            [
              121.0923526,
              14.23064
            ],
            [
              121.0924014,
              14.2304784
            ],
            [
              121.0925361,
              14.229722
            ],
            [
              121.092588,
              14.2294309
            ],
            [
              121.0927352,
              14.2282238
            ],
            [
              121.0929166,
              14.2267361
            ],
            [
              121.0925867,
              14.226646
            ],
            [
              121.0917993,
              14.226562
            ],
            [
              121.0914884,
              14.2266763
            ],
            [
              121.091274,
              14.2271963
            ],
            [
              121.0909612,
              14.2273783
            ],
            [
              121.0898835,
              14.2270507
            ],
            [
              121.089574,
              14.2268864
            ],
            [
              121.0893991,
              14.2262192
            ],
            [
              121.08942,
              14.2255198
            ],
            [
              121.0892838,
              14.225263
            ],
            [
              121.0889506,
              14.2250222
            ],
            [
              121.0888197,
              14.2247736
            ],
            [
              121.088757,
              14.2242968
            ],
            [
              121.0884635,
              14.2242396
            ],
            [
              121.0877254,
              14.2241184
            ],
            [
              121.0872426,
              14.2238793
            ],
            [
              121.0867003,
              14.2238501
            ],
            [
              121.0860742,
              14.2239677
            ],
            [
              121.0854257,
              14.223938
            ],
            [
              121.0848978,
              14.2236817
            ],
            [
              121.0846269,
              14.2234227
            ],
            [
              121.0844102,
              14.2233697
            ],
            [
              121.0840883,
              14.2233593
            ],
            [
              121.0838523,
              14.2232969
            ],
            [
              121.0836163,
              14.2232553
            ],
            [
              121.0834339,
              14.2230161
            ],
            [
              121.0833373,
              14.2225585
            ],
            [
              121.0831656,
              14.2221321
            ],
            [
              121.0828223,
              14.2218825
            ],
            [
              121.0820391,
              14.2215601
            ],
            [
              121.0813417,
              14.2210609
            ],
            [
              121.0809233,
              14.2207073
            ],
            [
              121.0806122,
              14.2204785
            ],
            [
              121.0804512,
              14.2203953
            ],
            [
              121.0800114,
              14.2204161
            ],
            [
              121.0796573,
              14.2203641
            ],
            [
              121.0794105,
              14.2202392
            ],
            [
              121.0792389,
              14.219948
            ],
            [
              121.0790243,
              14.2198024
            ],
            [
              121.078681,
              14.2196568
            ],
            [
              121.0783699,
              14.2195944
            ],
            [
              121.0779943,
              14.2195528
            ],
            [
              121.0777583,
              14.2193968
            ],
            [
              121.0774043,
              14.219116
            ],
            [
              121.0771253,
              14.2187936
            ],
            [
              121.0767498,
              14.2183568
            ],
            [
              121.0763957,
              14.2182424
            ],
            [
              121.0759666,
              14.2181696
            ],
            [
              121.0756447,
              14.2181384
            ],
            [
              121.0753443,
              14.2181488
            ],
            [
              121.0751619,
              14.2182112
            ],
            [
              121.0750976,
              14.2183672
            ],
            [
              121.0749474,
              14.2184088
            ],
            [
              121.0745718,
              14.218388
            ],
            [
              121.0741427,
              14.218284
            ],
            [
              121.0733595,
              14.2183048
            ],
            [
              121.0728552,
              14.218388
            ],
            [
              121.072587,
              14.2183776
            ],
            [
              121.0724046,
              14.2182736
            ],
            [
              121.0723617,
              14.2180344
            ],
            [
              121.072233,
              14.2177848
            ],
            [
              121.0719755,
              14.217556
            ],
            [
              121.0716153,
              14.2175076
            ],
            [
              121.071321,
              14.2175144
            ],
            [
              121.0707846,
              14.2175976
            ],
            [
              121.0702214,
              14.2177699
            ],
            [
              121.0694542,
              14.217816
            ],
            [
              121.0689392,
              14.2178056
            ],
            [
              121.0685422,
              14.2178264
            ],
            [
              121.0682526,
              14.2177744
            ],
            [
              121.0679092,
              14.2177744
            ],
            [
              121.067641,
              14.2175664
            ],
            [
              121.0674157,
              14.2172128
            ],
            [
              121.0665574,
              14.2161416
            ],
            [
              121.0662034,
              14.2158192
            ],
            [
              121.0655811,
              14.2155904
            ],
            [
              121.0648944,
              14.2155384
            ],
            [
              121.0643043,
              14.2153824
            ],
            [
              121.0640039,
              14.2152472
            ],
            [
              121.0640039,
              14.2151223
            ],
            [
              121.0638216,
              14.2149351
            ],
            [
              121.0635211,
              14.2148103
            ],
            [
              121.0631885,
              14.2147271
            ],
            [
              121.0628238,
              14.2145607
            ],
            [
              121.0625126,
              14.2145087
            ],
            [
              121.0622981,
              14.2144359
            ],
            [
              121.0621693,
              14.2143839
            ],
            [
              121.0621687,
              14.2140503
            ],
            [
              121.0622117,
              14.2136966
            ],
            [
              121.0622117,
              14.2134886
            ],
            [
              121.0618469,
              14.2130726
            ],
            [
              121.0612461,
              14.2123238
            ],
            [
              121.0607525,
              14.2115958
            ],
            [
              121.0600874,
              14.2110549
            ],
            [
              121.0592934,
              14.2107013
            ],
            [
              121.0589752,
              14.2106519
            ],
            [
              121.0586658,
              14.2104103
            ],
            [
              121.058408,
              14.2100569
            ],
            [
              121.0563731,
              14.2131994
            ],
            [
              121.0562049,
              14.2134106
            ],
            [
              121.0560442,
              14.2136284
            ],
            [
              121.0558444,
              14.2138364
            ],
            [
              121.0555712,
              14.2140593
            ],
            [
              121.0552664,
              14.2142368
            ],
            [
              121.0549235,
              14.2144987
            ],
            [
              121.0547206,
              14.2146983
            ],
            [
              121.0545578,
              14.214896
            ],
            [
              121.0544044,
              14.2151306
            ],
            [
              121.054258,
              14.2153883
            ],
            [
              121.0541038,
              14.2158033
            ],
            [
              121.0540407,
              14.216084
            ]
          ]
        ]
      }
    },
    {
      "type": "Feature",
      "properties": {
        "element": "relation",
        "id": 9999999,
        "name": "Poblacion"
      },
      "geometry": {
        "type": "MultiPolygon",
        "coordinates": [
          [
            [
              [
                121.12672507700006,
                14.278860291000058
              ],
              [
                121.12666086100012,
                14.279006561000074
              ],
              [
                121.12640119700006,
                14.279632617000061
              ],
              [
                121.12638221200007,
                14.279674120000038
              ],
              [
                121.12614356200004,
                14.280265061000023
              ],
              [
                121.1259758870001,
                14.280676184000072
              ],
              [
                121.1256662190001,
                14.281407493000074
              ],
              [
                121.12482306200002,
                14.283518119000064
              ],
              [
                121.12478378000003,
                14.283613670000022
              ],
              [
                121.1247306140001,
                14.283528101000059
              ],
              [
                121.12441807100004,
                14.282873364000068
              ],
              [
                121.12423011600004,
                14.282447340000033
              ],
              [
                121.12422206500003,
                14.282411474000071
              ],
              [
                121.12421986900006,
                14.282369753000069
              ],
              [
                121.12422792000007,
                14.282318516000032
              ],
              [
                121.12432286100011,
                14.282055528000058
              ],
              [
                121.1243345260001,
                14.282003109000073
              ],
              [
                121.1243369120001,
                14.281939105000049
              ],
              [
                121.12432687600005,
                14.28187788200006
              ],
              [
                121.12417560400002,
                14.281535874000042
              ],
              [
                121.12414794900008,
                14.281490620000056
              ],
              [
                121.12411174100009,
                14.281449627000029
              ],
              [
                121.1240733630001,
                14.281423576000066
              ],
              [
                121.12404067900002,
                14.281411843000058
              ],
              [
                121.12399542500009,
                14.281409329000041
              ],
              [
                121.12394346600001,
                14.281418548000033
              ],
              [
                121.12390659200003,
                14.28144368900007
              ],
              [
                121.12388731700003,
                14.281470507000051
              ],
              [
                121.12373814500006,
                14.281725272000074
              ],
              [
                121.1237062990001,
                14.281767174000038
              ],
              [
                121.12367334500004,
                14.28179489200005
              ],
              [
                121.1236364670001,
                14.281811912000023
              ],
              [
                121.12360207100005,
                14.281820068000059
              ],
              [
                121.1235512610001,
                14.281820809000067
              ],
              [
                121.12347819500008,
                14.28180817200007
              ],
              [
                121.12310572600006,
                14.281703741000058
              ],
              [
                121.12302263700008,
                14.281685799000059
              ],
              [
                121.12284050400001,
                14.281664300000045
              ],
              [
                121.12277822100009,
                14.281666665000046
              ],
              [
                121.1227222440001,
                14.281680856000037
              ],
              [
                121.12253539300002,
                14.281796751000059
              ],
              [
                121.12247232100003,
                14.28182513400003
              ],
              [
                121.12239584600002,
                14.281848786000069
              ],
              [
                121.12231276800003,
                14.281861844000048
              ],
              [
                121.12225866400001,
                14.28186061200006
              ],
              [
                121.12221845500005,
                14.281849574000034
              ],
              [
                121.12217430500004,
                14.281823557000052
              ],
              [
                121.121902696,
                14.281561304000036
              ],
              [
                121.12187123000001,
                14.281509608000022
              ],
              [
                121.12184687600006,
                14.281445648000044
              ],
              [
                121.12183376900009,
                14.281368757000052
              ],
              [
                121.12182320800002,
                14.281245327000022
              ],
              [
                121.1217885210001,
                14.28112502700003
              ],
              [
                121.12178187900008,
                14.281076317000043
              ],
              [
                121.1217907350001,
                14.281009156000039
              ],
              [
                121.1218268990001,
                14.280775937000044
              ],
              [
                121.12183944500009,
                14.280741987000056
              ],
              [
                121.12186453800007,
                14.280713942000034
              ],
              [
                121.1218992260001,
                14.280702871000074
              ],
              [
                121.12193612800002,
                14.280702133000034
              ],
              [
                121.12196712500008,
                14.280705823000062
              ],
              [
                121.1219951710001,
                14.280719846000068
              ],
              [
                121.12201731200003,
                14.28074715300005
              ],
              [
                121.12203309300003,
                14.28078662300004
              ],
              [
                121.12207548800006,
                14.28096316500006
              ],
              [
                121.12209257300003,
                14.28100429500006
              ],
              [
                121.12212611000007,
                14.281042261000039
              ],
              [
                121.12216368300005,
                14.281069829000046
              ],
              [
                121.12220406000006,
                14.281082253000022
              ],
              [
                121.12237834500002,
                14.281097440000053
              ],
              [
                121.12243841700001,
                14.281096105000074
              ],
              [
                121.12250516300003,
                14.281086093000056
              ],
              [
                121.1225605620001,
                14.281066069000076
              ],
              [
                121.12260127700006,
                14.281036034000067
              ],
              [
                121.12263732000008,
                14.280998656000065
              ],
              [
                121.1226653540001,
                14.280955938000034
              ],
              [
                121.12268020400006,
                14.280907322000076
              ],
              [
                121.12271964600006,
                14.280669162000038
              ],
              [
                121.12273094400007,
                14.280590879000044
              ],
              [
                121.12278779400003,
                14.280392884000037
              ],
              [
                121.12279171500006,
                14.280346816000076
              ],
              [
                121.12278289300002,
                14.280302708000022
              ],
              [
                121.12276525000004,
                14.280260561000034
              ],
              [
                121.12273961900007,
                14.280233456000076
              ],
              [
                121.12270411700001,
                14.28020637700007
              ],
              [
                121.12231796900005,
                14.280000551000057
              ],
              [
                121.12224013000002,
                14.279967191000026
              ],
              [
                121.12219194400006,
                14.279974605000064
              ],
              [
                121.12213263900003,
                14.279989431000047
              ],
              [
                121.1220510930001,
                14.280011671000068
              ],
              [
                121.12199178800006,
                14.280033910000043
              ],
              [
                121.12192136200008,
                14.280063563000056
              ],
              [
                121.12182869700007,
                14.280074683000066
              ],
              [
                121.12176939100004,
                14.280078389000039
              ],
              [
                121.12169155300012,
                14.280070976000047
              ],
              [
                121.12157294100007,
                14.280059856000037
              ],
              [
                121.12150622200011,
                14.280067270000075
              ],
              [
                121.12142097000003,
                14.280026497000051
              ],
              [
                121.12127641300003,
                14.280026497000051
              ],
              [
                121.12120228100002,
                14.280026497000051
              ],
              [
                121.12112814800003,
                14.280000551000057
              ],
              [
                121.12097988400001,
                14.27993753800007
              ],
              [
                121.12090575200011,
                14.279907886000046
              ],
              [
                121.1208316200001,
                14.279889353000044
              ],
              [
                121.12074636800003,
                14.27986340600006
              ],
              [
                121.12067964900007,
                14.279848580000078
              ],
              [
                121.12063887600004,
                14.279844873000059
              ],
              [
                121.12060551700006,
                14.27984116700003
              ],
              [
                121.12056474400003,
                14.279822634000027
              ],
              [
                121.1205364010001,
                14.27978543100005
              ],
              [
                121.12052275400004,
                14.27977247800004
              ],
              [
                121.12052501800008,
                14.279747391000058
              ],
              [
                121.12053850300003,
                14.27969345200006
              ],
              [
                121.12054861600006,
                14.279659741000046
              ],
              [
                121.12057390000007,
                14.279620973000021
              ],
              [
                121.1206008690001,
                14.279587261000074
              ],
              [
                121.12061603900008,
                14.279540065000049
              ],
              [
                121.12063289500009,
                14.279504668000072
              ],
              [
                121.12065143600012,
                14.279455787000074
              ],
              [
                121.12068177600008,
                14.27942207600006
              ],
              [
                121.12070368900004,
                14.279390050000075
              ],
              [
                121.12072728700002,
                14.279358024000032
              ],
              [
                121.12076436900009,
                14.27933274000003
              ],
              [
                121.12080482300007,
                14.279322627000056
              ],
              [
                121.12082842100006,
                14.279312513000036
              ],
              [
                121.12086213200007,
                14.279297343000053
              ],
              [
                121.12089415800006,
                14.279292287000033
              ],
              [
                121.12092786900007,
                14.27928048800004
              ],
              [
                121.1209632660001,
                14.279270374000077
              ],
              [
                121.12099697800011,
                14.279248462000055
              ],
              [
                121.12103911700001,
                14.279231606000053
              ],
              [
                121.12106103000008,
                14.27920632200005
              ],
              [
                121.12108631300009,
                14.279181039000036
              ],
              [
                121.12109979800005,
                14.279147327000032
              ],
              [
                121.12109979800005,
                14.279111931000045
              ],
              [
                121.12109305500007,
                14.279071477000059
              ],
              [
                121.12108968400003,
                14.279049564000047
              ],
              [
                121.12107431200002,
                14.279013918000032
              ],
              [
                121.12106354700006,
                14.278975165000077
              ],
              [
                121.12097304400004,
                14.27882022600005
              ],
              [
                121.12097338000001,
                14.278791672000068
              ],
              [
                121.1209885500001,
                14.278756275000035
              ],
              [
                121.12100709100002,
                14.27872930600006
              ],
              [
                121.12106440100001,
                14.278687167000044
              ],
              [
                121.12109979800005,
                14.278670311000042
              ],
              [
                121.12113856600001,
                14.278643342000066
              ],
              [
                121.1211773340001,
                14.278609630000062
              ],
              [
                121.12121273100001,
                14.278589404000058
              ],
              [
                121.12124644200003,
                14.278572548000056
              ],
              [
                121.12129026700006,
                14.278543893000062
              ],
              [
                121.12137623100011,
                14.27853209400007
              ],
              [
                121.12141837000001,
                14.278525352000031
              ],
              [
                121.12145713900009,
                14.27852366600007
              ],
              [
                121.12147905100005,
                14.27852703800005
              ],
              [
                121.12151444800008,
                14.278537151000023
              ],
              [
                121.12153973200009,
                14.278548950000072
              ],
              [
                121.12155827300012,
                14.278591089000031
              ],
              [
                121.12157007200005,
                14.278619744000025
              ],
              [
                121.12158018500008,
                14.278639971000075
              ],
              [
                121.12158524200004,
                14.278660198000068
              ],
              [
                121.12158524200004,
                14.278683796000053
              ],
              [
                121.12158861300009,
                14.278707394000037
              ],
              [
                121.12159535500007,
                14.278747847000034
              ],
              [
                121.1215902990001,
                14.278778188000047
              ],
              [
                121.12158355600002,
                14.27880852800007
              ],
              [
                121.12158355600002,
                14.278832126000054
              ],
              [
                121.12159535500007,
                14.278862466000078
              ],
              [
                121.12161810900011,
                14.278886231000058
              ],
              [
                121.12165120200007,
                14.278914304000068
              ],
              [
                121.12172345900001,
                14.278963600000054
              ],
              [
                121.12175379900009,
                14.278975399000046
              ],
              [
                121.1217875100001,
                14.278977085000065
              ],
              [
                121.12181785100006,
                14.278963600000054
              ],
              [
                121.1218532480001,
                14.278951801000062
              ],
              [
                121.12187178900001,
                14.278909662000046
              ],
              [
                121.12188358800006,
                14.278884378000043
              ],
              [
                121.12187684600008,
                14.278835497000046
              ],
              [
                121.12185999000008,
                14.278784930000029
              ],
              [
                121.12184819100003,
                14.27873436300007
              ],
              [
                121.12183639200009,
                14.278690538000035
              ],
              [
                121.1218127940001,
                14.278645027000039
              ],
              [
                121.1217959380001,
                14.278602888000023
              ],
              [
                121.12177234,
                14.278564120000055
              ],
              [
                121.1217470570001,
                14.278525352000031
              ],
              [
                121.12170491800009,
                14.278491641000073
              ],
              [
                121.12168300500002,
                14.278473099000053
              ],
              [
                121.1216644640001,
                14.27845118700003
              ],
              [
                121.12162139400004,
                14.278400592000025
              ],
              [
                121.12158908300012,
                14.278361447000066
              ],
              [
                121.12156424200009,
                14.278323908000061
              ],
              [
                121.12146638800004,
                14.278157419000024
              ],
              [
                121.12145242200006,
                14.278128501000026
              ],
              [
                121.12145376700005,
                14.278085418000046
              ],
              [
                121.12145713900009,
                14.278060134000043
              ],
              [
                121.12148073700007,
                14.278046650000022
              ],
              [
                121.1215161340001,
                14.278029794000076
              ],
              [
                121.12156838600004,
                14.278016310000055
              ],
              [
                121.12160378300007,
                14.278016310000055
              ],
              [
                121.12163580900005,
                14.278024737000067
              ],
              [
                121.12168536700005,
                14.278050852000035
              ],
              [
                121.12171879400012,
                14.278061093000076
              ],
              [
                121.12173932900009,
                14.278062213000055
              ],
              [
                121.12175239700002,
                14.278055866000045
              ],
              [
                121.12176322500011,
                14.278038691000063
              ],
              [
                121.12176994600009,
                14.27801628900005
              ],
              [
                121.12177544000008,
                14.277976310000042
              ],
              [
                121.12179088200003,
                14.277921918000061
              ],
              [
                121.12179425300008,
                14.277876407000065
              ],
              [
                121.1218043660001,
                14.277825840000048
              ],
              [
                121.12181110800009,
                14.27777190200004
              ],
              [
                121.12227732200006,
                14.277960447000055
              ],
              [
                121.12302686700002,
                14.278259271000024
              ],
              [
                121.1230551860001,
                14.278195081000035
              ],
              [
                121.12333271700004,
                14.277498422000065
              ],
              [
                121.12424352900007,
                14.277817603000074
              ],
              [
                121.12488768800006,
                14.278040970000063
              ],
              [
                121.12568378100002,
                14.278416293000078
              ],
              [
                121.12621380900009,
                14.278657784000075
              ],
              [
                121.12644250700009,
                14.278760183000031
              ],
              [
                121.12672507700006,
                14.278860291000058
              ]
            ]
          ],
          [
            [
              [
                121.12768478800001,
                14.27646508600003
              ],
              [
                121.12755275300003,
                14.276769695000041
              ],
              [
                121.12714961800009,
                14.277811425000039
              ],
              [
                121.12672507700006,
                14.278860291000058
              ],
              [
                121.12644250700009,
                14.278760183000031
              ],
              [
                121.12621380900009,
                14.278657784000075
              ],
              [
                121.12568378100002,
                14.278416293000078
              ],
              [
                121.12488768800006,
                14.278040970000063
              ],
              [
                121.12424352900007,
                14.277817603000074
              ],
              [
                121.12333271700004,
                14.277498422000065
              ],
              [
                121.1230551860001,
                14.278195081000035
              ],
              [
                121.12302686700002,
                14.278259271000024
              ],
              [
                121.12227732200006,
                14.277960447000055
              ],
              [
                121.12266412000008,
                14.276820490000034
              ],
              [
                121.12305412700005,
                14.275734852000028
              ],
              [
                121.12314451100008,
                14.275757891000069
              ],
              [
                121.12328274400011,
                14.275802197000075
              ],
              [
                121.12349895500006,
                14.27590144100003
              ],
              [
                121.12401427200007,
                14.276061682000034
              ],
              [
                121.12420306800004,
                14.275599130000046
              ],
              [
                121.12433537100003,
                14.275251768000032
              ],
              [
                121.12485972600007,
                14.275437211000053
              ],
              [
                121.12490448800008,
                14.275382857000068
              ],
              [
                121.12495564500011,
                14.275363674000062
              ],
              [
                121.1250099990001,
                14.275354082000035
              ],
              [
                121.1250643520001,
                14.275341293000054
              ],
              [
                121.12513469300006,
                14.275331701000027
              ],
              [
                121.12521180800002,
                14.275311070000043
              ],
              [
                121.12524952000001,
                14.27534550300004
              ],
              [
                121.12562382300007,
                14.275617574000023
              ],
              [
                121.12541572900011,
                14.276036573000056
              ],
              [
                121.1254086990001,
                14.276061882000022
              ],
              [
                121.1254086990001,
                14.276087191000045
              ],
              [
                121.12541432300009,
                14.276111093000054
              ],
              [
                121.1254398100001,
                14.276134093000053
              ],
              [
                121.12562010800002,
                14.27622750100005
              ],
              [
                121.12649187700003,
                14.27658192900003
              ],
              [
                121.1266703870001,
                14.27613565400003
              ],
              [
                121.12768478800001,
                14.27646508600003
              ]
            ]
          ],
          [
            [
              [
                121.12768478800001,
                14.27646508600003
              ],
              [
                121.1266703870001,
                14.27613565400003
              ],
              [
                121.12649187700003,
                14.27658192900003
              ],
              [
                121.12562010800002,
                14.27622750100005
              ],
              [
                121.1254398100001,
                14.276134093000053
              ],
              [
                121.12541432300009,
                14.276111093000054
              ],
              [
                121.1254086990001,
                14.276087191000045
              ],
              [
                121.1254086990001,
                14.276061882000022
              ],
              [
                121.12541572900011,
                14.276036573000056
              ],
              [
                121.12562382300007,
                14.275617574000023
              ],
              [
                121.12524952000001,
                14.27534550300004
              ],
              [
                121.12521180800002,
                14.275311070000043
              ],
              [
                121.12513469300006,
                14.275331701000027
              ],
              [
                121.1250643520001,
                14.275341293000054
              ],
              [
                121.1250099990001,
                14.275354082000035
              ],
              [
                121.12495564500011,
                14.275363674000062
              ],
              [
                121.12490448800008,
                14.275382857000068
              ],
              [
                121.12485972600007,
                14.275437211000053
              ],
              [
                121.12433537100003,
                14.275251768000032
              ],
              [
                121.12420306800004,
                14.275599130000046
              ],
              [
                121.12401427200007,
                14.276061682000034
              ],
              [
                121.12349895500006,
                14.27590144100003
              ],
              [
                121.12328274400011,
                14.275802197000075
              ],
              [
                121.12314451100008,
                14.275757891000069
              ],
              [
                121.12305412700005,
                14.275734852000028
              ],
              [
                121.12266412000008,
                14.276820490000034
              ],
              [
                121.12227732200006,
                14.277960447000055
              ],
              [
                121.12181110800009,
                14.27777190200004
              ],
              [
                121.12182796400009,
                14.277733134000073
              ],
              [
                121.12185661900003,
                14.277699422000069
              ],
              [
                121.12187516000006,
                14.277648855000052
              ],
              [
                121.12189370100009,
                14.277608402000055
              ],
              [
                121.12192572700008,
                14.27755783400005
              ],
              [
                121.12194258300008,
                14.277502211000069
              ],
              [
                121.12196786700008,
                14.277460071000064
              ],
              [
                121.12199483600011,
                14.277411190000066
              ],
              [
                121.12200832000008,
                14.277380849000053
              ],
              [
                121.1219977720001,
                14.277353782000034
              ],
              [
                121.12196281000001,
                14.277320169000063
              ],
              [
                121.1219442690001,
                14.277301628000032
              ],
              [
                121.12190887200006,
                14.277281401000039
              ],
              [
                121.1218532480001,
                14.277262860000064
              ],
              [
                121.12180605200001,
                14.27723420500007
              ],
              [
                121.12173525800006,
                14.277208921000067
              ],
              [
                121.12164929400001,
                14.277183638000054
              ],
              [
                121.12158861300009,
                14.27716846800007
              ],
              [
                121.12153298900012,
                14.27716004000007
              ],
              [
                121.12145713900009,
                14.27716004000007
              ],
              [
                121.12140320000003,
                14.27716004000007
              ],
              [
                121.12133746300003,
                14.277173524000034
              ],
              [
                121.1212767830001,
                14.277217349000068
              ],
              [
                121.12124138600007,
                14.277251061000072
              ],
              [
                121.12123127200005,
                14.277296571000022
              ],
              [
                121.12121104500011,
                14.27735050900003
              ],
              [
                121.12119081800006,
                14.277390963000073
              ],
              [
                121.12115205000009,
                14.277451643000063
              ],
              [
                121.12109979800005,
                14.277476927000066
              ],
              [
                121.12101383400011,
                14.277508953000051
              ],
              [
                121.12094472500007,
                14.277530865000074
              ],
              [
                121.12086718900002,
                14.277542664000066
              ],
              [
                121.1208149360001,
                14.277527494000026
              ],
              [
                121.1207744830001,
                14.27750052500005
              ],
              [
                121.12075147900009,
                14.277470613000048
              ],
              [
                121.120728686,
                14.277444563000074
              ],
              [
                121.12071240500006,
                14.277410372000077
              ],
              [
                121.12069694600007,
                14.27736399400004
              ],
              [
                121.12070031700011,
                14.277326911000046
              ],
              [
                121.12069694600007,
                14.27729488500006
              ],
              [
                121.12072054400005,
                14.277269602000047
              ],
              [
                121.120750885,
                14.277251061000072
              ],
              [
                121.12078965300009,
                14.277210607000029
              ],
              [
                121.12085033300002,
                14.277171839000061
              ],
              [
                121.1209059570001,
                14.277124643000036
              ],
              [
                121.12095821000003,
                14.277065648000075
              ],
              [
                121.12098180800001,
                14.277016766000031
              ],
              [
                121.12098517900006,
                14.276984740000046
              ],
              [
                121.12099360700006,
                14.276951029000031
              ],
              [
                121.12100540600011,
                14.276917318000073
              ],
              [
                121.12099360700006,
                14.276890348000052
              ],
              [
                121.12095989500006,
                14.276871807000077
              ],
              [
                121.12093798300009,
                14.27686843600003
              ],
              [
                121.1209228130001,
                14.276824611000052
              ],
              [
                121.12091101400006,
                14.276797642000076
              ],
              [
                121.12088573000005,
                14.276765616000034
              ],
              [
                121.12086381800009,
                14.27675213200007
              ],
              [
                121.12082842100006,
                14.27674707500006
              ],
              [
                121.12079470900005,
                14.276743704000069
              ],
              [
                121.120750885,
                14.276740333000077
              ],
              [
                121.12070706000009,
                14.27674201800005
              ],
              [
                121.12067671900002,
                14.27674201800005
              ],
              [
                121.12064300800012,
                14.27675213200007
              ],
              [
                121.12061941000002,
                14.276772358000073
              ],
              [
                121.12059075500008,
                14.276785843000027
              ],
              [
                121.12057052800003,
                14.27682629700007
              ],
              [
                121.12056041500011,
                14.276865065000038
              ],
              [
                121.12054355900011,
                14.276900462000071
              ],
              [
                121.12053681700002,
                14.276939230000039
              ],
              [
                121.12052333200006,
                14.276962828000023
              ],
              [
                121.12052750100008,
                14.277004262000048
              ],
              [
                121.12052668800004,
                14.277021625000032
              ],
              [
                121.1205223180001,
                14.277040468000052
              ],
              [
                121.12051357900009,
                14.27706340800006
              ],
              [
                121.12049855900011,
                14.277084710000054
              ],
              [
                121.12047553600007,
                14.277099531000033
              ],
              [
                121.1204573220001,
                14.27710382600003
              ],
              [
                121.12043765900012,
                14.277103280000063
              ],
              [
                121.12041089500008,
                14.277093449000063
              ],
              [
                121.12039018900009,
                14.277078692000032
              ],
              [
                121.12036954500002,
                14.277052103000074
              ],
              [
                121.1203551100001,
                14.277024058000052
              ],
              [
                121.12034049400006,
                14.27697309000007
              ],
              [
                121.12031748900006,
                14.276827131000061
              ],
              [
                121.12030819000006,
                14.276791177000064
              ],
              [
                121.12029517300004,
                14.276760183000022
              ],
              [
                121.12027347700007,
                14.276732908000042
              ],
              [
                121.1201414410001,
                14.276631247000068
              ],
              [
                121.12011036800004,
                14.276625714000033
              ],
              [
                121.12008677000006,
                14.276622343000042
              ],
              [
                121.12004968700012,
                14.276630771000043
              ],
              [
                121.119992378,
                14.276634142000034
              ],
              [
                121.11994349600002,
                14.276649312000075
              ],
              [
                121.1198996710001,
                14.276650997000047
              ],
              [
                121.11986090300002,
                14.276657740000076
              ],
              [
                121.11981539300007,
                14.276645941000027
              ],
              [
                121.1197681970001,
                14.276637513000026
              ],
              [
                121.11971763000008,
                14.27661560000007
              ],
              [
                121.11967886200011,
                14.276607173000059
              ],
              [
                121.11966369100003,
                14.27659705900004
              ],
              [
                121.11962998000001,
                14.27660043000003
              ],
              [
                121.11945636600001,
                14.276586946000066
              ],
              [
                121.11939905700001,
                14.276570090000064
              ],
              [
                121.11935186100004,
                14.276553234000062
              ],
              [
                121.11930129400002,
                14.27652626500003
              ],
              [
                121.11925072700001,
                14.276482440000052
              ],
              [
                121.11920858700012,
                14.276448729000037
              ],
              [
                121.1191833040001,
                14.276401533000069
              ],
              [
                121.11917059600012,
                14.276306318000024
              ],
              [
                121.11917265900001,
                14.276264935000029
              ],
              [
                121.11919678800007,
                14.276224548000073
              ],
              [
                121.11921701500012,
                14.276180723000039
              ],
              [
                121.119233871,
                14.276138584000023
              ],
              [
                121.11931455800004,
                14.275883906000047
              ],
              [
                121.11932416000002,
                14.275864702000035
              ],
              [
                121.11932875200011,
                14.275840071000061
              ],
              [
                121.1193263460001,
                14.275810370000045
              ],
              [
                121.11931531100004,
                14.275777815000026
              ],
              [
                121.11929434300009,
                14.275751330000048
              ],
              [
                121.11926371900006,
                14.275729397000077
              ],
              [
                121.11922080800002,
                14.275707465000039
              ],
              [
                121.1189349980001,
                14.275605550000023
              ],
              [
                121.11889312500011,
                14.27559715700005
              ],
              [
                121.11862601500002,
                14.27559332100003
              ],
              [
                121.11859886600007,
                14.27559055100005
              ],
              [
                121.11853237600008,
                14.275577253000051
              ],
              [
                121.1184891580001,
                14.275577807000047
              ],
              [
                121.11846090000006,
                14.275581685000077
              ],
              [
                121.11833734100003,
                14.27561548400007
              ],
              [
                121.11830963700004,
                14.275618254000051
              ],
              [
                121.11827805500002,
                14.27561160600004
              ],
              [
                121.1182129230001,
                14.275584734000063
              ],
              [
                121.11827070900006,
                14.275528318000056
              ],
              [
                121.11836627900004,
                14.275439495000057
              ],
              [
                121.11908904900008,
                14.274767737000047
              ],
              [
                121.11959826700001,
                14.274293987000021
              ],
              [
                121.1204084090001,
                14.274521208000067
              ],
              [
                121.12051909700006,
                14.274123227000075
              ],
              [
                121.12060833900011,
                14.27364396300004
              ],
              [
                121.12093133500002,
                14.27373274000007
              ],
              [
                121.12117354000009,
                14.273799310000072
              ],
              [
                121.12130290800008,
                14.273858719000032
              ],
              [
                121.12240779600006,
                14.27428469800003
              ],
              [
                121.1224227670001,
                14.27429372100005
              ],
              [
                121.12243437200004,
                14.274304864000044
              ],
              [
                121.12244072400006,
                14.274319156000047
              ],
              [
                121.12244178200001,
                14.274337153000033
              ],
              [
                121.12243831700005,
                14.274361278000072
              ],
              [
                121.1223642970001,
                14.27456509600006
              ],
              [
                121.12286893200007,
                14.274711603000071
              ],
              [
                121.12319992900007,
                14.274310066000055
              ],
              [
                121.12342004700008,
                14.27352323200006
              ],
              [
                121.1235642480001,
                14.27332356900007
              ],
              [
                121.1238860850001,
                14.273483972000065
              ],
              [
                121.12429343200006,
                14.27364598500003
              ],
              [
                121.12485096500006,
                14.27382827300005
              ],
              [
                121.1266590240001,
                14.274399531000029
              ],
              [
                121.12654810000004,
                14.274721210000052
              ],
              [
                121.12726748500006,
                14.27504447800004
              ],
              [
                121.12735528900009,
                14.27562763900005
              ],
              [
                121.12750954500007,
                14.275615773000027
              ],
              [
                121.12765193400003,
                14.275636538000072
              ],
              [
                121.1280016180001,
                14.275707995000062
              ],
              [
                121.12768478800001,
                14.27646508600003
              ]
            ]
          ]
        ]
      }
    },
    {
      "type": "Feature",
      "properties": {
        "element": "relation",
        "id": 18461982,
        "name": "Pulo"
      },
      "geometry": {
        "type": "Polygon",
        "coordinates": [
          [
            [
              121.100576,
              14.239782
            ],
            [
              121.1007196,
              14.2399285
            ],
            [
              121.1010117,
              14.242058
            ],
            [
              121.1012036,
              14.2423682
            ],
            [
              121.1015586,
              14.2426202
            ],
            [
              121.1016967,
              14.243011
            ],
            [
              121.1021275,
              14.2431181
            ],
            [
              121.1026523,
              14.2428772
            ],
            [
              121.1034698,
              14.2430217
            ],
            [
              121.1039872,
              14.2427792
            ],
            [
              121.1045074,
              14.2425646
            ],
            [
              121.1047164,
              14.2425932
            ],
            [
              121.1049401,
              14.2427587
            ],
            [
              121.1054443,
              14.2429046
            ],
            [
              121.1052825,
              14.2437829
            ],
            [
              121.1052688,
              14.2438384
            ],
            [
              121.1053292,
              14.2438941
            ],
            [
              121.1054814,
              14.2439852
            ],
            [
              121.1055897,
              14.2440361
            ],
            [
              121.1057237,
              14.2440746
            ],
            [
              121.1058472,
              14.2440848
            ],
            [
              121.105933,
              14.2440685
            ],
            [
              121.1061193,
              14.2440584
            ],
            [
              121.1062658,
              14.2439874
            ],
            [
              121.1063747,
              14.2439549
            ],
            [
              121.1064794,
              14.2439285
            ],
            [
              121.1065736,
              14.2439123
            ],
            [
              121.1066615,
              14.2439488
            ],
            [
              121.1067264,
              14.2440442
            ],
            [
              121.1068624,
              14.2441091
            ],
            [
              121.1071626,
              14.2444235
            ],
            [
              121.1072518,
              14.2444946
            ],
            [
              121.1073627,
              14.2445595
            ],
            [
              121.1077835,
              14.244728
            ],
            [
              121.1080222,
              14.2448477
            ],
            [
              121.1082713,
              14.2449917
            ],
            [
              121.1083341,
              14.2450303
            ],
            [
              121.108445,
              14.2450566
            ],
            [
              121.1085643,
              14.2450424
            ],
            [
              121.1087213,
              14.2450039
            ],
            [
              121.1088804,
              14.2449856
            ],
            [
              121.1089935,
              14.2450871
            ],
            [
              121.1092521,
              14.2451493
            ],
            [
              121.1094461,
              14.245196
            ],
            [
              121.1101395,
              14.2440435
            ],
            [
              121.1107649,
              14.2443987
            ],
            [
              121.112022,
              14.2450237
            ],
            [
              121.1126404,
              14.2453168
            ],
            [
              121.1132283,
              14.2454656
            ],
            [
              121.1137512,
              14.2437203
            ],
            [
              121.1138952,
              14.2432447
            ],
            [
              121.1139063,
              14.2432082
            ],
            [
              121.1140484,
              14.2427677
            ],
            [
              121.11495,
              14.242987
            ],
            [
              121.1148663,
              14.2432308
            ],
            [
              121.1168942,
              14.2437442
            ],
            [
              121.1165468,
              14.2446899
            ],
            [
              121.1168078,
              14.2447627
            ],
            [
              121.1177747,
              14.2449944
            ],
            [
              121.1175668,
              14.2458836
            ],
            [
              121.1200827,
              14.2464712
            ],
            [
              121.1202785,
              14.2457131
            ],
            [
              121.1204084,
              14.2452859
            ],
            [
              121.1215148,
              14.2454604
            ],
            [
              121.1215514,
              14.2453554
            ],
            [
              121.1216553,
              14.2455174
            ],
            [
              121.1218427,
              14.2458232
            ],
            [
              121.1218705,
              14.2460434
            ],
            [
              121.1218968,
              14.2463838
            ],
            [
              121.1218697,
              14.2464902
            ],
            [
              121.1218002,
              14.2467626
            ],
            [
              121.1218266,
              14.2469328
            ],
            [
              121.1220549,
              14.247418
            ],
            [
              121.1218793,
              14.2485713
            ],
            [
              121.1218711,
              14.2486655
            ],
            [
              121.1235153,
              14.2491015
            ],
            [
              121.1237013,
              14.2483529
            ],
            [
              121.1272852,
              14.249132
            ],
            [
              121.1283955,
              14.2493734
            ],
            [
              121.128519,
              14.2489245
            ],
            [
              121.1298259,
              14.2492583
            ],
            [
              121.1307472,
              14.2494499
            ],
            [
              121.1317276,
              14.2496632
            ],
            [
              121.1326148,
              14.2499277
            ],
            [
              121.1322095,
              14.2510365
            ],
            [
              121.1330694,
              14.2512982
            ],
            [
              121.1339117,
              14.2514673
            ],
            [
              121.1338795,
              14.2516649
            ],
            [
              121.1345661,
              14.2518573
            ],
            [
              121.1346003,
              14.2519317
            ],
            [
              121.1342996,
              14.2527554
            ],
            [
              121.1359862,
              14.2531735
            ],
            [
              121.1362962,
              14.2523597
            ],
            [
              121.137307,
              14.2525641
            ],
            [
              121.1376611,
              14.251698
            ],
            [
              121.1379445,
              14.2519907
            ],
            [
              121.1385879,
              14.2524773
            ],
            [
              121.1386705,
              14.2525471
            ],
            [
              121.1389463,
              14.2527404
            ],
            [
              121.1387727,
              14.2535969
            ],
            [
              121.1386189,
              14.2535582
            ],
            [
              121.1386128,
              14.2538711
            ],
            [
              121.1387245,
              14.2539131
            ],
            [
              121.138856,
              14.2540496
            ],
            [
              121.1396431,
              14.2543517
            ],
            [
              121.1399534,
              14.2531529
            ],
            [
              121.1415142,
              14.2534285
            ],
            [
              121.141846,
              14.2534802
            ],
            [
              121.1437152,
              14.2538074
            ],
            [
              121.1448421,
              14.2539282
            ],
            [
              121.1449383,
              14.2538129
            ],
            [
              121.1460199,
              14.2541258
            ],
            [
              121.1471809,
              14.2546088
            ],
            [
              121.1482169,
              14.2514483
            ],
            [
              121.1474107,
              14.2511544
            ],
            [
              121.1452607,
              14.250014
            ],
            [
              121.1438136,
              14.2494518
            ],
            [
              121.1438136,
              14.2493686
            ],
            [
              121.1430222,
              14.2488806
            ],
            [
              121.1410601,
              14.2484388
            ],
            [
              121.1405957,
              14.2482248
            ],
            [
              121.1395525,
              14.2479707
            ],
            [
              121.1399708,
              14.2469481
            ],
            [
              121.1401905,
              14.2464158
            ],
            [
              121.1403114,
              14.246125
            ],
            [
              121.1399329,
              14.2459887
            ],
            [
              121.1389672,
              14.245619
            ],
            [
              121.139628,
              14.243588
            ],
            [
              121.1388513,
              14.2434101
            ],
            [
              121.1386549,
              14.2432177
            ],
            [
              121.1378749,
              14.2429353
            ],
            [
              121.1370031,
              14.2425203
            ],
            [
              121.1358401,
              14.2418017
            ],
            [
              121.1353253,
              14.242925
            ],
            [
              121.135006,
              14.242792
            ],
            [
              121.134218,
              14.2425297
            ],
            [
              121.1344059,
              14.2420395
            ],
            [
              121.134044,
              14.241866
            ],
            [
              121.1343448,
              14.2412063
            ],
            [
              121.1340873,
              14.2410711
            ],
            [
              121.1342697,
              14.2408111
            ],
            [
              121.1347839,
              14.2411346
            ],
            [
              121.1352397,
              14.2400895
            ],
            [
              121.1344605,
              14.2397552
            ],
            [
              121.1346185,
              14.2393258
            ],
            [
              121.1334599,
              14.2388896
            ],
            [
              121.1333112,
              14.2392284
            ],
            [
              121.1328656,
              14.2390486
            ],
            [
              121.1327702,
              14.2392835
            ],
            [
              121.1323761,
              14.2391374
            ],
            [
              121.1313065,
              14.238798
            ],
            [
              121.1310586,
              14.2387283
            ],
            [
              121.1299534,
              14.2383949
            ],
            [
              121.1291031,
              14.2381267
            ],
            [
              121.1285542,
              14.2394256
            ],
            [
              121.1282082,
              14.2402917
            ],
            [
              121.1263569,
              14.2396875
            ],
            [
              121.1261817,
              14.2396305
            ],
            [
              121.125947,
              14.2404077
            ],
            [
              121.1255914,
              14.2402983
            ],
            [
              121.1242916,
              14.2398817
            ],
            [
              121.1237729,
              14.2411701
            ],
            [
              121.1213786,
              14.2403155
            ],
            [
              121.1212451,
              14.2410264
            ],
            [
              121.1208921,
              14.240887
            ],
            [
              121.1212961,
              14.238833
            ],
            [
              121.1215652,
              14.2379204
            ],
            [
              121.1201638,
              14.2376767
            ],
            [
              121.1190502,
              14.2376097
            ],
            [
              121.1186671,
              14.2374895
            ],
            [
              121.1183772,
              14.2372185
            ],
            [
              121.1182269,
              14.237118
            ],
            [
              121.117948,
              14.2371804
            ],
            [
              121.1178246,
              14.2371372
            ],
            [
              121.1177066,
              14.2370306
            ],
            [
              121.1172973,
              14.236885
            ],
            [
              121.117057,
              14.2369105
            ],
            [
              121.1168102,
              14.2370977
            ],
            [
              121.1167099,
              14.2374695
            ],
            [
              121.1165012,
              14.2377575
            ],
            [
              121.1159038,
              14.2376805
            ],
            [
              121.1147337,
              14.2374137
            ],
            [
              121.1140713,
              14.2372529
            ],
            [
              121.1135935,
              14.236887
            ],
            [
              121.1134728,
              14.2367315
            ],
            [
              121.1134257,
              14.2365735
            ],
            [
              121.1134134,
              14.2364146
            ],
            [
              121.1133906,
              14.2362753
            ],
            [
              121.1130342,
              14.2362495
            ],
            [
              121.112538,
              14.2364751
            ],
            [
              121.1120435,
              14.2369392
            ],
            [
              121.1118987,
              14.237107
            ],
            [
              121.1116458,
              14.237169
            ],
            [
              121.1111407,
              14.2372596
            ],
            [
              121.1108021,
              14.2374567
            ],
            [
              121.1105338,
              14.2374009
            ],
            [
              121.1104407,
              14.2372461
            ],
            [
              121.1103271,
              14.2371416
            ],
            [
              121.1101345,
              14.2371125
            ],
            [
              121.1098367,
              14.2372359
            ],
            [
              121.1096664,
              14.2372987
            ],
            [
              121.1093788,
              14.2372549
            ],
            [
              121.1090905,
              14.2371595
            ],
            [
              121.1086949,
              14.2371728
            ],
            [
              121.1083885,
              14.2372412
            ],
            [
              121.10817,
              14.2371727
            ],
            [
              121.1080288,
              14.2370669
            ],
            [
              121.107872,
              14.2368821
            ],
            [
              121.1077403,
              14.2365716
            ],
            [
              121.1075398,
              14.2362363
            ],
            [
              121.1073354,
              14.2360586
            ],
            [
              121.1071755,
              14.2360779
            ],
            [
              121.1070322,
              14.2361393
            ],
            [
              121.1069132,
              14.2363618
            ],
            [
              121.106807,
              14.2367779
            ],
            [
              121.1065692,
              14.2369029
            ],
            [
              121.1059921,
              14.2369636
            ],
            [
              121.1053794,
              14.2370366
            ],
            [
              121.1045585,
              14.2370138
            ],
            [
              121.1044029,
              14.2371542
            ],
            [
              121.1043224,
              14.2373414
            ],
            [
              121.1042527,
              14.237643
            ],
            [
              121.1040703,
              14.2379706
            ],
            [
              121.1034864,
              14.2385207
            ],
            [
              121.1033678,
              14.2387557
            ],
            [
              121.1033464,
              14.2389585
            ],
            [
              121.1033585,
              14.2391377
            ],
            [
              121.1032849,
              14.2392515
            ],
            [
              121.1030996,
              14.2392913
            ],
            [
              121.1028748,
              14.2392486
            ],
            [
              121.1026495,
              14.2390718
            ],
            [
              121.1022204,
              14.2386767
            ],
            [
              121.1020114,
              14.2385461
            ],
            [
              121.1016923,
              14.2383643
            ],
            [
              121.1015083,
              14.2381335
            ],
            [
              121.1014274,
              14.2380411
            ],
            [
              121.1012902,
              14.2379705
            ],
            [
              121.1010888,
              14.2380568
            ],
            [
              121.100922,
              14.2382001
            ],
            [
              121.100826,
              14.2383454
            ],
            [
              121.1008475,
              14.2385638
            ],
            [
              121.100885,
              14.2388394
            ],
            [
              121.1009279,
              14.2391566
            ],
            [
              121.1008582,
              14.2394114
            ],
            [
              121.1008122,
              14.2395965
            ],
            [
              121.100576,
              14.239782
            ]
          ]
        ]
      }
    },
    {
      "type": "Feature",
      "properties": {
        "element": "relation",
        "id": 18461908,
        "name": "Sala"
      },
      "geometry": {
        "type": "Polygon",
        "coordinates": [
          [
            [
              121.1141609,
              14.2733981
            ],
            [
              121.1142789,
              14.2734657
            ],
            [
              121.1143862,
              14.2734709
            ],
            [
              121.1144989,
              14.2735281
            ],
            [
              121.1145418,
              14.2736372
            ],
            [
              121.1145793,
              14.2737932
            ],
            [
              121.1146759,
              14.2738504
            ],
            [
              121.1147724,
              14.2740739
            ],
            [
              121.11481,
              14.2742663
            ],
            [
              121.1149763,
              14.2743443
            ],
            [
              121.1152713,
              14.2745002
            ],
            [
              121.1155342,
              14.2746094
            ],
            [
              121.1157046,
              14.2746275
            ],
            [
              121.1158387,
              14.2744743
            ],
            [
              121.1159781,
              14.2744067
            ],
            [
              121.116123,
              14.2744379
            ],
            [
              121.1162088,
              14.2745678
            ],
            [
              121.1161981,
              14.2746822
            ],
            [
              121.1162142,
              14.2748798
            ],
            [
              121.1162732,
              14.2750045
            ],
            [
              121.116422,
              14.2750643
            ],
            [
              121.1165562,
              14.2750422
            ],
            [
              121.116756,
              14.2749109
            ],
            [
              121.1169813,
              14.2748746
            ],
            [
              121.1171422,
              14.2748902
            ],
            [
              121.1172495,
              14.2749785
            ],
            [
              121.1173179,
              14.2750578
            ],
            [
              121.1174534,
              14.2751449
            ],
            [
              121.1175714,
              14.2751605
            ],
            [
              121.1177859,
              14.2752333
            ],
            [
              121.1179415,
              14.2752593
            ],
            [
              121.1180635,
              14.2753786
            ],
            [
              121.1181239,
              14.2754724
            ],
            [
              121.1181454,
              14.2755066
            ],
            [
              121.1182197,
              14.2756041
            ],
            [
              121.1183285,
              14.2755024
            ],
            [
              121.1184525,
              14.2753801
            ],
            [
              121.1185863,
              14.2752549
            ],
            [
              121.1190775,
              14.2747952
            ],
            [
              121.1195383,
              14.2743693
            ],
            [
              121.1195979,
              14.2743143
            ],
            [
              121.1203143,
              14.2746034
            ],
            [
              121.1203342,
              14.2745526
            ],
            [
              121.1205504,
              14.2735867
            ],
            [
              121.1212389,
              14.2738064
            ],
            [
              121.1213874,
              14.2739035
            ],
            [
              121.1224993,
              14.2743274
            ],
            [
              121.1223787,
              14.2746681
            ],
            [
              121.1228401,
              14.2747814
            ],
            [
              121.1233254,
              14.2740694
            ],
            [
              121.1234737,
              14.2735811
            ],
            [
              121.1245011,
              14.2739612
            ],
            [
              121.1253319,
              14.2742179
            ],
            [
              121.1252183,
              14.2746464
            ],
            [
              121.1261719,
              14.2750432
            ],
            [
              121.1263443,
              14.2746888
            ],
            [
              121.1264312,
              14.274726
            ],
            [
              121.1272146,
              14.2750616
            ],
            [
              121.1269793,
              14.2756614
            ],
            [
              121.1268996,
              14.2758416
            ],
            [
              121.1268662,
              14.2758976
            ],
            [
              121.1269968,
              14.2758038
            ],
            [
              121.1271788,
              14.2757109
            ],
            [
              121.1273879,
              14.2756306
            ],
            [
              121.1275454,
              14.2756289
            ],
            [
              121.1275692,
              14.2756337
            ],
            [
              121.1279906,
              14.2757191
            ],
            [
              121.1281966,
              14.2757585
            ],
            [
              121.1286399,
              14.275845
            ],
            [
              121.1289947,
              14.2759229
            ],
            [
              121.1302495,
              14.2761673
            ],
            [
              121.1303869,
              14.2761954
            ],
            [
              121.1314992,
              14.2764104
            ],
            [
              121.1321522,
              14.2765331
            ],
            [
              121.1322141,
              14.2765441
            ],
            [
              121.1322416,
              14.2765497
            ],
            [
              121.132551,
              14.2766093
            ],
            [
              121.1326732,
              14.2766328
            ],
            [
              121.1328915,
              14.2766749
            ],
            [
              121.1339044,
              14.2768699
            ],
            [
              121.1343862,
              14.2769607
            ],
            [
              121.1350829,
              14.2770941
            ],
            [
              121.1357771,
              14.2772347
            ],
            [
              121.1363074,
              14.2773466
            ],
            [
              121.1364495,
              14.2773764
            ],
            [
              121.1374102,
              14.2775656
            ],
            [
              121.1375674,
              14.277597
            ],
            [
              121.137794,
              14.2776428
            ],
            [
              121.1391359,
              14.2779016
            ],
            [
              121.1397519,
              14.2780215
            ],
            [
              121.1398502,
              14.2780404
            ],
            [
              121.1398123,
              14.2779177
            ],
            [
              121.1395691,
              14.2773101
            ],
            [
              121.1395175,
              14.2767238
            ],
            [
              121.1394945,
              14.2766694
            ],
            [
              121.139468,
              14.276636
            ],
            [
              121.1393843,
              14.276563
            ],
            [
              121.1393615,
              14.276505
            ],
            [
              121.13936,
              14.2763663
            ],
            [
              121.1393421,
              14.2758764
            ],
            [
              121.1392448,
              14.2753988
            ],
            [
              121.1389404,
              14.2745388
            ],
            [
              121.138559,
              14.2738599
            ],
            [
              121.138337,
              14.2736407
            ],
            [
              121.1380149,
              14.2732978
            ],
            [
              121.1377469,
              14.2730393
            ],
            [
              121.1376041,
              14.2729086
            ],
            [
              121.1375505,
              14.2728182
            ],
            [
              121.1374809,
              14.2725259
            ],
            [
              121.1373888,
              14.2723745
            ],
            [
              121.1371218,
              14.2723485
            ],
            [
              121.1369073,
              14.272231
            ],
            [
              121.1364771,
              14.2712683
            ],
            [
              121.136055,
              14.2710254
            ],
            [
              121.1359594,
              14.2708085
            ],
            [
              121.1356085,
              14.2706322
            ],
            [
              121.1356411,
              14.2704367
            ],
            [
              121.1357526,
              14.2703636
            ],
            [
              121.1357283,
              14.2702173
            ],
            [
              121.1354059,
              14.2698034
            ],
            [
              121.1352746,
              14.2694477
            ],
            [
              121.1352031,
              14.2693967
            ],
            [
              121.1349204,
              14.269364
            ],
            [
              121.1348409,
              14.2693166
            ],
            [
              121.1349426,
              14.2689829
            ],
            [
              121.1343874,
              14.2687833
            ],
            [
              121.134401,
              14.2684811
            ],
            [
              121.1343058,
              14.2683709
            ],
            [
              121.1339803,
              14.2683463
            ],
            [
              121.1338684,
              14.268259
            ],
            [
              121.1339492,
              14.2680625
            ],
            [
              121.1341721,
              14.2677717
            ],
            [
              121.1341769,
              14.2676163
            ],
            [
              121.134137,
              14.2676403
            ],
            [
              121.1335752,
              14.2675115
            ],
            [
              121.1335107,
              14.2674633
            ],
            [
              121.1334299,
              14.2672316
            ],
            [
              121.1330985,
              14.2672156
            ],
            [
              121.1330408,
              14.2671804
            ],
            [
              121.1329402,
              14.2669503
            ],
            [
              121.1328973,
              14.2669248
            ],
            [
              121.1328595,
              14.2669615
            ],
            [
              121.1328201,
              14.2668695
            ],
            [
              121.1325533,
              14.2668972
            ],
            [
              121.1325412,
              14.2667739
            ],
            [
              121.13265,
              14.2666387
            ],
            [
              121.1325332,
              14.2664952
            ],
            [
              121.1323246,
              14.266504
            ],
            [
              121.1322988,
              14.2664622
            ],
            [
              121.1324423,
              14.2662984
            ],
            [
              121.1324274,
              14.2662377
            ],
            [
              121.1323371,
              14.2662431
            ],
            [
              121.1322385,
              14.2660525
            ],
            [
              121.1320358,
              14.2659485
            ],
            [
              121.1319548,
              14.2659452
            ],
            [
              121.1318573,
              14.2660099
            ],
            [
              121.1317467,
              14.2660086
            ],
            [
              121.1315753,
              14.2659153
            ],
            [
              121.1314936,
              14.2659037
            ],
            [
              121.1313467,
              14.2658901
            ],
            [
              121.13107,
              14.2659371
            ],
            [
              121.1307025,
              14.2660332
            ],
            [
              121.129973,
              14.2660956
            ],
            [
              121.1293037,
              14.2659773
            ],
            [
              121.1288572,
              14.2657837
            ],
            [
              121.1285756,
              14.2655804
            ],
            [
              121.1283262,
              14.2654576
            ],
            [
              121.1281225,
              14.265467
            ],
            [
              121.1276729,
              14.2655556
            ],
            [
              121.1275303,
              14.2656294
            ],
            [
              121.1273576,
              14.2657342
            ],
            [
              121.1272485,
              14.2658145
            ],
            [
              121.1271931,
              14.265841
            ],
            [
              121.127065,
              14.2658504
            ],
            [
              121.1269417,
              14.2657947
            ],
            [
              121.1269114,
              14.2657827
            ],
            [
              121.1266685,
              14.2656797
            ],
            [
              121.1265093,
              14.2656687
            ],
            [
              121.1263918,
              14.2657776
            ],
            [
              121.1261833,
              14.2660614
            ],
            [
              121.1260407,
              14.2661442
            ],
            [
              121.125947,
              14.2661337
            ],
            [
              121.1257985,
              14.2660196
            ],
            [
              121.1256566,
              14.2660141
            ],
            [
              121.1255098,
              14.2660956
            ],
            [
              121.125318,
              14.2662643
            ],
            [
              121.1252092,
              14.2667307
            ],
            [
              121.1250923,
              14.2668484
            ],
            [
              121.1248064,
              14.2669083
            ],
            [
              121.124343,
              14.2667524
            ],
            [
              121.1238144,
              14.2665678
            ],
            [
              121.1235785,
              14.2664483
            ],
            [
              121.1235056,
              14.2663072
            ],
            [
              121.1236171,
              14.2661836
            ],
            [
              121.1240374,
              14.2660839
            ],
            [
              121.1242065,
              14.265971
            ],
            [
              121.1242404,
              14.2657854
            ],
            [
              121.1243076,
              14.2657353
            ],
            [
              121.1244016,
              14.265744
            ],
            [
              121.1245143,
              14.2657986
            ],
            [
              121.1246404,
              14.2657103
            ],
            [
              121.1247395,
              14.2654555
            ],
            [
              121.1247583,
              14.2653913
            ],
            [
              121.1248017,
              14.265243
            ],
            [
              121.1246452,
              14.2650939
            ],
            [
              121.1245348,
              14.2649767
            ],
            [
              121.1243316,
              14.2648698
            ],
            [
              121.123916,
              14.2647917
            ],
            [
              121.1237095,
              14.2647631
            ],
            [
              121.1235689,
              14.2647223
            ],
            [
              121.1235007,
              14.2646417
            ],
            [
              121.12357,
              14.2645136
            ],
            [
              121.1238085,
              14.2641403
            ],
            [
              121.1238999,
              14.2640899
            ],
            [
              121.1239875,
              14.2641066
            ],
            [
              121.1240453,
              14.2640724
            ],
            [
              121.1240287,
              14.263943
            ],
            [
              121.1239434,
              14.2638081
            ],
            [
              121.1239402,
              14.2635751
            ],
            [
              121.1238809,
              14.2632889
            ],
            [
              121.1239042,
              14.2632102
            ],
            [
              121.1239986,
              14.2631436
            ],
            [
              121.1239648,
              14.2630386
            ],
            [
              121.1237932,
              14.2630178
            ],
            [
              121.1236215,
              14.2629346
            ],
            [
              121.1234499,
              14.2627475
            ],
            [
              121.1234807,
              14.2625897
            ],
            [
              121.1235571,
              14.2624563
            ],
            [
              121.1237554,
              14.26218
            ],
            [
              121.123938,
              14.2619668
            ],
            [
              121.1242084,
              14.2617867
            ],
            [
              121.124394,
              14.2615408
            ],
            [
              121.1244262,
              14.261208
            ],
            [
              121.1241794,
              14.2607713
            ],
            [
              121.1239434,
              14.2604905
            ],
            [
              121.1236108,
              14.260137
            ],
            [
              121.1235571,
              14.2599706
            ],
            [
              121.1235786,
              14.2597627
            ],
            [
              121.1233748,
              14.2594299
            ],
            [
              121.1230636,
              14.2590036
            ],
            [
              121.1229885,
              14.2587748
            ],
            [
              121.1230851,
              14.2586188
            ],
            [
              121.1230743,
              14.2584941
            ],
            [
              121.1229241,
              14.2583381
            ],
            [
              121.1229349,
              14.2581301
            ],
            [
              121.1229241,
              14.2579741
            ],
            [
              121.1228383,
              14.2578598
            ],
            [
              121.1226559,
              14.2574854
            ],
            [
              121.1225486,
              14.2572567
            ],
            [
              121.1223984,
              14.2572879
            ],
            [
              121.1222053,
              14.2572982
            ],
            [
              121.12198,
              14.2571839
            ],
            [
              121.1216903,
              14.2569551
            ],
            [
              121.1215616,
              14.2568199
            ],
            [
              121.1214114,
              14.2566432
            ],
            [
              121.121465,
              14.2564976
            ],
            [
              121.1216045,
              14.2563104
            ],
            [
              121.1216903,
              14.256144
            ],
            [
              121.1216152,
              14.25604
            ],
            [
              121.1215079,
              14.2560296
            ],
            [
              121.1213899,
              14.2561232
            ],
            [
              121.1213041,
              14.2560608
            ],
            [
              121.1212912,
              14.2559371
            ],
            [
              121.1213577,
              14.2558425
            ],
            [
              121.1213685,
              14.2556761
            ],
            [
              121.1212445,
              14.2555332
            ],
            [
              121.1211495,
              14.2554583
            ],
            [
              121.1210147,
              14.2554683
            ],
            [
              121.1208215,
              14.2555515
            ],
            [
              121.1205855,
              14.2559467
            ],
            [
              121.1203602,
              14.2561026
            ],
            [
              121.1201563,
              14.2561546
            ],
            [
              121.1199751,
              14.2561433
            ],
            [
              121.1199277,
              14.2562625
            ],
            [
              121.1192518,
              14.2580198
            ],
            [
              121.1175889,
              14.2575519
            ],
            [
              121.1168056,
              14.2590805
            ],
            [
              121.1157617,
              14.2595448
            ],
            [
              121.1153573,
              14.2606818
            ],
            [
              121.1162156,
              14.2613161
            ],
            [
              121.1144668,
              14.2650074
            ],
            [
              121.1159473,
              14.2662968
            ],
            [
              121.1159283,
              14.2663362
            ],
            [
              121.1158424,
              14.2665143
            ],
            [
              121.1148605,
              14.2685495
            ],
            [
              121.1149255,
              14.2685788
            ],
            [
              121.1161732,
              14.2690764
            ],
            [
              121.1141609,
              14.2733981
            ]
          ]
        ]
      }
    },
    {
      "type": "Feature",
      "properties": {
        "element": "relation",
        "id": 18462012,
        "name": "San Isidro"
      },
      "geometry": {
        "type": "Polygon",
        "coordinates": [
          [
            [
              121.1182269,
              14.237118
            ],
            [
              121.1183772,
              14.2372185
            ],
            [
              121.1186671,
              14.2374895
            ],
            [
              121.1190502,
              14.2376097
            ],
            [
              121.1201638,
              14.2376767
            ],
            [
              121.1215652,
              14.2379204
            ],
            [
              121.1212961,
              14.238833
            ],
            [
              121.1208921,
              14.240887
            ],
            [
              121.1212451,
              14.2410264
            ],
            [
              121.1213786,
              14.2403155
            ],
            [
              121.1237729,
              14.2411701
            ],
            [
              121.1242916,
              14.2398817
            ],
            [
              121.1255914,
              14.2402983
            ],
            [
              121.125947,
              14.2404077
            ],
            [
              121.1261817,
              14.2396305
            ],
            [
              121.1263569,
              14.2396875
            ],
            [
              121.1282082,
              14.2402917
            ],
            [
              121.1285542,
              14.2394256
            ],
            [
              121.1291031,
              14.2381267
            ],
            [
              121.1299534,
              14.2383949
            ],
            [
              121.1310586,
              14.2387283
            ],
            [
              121.1313065,
              14.238798
            ],
            [
              121.1323761,
              14.2391374
            ],
            [
              121.1327702,
              14.2392835
            ],
            [
              121.1328656,
              14.2390486
            ],
            [
              121.1333112,
              14.2392284
            ],
            [
              121.1334599,
              14.2388896
            ],
            [
              121.1346185,
              14.2393258
            ],
            [
              121.1344605,
              14.2397552
            ],
            [
              121.1352397,
              14.2400895
            ],
            [
              121.1347839,
              14.2411346
            ],
            [
              121.1342697,
              14.2408111
            ],
            [
              121.1340873,
              14.2410711
            ],
            [
              121.1343448,
              14.2412063
            ],
            [
              121.134044,
              14.241866
            ],
            [
              121.1344059,
              14.2420395
            ],
            [
              121.134218,
              14.2425297
            ],
            [
              121.135006,
              14.242792
            ],
            [
              121.1353253,
              14.242925
            ],
            [
              121.1358401,
              14.2418017
            ],
            [
              121.1370031,
              14.2425203
            ],
            [
              121.1378749,
              14.2429353
            ],
            [
              121.1386549,
              14.2432177
            ],
            [
              121.1388513,
              14.2434101
            ],
            [
              121.139628,
              14.243588
            ],
            [
              121.1389672,
              14.245619
            ],
            [
              121.1399329,
              14.2459887
            ],
            [
              121.1403114,
              14.246125
            ],
            [
              121.1401905,
              14.2464158
            ],
            [
              121.1399708,
              14.2469481
            ],
            [
              121.1395525,
              14.2479707
            ],
            [
              121.1405957,
              14.2482248
            ],
            [
              121.1410601,
              14.2484388
            ],
            [
              121.1430222,
              14.2488806
            ],
            [
              121.1438136,
              14.2493686
            ],
            [
              121.1438136,
              14.2494518
            ],
            [
              121.1452607,
              14.250014
            ],
            [
              121.1474107,
              14.2511544
            ],
            [
              121.1482169,
              14.2514483
            ],
            [
              121.1471809,
              14.2546088
            ],
            [
              121.1470076,
              14.2551374
            ],
            [
              121.1462058,
              14.257696
            ],
            [
              121.1460438,
              14.2581748
            ],
            [
              121.1458782,
              14.2586432
            ],
            [
              121.1465662,
              14.2587693
            ],
            [
              121.1480032,
              14.259006
            ],
            [
              121.1482346,
              14.259039
            ],
            [
              121.1498348,
              14.2592987
            ],
            [
              121.1501192,
              14.259345
            ],
            [
              121.1501795,
              14.2593556
            ],
            [
              121.1512095,
              14.2595165
            ],
            [
              121.1512936,
              14.2595302
            ],
            [
              121.1523128,
              14.2597065
            ],
            [
              121.1527077,
              14.2597732
            ],
            [
              121.1537996,
              14.2599492
            ],
            [
              121.1542869,
              14.2591085
            ],
            [
              121.1553056,
              14.2571904
            ],
            [
              121.1560668,
              14.2558008
            ],
            [
              121.1561827,
              14.2554682
            ],
            [
              121.1562604,
              14.2551315
            ],
            [
              121.1563141,
              14.2536523
            ],
            [
              121.1564199,
              14.2514826
            ],
            [
              121.1564478,
              14.2510849
            ],
            [
              121.156451,
              14.2510051
            ],
            [
              121.1564608,
              14.2508541
            ],
            [
              121.156548,
              14.2507194
            ],
            [
              121.1570843,
              14.2494855
            ],
            [
              121.1573769,
              14.2488476
            ],
            [
              121.1578805,
              14.2479122
            ],
            [
              121.1580921,
              14.2473805
            ],
            [
              121.1580354,
              14.247359
            ],
            [
              121.1579683,
              14.2473315
            ],
            [
              121.1576251,
              14.2471308
            ],
            [
              121.1574776,
              14.2469851
            ],
            [
              121.1574402,
              14.2468155
            ],
            [
              121.1573778,
              14.2467166
            ],
            [
              121.1573721,
              14.2466561
            ],
            [
              121.1573437,
              14.2464307
            ],
            [
              121.1573069,
              14.2463619
            ],
            [
              121.1568049,
              14.2461585
            ],
            [
              121.1567141,
              14.2461118
            ],
            [
              121.1566602,
              14.246043
            ],
            [
              121.1565326,
              14.2458204
            ],
            [
              121.1564758,
              14.2457187
            ],
            [
              121.1564795,
              14.2456929
            ],
            [
              121.1563826,
              14.2456628
            ],
            [
              121.1562053,
              14.2456113
            ],
            [
              121.1558734,
              14.2466065
            ],
            [
              121.1545481,
              14.24616
            ],
            [
              121.1537228,
              14.2459068
            ],
            [
              121.1539973,
              14.2452549
            ],
            [
              121.1540264,
              14.2451391
            ],
            [
              121.1540739,
              14.2449974
            ],
            [
              121.153713,
              14.2448799
            ],
            [
              121.1534272,
              14.2447767
            ],
            [
              121.1534058,
              14.2448313
            ],
            [
              121.1532612,
              14.2447775
            ],
            [
              121.1532089,
              14.2449035
            ],
            [
              121.1530873,
              14.2448547
            ],
            [
              121.1523459,
              14.2446202
            ],
            [
              121.1520293,
              14.2443984
            ],
            [
              121.152129,
              14.2439044
            ],
            [
              121.150809,
              14.2433992
            ],
            [
              121.1506659,
              14.2433706
            ],
            [
              121.1497862,
              14.2430846
            ],
            [
              121.1493463,
              14.2428975
            ],
            [
              121.1494911,
              14.2424295
            ],
            [
              121.1481017,
              14.2419771
            ],
            [
              121.147934,
              14.2424349
            ],
            [
              121.1478389,
              14.2426947
            ],
            [
              121.1477316,
              14.242847
            ],
            [
              121.1475546,
              14.2427727
            ],
            [
              121.1468894,
              14.2425855
            ],
            [
              121.1467714,
              14.2426011
            ],
            [
              121.1459452,
              14.2423515
            ],
            [
              121.1455268,
              14.2422059
            ],
            [
              121.1457605,
              14.2415359
            ],
            [
              121.1461598,
              14.2403913
            ],
            [
              121.1454732,
              14.2401781
            ],
            [
              121.1447329,
              14.2399285
            ],
            [
              121.1445076,
              14.2398557
            ],
            [
              121.144588,
              14.2395541
            ],
            [
              121.1439282,
              14.2393462
            ],
            [
              121.1438816,
              14.2394747
            ],
            [
              121.1431655,
              14.239264
            ],
            [
              121.1417509,
              14.2387803
            ],
            [
              121.1410144,
              14.2385352
            ],
            [
              121.139054,
              14.2379154
            ],
            [
              121.1393198,
              14.236634
            ],
            [
              121.1378479,
              14.2360705
            ],
            [
              121.1379557,
              14.2355157
            ],
            [
              121.1370708,
              14.2352569
            ],
            [
              121.1371343,
              14.2350905
            ],
            [
              121.1366023,
              14.2349232
            ],
            [
              121.136405,
              14.2355364
            ],
            [
              121.1362324,
              14.2360643
            ],
            [
              121.1359666,
              14.2369079
            ],
            [
              121.1344212,
              14.2364631
            ],
            [
              121.1343021,
              14.2368654
            ],
            [
              121.1339937,
              14.2367411
            ],
            [
              121.1337373,
              14.2373431
            ],
            [
              121.1328746,
              14.2370755
            ],
            [
              121.132077,
              14.2368719
            ],
            [
              121.13112,
              14.236485
            ],
            [
              121.1303594,
              14.2364213
            ],
            [
              121.130105,
              14.2360938
            ],
            [
              121.1297381,
              14.2357154
            ],
            [
              121.1295536,
              14.235208
            ],
            [
              121.1290901,
              14.2348211
            ],
            [
              121.1290253,
              14.2343885
            ],
            [
              121.1286463,
              14.2344234
            ],
            [
              121.1283992,
              14.2344991
            ],
            [
              121.1281645,
              14.2345808
            ],
            [
              121.1276334,
              14.2346247
            ],
            [
              121.1260515,
              14.2344656
            ],
            [
              121.1247823,
              14.2340605
            ],
            [
              121.1243494,
              14.2338739
            ],
            [
              121.1210417,
              14.2342197
            ],
            [
              121.1193672,
              14.2346235
            ],
            [
              121.1188047,
              14.2348519
            ],
            [
              121.1184383,
              14.2353418
            ],
            [
              121.1183337,
              14.2359746
            ],
            [
              121.1184195,
              14.2364961
            ],
            [
              121.1182269,
              14.237118
            ]
          ]
        ]
      }
    }
  ]
}