date,barangay,temp,humidity,rainfall,population,flood_susceptibility,landslide_susceptibility,ndvi,earthquake_mag,typhoon_severity,infra_count,green_index,hazard_index,exposure,calamity_risk_likelihood
2020-05-01,Baclaran,28.912432,78.69854,259.3,0.0,1.5625,2.087026609107852,0.18499916292899957,0.0,0.0,2,59.24995814644998,39.50207862649212,35.0,0.4577612902815158
2020-05-01,Banay-Banay,28.912432,78.69854,259.3,0.0,0.0,2.4211972626772793,0.18499916292899957,0.0,0.0,5,59.24995814644998,40.66938851630042,42.5,0.5653156597304829
2020-05-01,Banlic,28.912432,78.69854,259.3,0.0,0.0,2.6008556728009826,0.18499916292899957,0.0,0.0,9,59.24995814644998,41.62292053901846,52.5,0.6972799896662045
2020-05-01,Barangay Dos,28.912432,78.69854,259.3,0.0,0.0,2.2982314052060246,0.18499916292899957,0.0,0.0,16,59.24995814644998,40.01675064246479,70.0,0.8660673521647055
2020-05-01,Barangay Tres,28.912432,78.69854,259.3,0.0,0.0,2.8418320235998733,0.18499916292899957,0.0,0.0,1,59.24995814644998,42.90189582910515,32.5,0.49381607557970564
2020-05-01,Barangay Uno,28.912432,78.69854,259.3,0.0,0.0,2.4993259383410944,0.18499916292899957,0.0,0.0,0,59.24995814644998,41.084054292796516,30.0,0.4308499838523061
2020-05-01,Bigaa,28.912432,78.69854,259.3,0.0,0.0,2.6000714943959164,0.18499916292899957,0.0,0.0,3,59.24995814644998,41.61875853390977,37.5,0.5263987451771069
2020-05-01,Butong,28.912432,78.69854,259.3,0.0,64.42857142857143,0.624416743006025,0.18499916292899957,0.0,0.0,0,59.24995814644998,56.13302580373487,30.0,0.7164497963180394
2020-05-01,Casile,28.912432,78.69854,259.3,0.0,0.0,0.0,0.18499916292899957,0.0,0.0,4,59.24995814644998,27.81895127993394,40.0,0.2929726507395657
2020-05-01,Diezmo,28.912432,78.69854,259.3,0.0,0.0,0.0,0.18499916292899957,0.0,0.0,3,59.24995814644998,27.81895127993394,37.5,0.2645056077667474
2020-05-01,Gulod,28.912432,78.69854,259.3,0.0,25.704545454545453,1.3563821301227663,0.18499916292899957,0.0,0.0,3,59.24995814644998,44.99195934064197,37.5,0.5904154467245675
2020-05-01,Mamatid,28.912432,78.69854,259.3,0.0,0.0,2.737382913337034,0.18499916292899957,0.0,0.0,3,59.24995814644998,42.34753507687848,37.5,0.540229487287955
2020-05-01,Marinig,28.912432,78.69854,259.3,0.0,39.41025641025641,1.4418404273364855,0.18499916292899957,0.0,0.0,3,59.24995814644998,50.76370740602661,37.5,0.6999518468616244
2020-05-01,Niugan,28.912432,78.69854,259.3,0.0,0.8148148148148148,2.4650737148959463,0.18499916292899957,0.0,0.0,9,59.24995814644998,41.21843139639142,52.5,0.6896035831294032
2020-05-01,Pittland,28.912432,78.69854,259.3,0.0,0.0,3.7682721889420843,0.18499916292899957,0.0,0.0,2,59.24995814644998,47.81895127993394,35.0,0.6155991377648394
2020-05-01,Pulo,28.912432,78.69854,259.3,0.0,0.0,2.852336974417577,0.18499916292899957,0.0,0.0,7,59.24995814644998,42.957650563853505,47.5,0.6656764483699614
2020-05-01,Sala,28.912432,78.69854,259.3,0.0,0.0,0.0,0.18499916292899957,0.0,0.0,0,59.24995814644998,27.81895127993394,30.0,0.17910447884829261
2020-05-01,San Isidro,28.912432,78.69854,259.3,0.0,0.0,2.7968569266796113,0.18499916292899957,0.0,0.0,3,59.24995814644998,42.663191751134136,37.5,0.5462200286950835
2020-06-01,Baclaran,28.167986,80.718735,206.2,0.0,1.5625,2.087026609107852,0.26245054888159197,0.0,0.0,2,63.1225274440796,37.85777639692978,35.0,0.3971581830324573
2020-06-01,Banay-Banay,28.167986,80.718735,206.2,0.0,0.0,2.4211972626772793,0.26245054888159197,0.0,0.0,5,63.1225274440796,39.02508628673807,42.5,0.5047125524814244
2020-06-01,Banlic,28.167986,80.718735,206.2,0.0,0.0,2.6008556728009826,0.26245054888159197,0.0,0.0,9,63.1225274440796,39.97861830945611,52.5,0.6366768824171459
2020-06-01,Barangay Dos,28.167986,80.718735,206.2,0.0,0.0,2.2982314052060246,0.26245054888159197,0.0,0.0,16,63.1225274440796,38.37244841290244,70.0,0.805464244915647
2020-06-01,Barangay Tres,28.167986,80.718735,206.2,0.0,0.0,2.8418320235998733,0.26245054888159197,0.0,0.0,1,63.1225274440796,41.2575935995428,32.5,0.43321296833064676
2020-06-01,Barangay Uno,28.167986,80.718735,206.2,0.0,0.0,2.4993259383410944,0.26245054888159197,0.0,0.0,0,63.1225274440796,39.43975206323417,30.0,0.3702468766032474
2020-06-01,Bigaa,28.167986,80.718735,206.2,0.0,0.0,2.6000714943959164,0.26245054888159197,0.0,0.0,3,63.1225274440796,39.97445630434742,37.5,0.4657956379280481
2020-06-01,Butong,28.167986,80.718735,206.2,0.0,64.42857142857143,0.624416743006025,0.26245054888159197,0.0,0.0,0,63.1225274440796,54.48872357417252,30.0,0.6558466890689807
2020-06-01,Casile,28.167986,80.718735,206.2,0.0,0.0,0.0,0.26245054888159197,0.0,0.0,4,63.1225274440796,26.174649050371592,40.0,0.23236954349050717
2020-06-01,Diezmo,28.167986,80.718735,206.2,0.0,0.0,0.0,0.26245054888159197,0.0,0.0,3,63.1225274440796,26.174649050371592,37.5,0.20390250051768877
2020-06-01,Gulod,28.167986,80.718735,206.2,0.0,25.704545454545453,1.3563821301227663,0.26245054888159197,0.0,0.0,3,63.1225274440796,43.34765711107962,37.5,0.5298123394755089
2020-06-01,Mamatid,28.167986,80.718735,206.2,0.0,0.0,2.737382913337034,0.26245054888159197,0.0,0.0,3,63.1225274440796,40.70323284731613,37.5,0.47962638003889635
2020-06-01,Marinig,28.167986,80.718735,206.2,0.0,39.41025641025641,1.4418404273364855,0.26245054888159197,0.0,0.0,3,63.1225274440796,49.11940517646426,37.5,0.6393487396125656
2020-06-01,Niugan,28.167986,80.718735,206.2,0.0,0.8148148148148148,2.4650737148959463,0.26245054888159197,0.0,0.0,9,63.1225274440796,39.574129166829074,52.5,0.6290004758803444
2020-06-01,Pittland,28.167986,80.718735,206.2,0.0,0.0,3.7682721889420843,0.26245054888159197,0.0,0.0,2,63.1225274440796,46.17464905037159,35.0,0.5549960305157806
2020-06-01,Pulo,28.167986,80.718735,206.2,0.0,0.0,2.852336974417577,0.26245054888159197,0.0,0.0,7,63.1225274440796,41.313348334291156,47.5,0.6050733411209029
2020-06-01,Sala,28.167986,80.718735,206.2,0.0,0.0,0.0,0.26245054888159197,0.0,0.0,0,63.1225274440796,26.174649050371592,30.0,0.11850137159923396
2020-06-01,San Isidro,28.167986,80.718735,206.2,0.0,0.0,2.7968569266796113,0.26245054888159197,0.0,0.0,3,63.1225274440796,41.018889521571786,37.5,0.4856169214460247
2020-07-01,Baclaran,27.622984,83.276474,273.0,0.0,1.5625,2.087026609107852,0.31724161986434074,0.0,0.0,2,65.86208099321705,39.92631479494794,35.0,0.41561843371476037
2020-07-01,Banay-Banay,27.622984,83.276474,273.0,0.0,0.0,2.4211972626772793,0.31724161986434074,0.0,0.0,5,65.86208099321705,41.09362468475624,42.5,0.5231728031637275
2020-07-01,Banlic,27.622984,83.276474,273.0,0.0,0.0,2.6008556728009826,0.31724161986434074,0.0,0.0,9,65.86208099321705,42.04715670747428,52.5,0.6551371330994491
2020-07-01,Barangay Dos,27.622984,83.276474,273.0,0.0,0.0,2.2982314052060246,0.31724161986434074,0.0,0.0,16,65.86208099321705,40.44098681092061,70.0,0.8239244955979501
2020-07-01,Barangay Tres,27.622984,83.276474,273.0,0.0,0.0,2.8418320235998733,0.31724161986434074,0.0,0.0,1,65.86208099321705,43.32613199756097,32.5,0.4516732190129502
2020-07-01,Barangay Uno,27.622984,83.276474,273.0,0.0,0.0,2.4993259383410944,0.31724161986434074,0.0,0.0,0,65.86208099321705,41.50829046125234,30.0,0.3887071272855507
2020-07-01,Bigaa,27.622984,83.276474,273.0,0.0,0.0,2.6000714943959164,0.31724161986434074,0.0,0.0,3,65.86208099321705,42.04299470236559,37.5,0.48425588861035146
2020-07-01,Butong,27.622984,83.276474,273.0,0.0,64.42857142857143,0.624416743006025,0.31724161986434074,0.0,0.0,0,65.86208099321705,56.55726197219069,30.0,0.674306939751284
2020-07-01,Casile,27.622984,83.276474,273.0,0.0,0.0,0.0,0.31724161986434074,0.0,0.0,4,65.86208099321705,28.24318744838976,40.0,0.25082979417281026
2020-07-01,Diezmo,27.622984,83.276474,273.0,0.0,0.0,0.0,0.31724161986434074,0.0,0.0,3,65.86208099321705,28.24318744838976,37.5,0.22236275119999196
2020-07-01,Gulod,27.622984,83.276474,273.0,0.0,25.704545454545453,1.3563821301227663,0.31724161986434074,0.0,0.0,3,65.86208099321705,45.41619550909779,37.5,0.5482725901578119
2020-07-01,Mamatid,27.622984,83.276474,273.0,0.0,0.0,2.737382913337034,0.31724161986434074,0.0,0.0,3,65.86208099321705,42.7717712453343,37.5,0.49808663072119946
2020-07-01,Marinig,27.622984,83.276474,273.0,0.0,39.41025641025641,1.4418404273364855,0.31724161986434074,0.0,0.0,3,65.86208099321705,51.18794357448243,37.5,0.657808990294869
2020-07-01,Niugan,27.622984,83.276474,273.0,0.0,0.8148148148148148,2.4650737148959463,0.31724161986434074,0.0,0.0,9,65.86208099321705,41.642667564847244,52.5,0.6474607265626477
2020-07-01,Pittland,27.622984,83.276474,273.0,0.0,0.0,3.7682721889420843,0.31724161986434074,0.0,0.0,2,65.86208099321705,48.24318744838976,35.0,0.573456281198084
2020-07-01,Pulo,27.622984,83.276474,273.0,0.0,0.0,2.852336974417577,0.31724161986434074,0.0,0.0,7,65.86208099321705,43.381886732309326,47.5,0.623533591803206
2020-07-01,Sala,27.622984,83.276474,273.0,0.0,0.0,0.0,0.31724161986434074,0.0,0.0,0,65.86208099321705,28.24318744838976,30.0,0.13696162228153716
2020-07-01,San Isidro,27.622984,83.276474,273.0,0.0,0.0,2.7968569266796113,0.31724161986434074,0.0,0.0,3,65.86208099321705,43.087427919589956,37.5,0.504077172128328
2020-08-01,Baclaran,27.05867,85.91345,258.4,0.0,1.5625,2.087026609107852,0.27806876848000045,0.0,0.0,2,63.90343842400002,39.47420909717751,35.0,0.421906828746647
2020-08-01,Banay-Banay,27.05867,85.91345,258.4,0.0,0.0,2.4211972626772793,0.27806876848000045,0.0,0.0,5,63.90343842400002,40.6415189869858,42.5,0.5294611981956143
2020-08-01,Banlic,27.05867,85.91345,258.4,0.0,0.0,2.6008556728009826,0.27806876848000045,0.0,0.0,9,63.90343842400002,41.59505100970384,52.5,0.6614255281313359
2020-08-01,Barangay Dos,27.05867,85.91345,258.4,0.0,0.0,2.2982314052060246,0.27806876848000045,0.0,0.0,16,63.90343842400002,39.98888111315017,70.0,0.8302128906298369
2020-08-01,Barangay Tres,27.05867,85.91345,258.4,0.0,0.0,2.8418320235998733,0.27806876848000045,0.0,0.0,1,63.90343842400002,42.87402629979053,32.5,0.45796161404483676
2020-08-01,Barangay Uno,27.05867,85.91345,258.4,0.0,0.0,2.4993259383410944,0.27806876848000045,0.0,0.0,0,63.90343842400002,41.056184763481895,30.0,0.39499552231743723
2020-08-01,Bigaa,27.05867,85.91345,258.4,0.0,0.0,2.6000714943959164,0.27806876848000045,0.0,0.0,3,63.90343842400002,41.59088900459515,37.5,0.490544283642238
2020-08-01,Butong,27.05867,85.91345,258.4,0.0,64.42857142857143,0.624416743006025,0.27806876848000045,0.0,0.0,0,63.90343842400002,56.105156274420246,30.0,0.6805953347831705
2020-08-01,Casile,27.05867,85.91345,258.4,0.0,0.0,0.0,0.27806876848000045,0.0,0.0,4,63.90343842400002,27.79108175061932,40.0,0.2571181892046968
2020-08-01,Diezmo,27.05867,85.91345,258.4,0.0,0.0,0.0,0.27806876848000045,0.0,0.0,3,63.90343842400002,27.79108175061932,37.5,0.22865114623187857
2020-08-01,Gulod,27.05867,85.91345,258.4,0.0,25.704545454545453,1.3563821301227663,0.27806876848000045,0.0,0.0,3,63.90343842400002,44.96408981132735,37.5,0.5545609851896985
2020-08-01,Mamatid,27.05867,85.91345,258.4,0.0,0.0,2.737382913337034,0.27806876848000045,0.0,0.0,3,63.90343842400002,42.31966554756386,37.5,0.5043750257530863
2020-08-01,Marinig,27.05867,85.91345,258.4,0.0,39.41025641025641,1.4418404273364855,0.27806876848000045,0.0,0.0,3,63.90343842400002,50.73583787671199,37.5,0.6640973853267558
2020-08-01,Niugan,27.05867,85.91345,258.4,0.0,0.8148148148148148,2.4650737148959463,0.27806876848000045,0.0,0.0,9,63.90343842400002,41.1905618670768,52.5,0.6537491215945346
2020-08-01,Pittland,27.05867,85.91345,258.4,0.0,0.0,3.7682721889420843,0.27806876848000045,0.0,0.0,2,63.90343842400002,47.79108175061932,35.0,0.5797446762299708
2020-08-01,Pulo,27.05867,85.91345,258.4,0.0,0.0,2.852336974417577,0.27806876848000045,0.0,0.0,7,63.90343842400002,42.929781034538884,47.5,0.6298219868350926
2020-08-01,Sala,27.05867,85.91345,258.4,0.0,0.0,0.0,0.27806876848000045,0.0,0.0,0,63.90343842400002,27.79108175061932,30.0,0.14325001731342374
2020-08-01,San Isidro,27.05867,85.91345,258.4,0.0,0.0,2.7968569266796113,0.27806876848000045,0.0,0.0,3,63.90343842400002,42.635322221819514,37.5,0.5103655671602146
2020-09-01,Baclaran,27.45146,85.14076,172.7,0.0,1.5625,2.087026609107852,0.20153228555049577,0.0,0.0,2,60.07661427752479,36.8204105835524,35.0,0.4005931958415035
2020-09-01,Banay-Banay,27.45146,85.14076,172.7,0.0,0.0,2.4211972626772793,0.20153228555049577,0.0,0.0,5,60.07661427752479,37.9877204733607,42.5,0.5081475652904707
2020-09-01,Banlic,27.45146,85.14076,172.7,0.0,0.0,2.6008556728009826,0.20153228555049577,0.0,0.0,9,60.07661427752479,38.94125249607874,52.5,0.6401118952261922
2020-09-01,Barangay Dos,27.45146,85.14076,172.7,0.0,0.0,2.2982314052060246,0.20153228555049577,0.0,0.0,16,60.07661427752479,37.33508259952507,70.0,0.8088992577246931
2020-09-01,Barangay Tres,27.45146,85.14076,172.7,0.0,0.0,2.8418320235998733,0.20153228555049577,0.0,0.0,1,60.07661427752479,40.22022778616543,32.5,0.43664798113969305
2020-09-01,Barangay Uno,27.45146,85.14076,172.7,0.0,0.0,2.4993259383410944,0.20153228555049577,0.0,0.0,0,60.07661427752479,38.4023862498568,30.0,0.37368188941229347
2020-09-01,Bigaa,27.45146,85.14076,172.7,0.0,0.0,2.6000714943959164,0.20153228555049577,0.0,0.0,3,60.07661427752479,38.93709049097005,37.5,0.4692306507370946
2020-09-01,Butong,27.45146,85.14076,172.7,0.0,64.42857142857143,0.624416743006025,0.20153228555049577,0.0,0.0,0,60.07661427752479,53.45135776079515,30.0,0.6592817018780269
2020-09-01,Casile,27.45146,85.14076,172.7,0.0,0.0,0.0,0.20153228555049577,0.0,0.0,4,60.07661427752479,25.137283236994218,40.0,0.23580455629955338
2020-09-01,Diezmo,27.45146,85.14076,172.7,0.0,0.0,0.0,0.20153228555049577,0.0,0.0,3,60.07661427752479,25.137283236994218,37.5,0.20733751332673495
2020-09-01,Gulod,27.45146,85.14076,172.7,0.0,25.704545454545453,1.3563821301227663,0.20153228555049577,0.0,0.0,3,60.07661427752479,42.31029129770225,37.5,0.5332473522845551
2020-09-01,Mamatid,27.45146,85.14076,172.7,0.0,0.0,2.737382913337034,0.20153228555049577,0.0,0.0,3,60.07661427752479,39.66586703393876,37.5,0.4830613928479426
2020-09-01,Marinig,27.45146,85.14076,172.7,0.0,39.41025641025641,1.4418404273364855,0.20153228555049577,0.0,0.0,3,60.07661427752479,48.08203936308689,37.5,0.642783752421612
2020-09-01,Niugan,27.45146,85.14076,172.7,0.0,0.8148148148148148,2.4650737148959463,0.20153228555049577,0.0,0.0,9,60.07661427752479,38.536763353451704,52.5,0.6324354886893908
2020-09-01,Pittland,27.45146,85.14076,172.7,0.0,0.0,3.7682721889420843,0.20153228555049577,0.0,0.0,2,60.07661427752479,45.13728323699422,35.0,0.5584310433248271
2020-09-01,Pulo,27.45146,85.14076,172.7,0.0,0.0,2.852336974417577,0.20153228555049577,0.0,0.0,7,60.07661427752479,40.275982520913786,47.5,0.6085083539299492
2020-09-01,Sala,27.45146,85.14076,172.7,0.0,0.0,0.0,0.20153228555049577,0.0,0.0,0,60.07661427752479,25.137283236994218,30.0,0.12193638440828015
2020-09-01,San Isidro,27.45146,85.14076,172.7,0.0,0.0,2.7968569266796113,0.20153228555049577,0.0,0.0,3,60.07661427752479,39.981523708194416,37.5,0.48905193425507115
2020-10-01,Baclaran,26.581451,87.98211,491.2,0.0,1.5625,2.087026609107852,0.19118921708117437,0.0,0.0,2,59.55946085405872,46.68312734655818,35.0,0.59169393811681
2020-10-01,Banay-Banay,26.581451,87.98211,491.2,0.0,0.0,2.4211972626772793,0.19118921708117437,0.0,0.0,5,59.55946085405872,47.85043723636648,42.5,0.6992483075657774
2020-10-01,Banlic,26.581451,87.98211,491.2,0.0,0.0,2.6008556728009826,0.19118921708117437,0.0,0.0,9,59.55946085405872,48.80396925908452,52.5,0.831212637501499
2020-10-01,Barangay Dos,26.581451,87.98211,491.2,0.0,0.0,2.2982314052060246,0.19118921708117437,0.0,0.0,16,59.55946085405872,47.19779936253085,70.0,1.0
2020-10-01,Barangay Tres,26.581451,87.98211,491.2,0.0,0.0,2.8418320235998733,0.19118921708117437,0.0,0.0,1,59.55946085405872,50.08294454917121,32.5,0.6277487234149999
2020-10-01,Barangay Uno,26.581451,87.98211,491.2,0.0,0.0,2.4993259383410944,0.19118921708117437,0.0,0.0,0,59.55946085405872,48.265103012862575,30.0,0.5647826316876003
2020-10-01,Bigaa,26.581451,87.98211,491.2,0.0,0.0,2.6000714943959164,0.19118921708117437,0.0,0.0,3,59.55946085405872,48.79980725397583,37.5,0.6603313930124011
2020-10-01,Butong,26.581451,87.98211,491.2,0.0,64.42857142857143,0.624416743006025,0.19118921708117437,0.0,0.0,0,59.55946085405872,63.314074523800926,30.0,0.8503824441533334
2020-10-01,Casile,26.581451,87.98211,491.2,0.0,0.0,0.0,0.19118921708117437,0.0,0.0,4,59.55946085405872,35.0,40.0,0.42690529857486015
2020-10-01,Diezmo,26.581451,87.98211,491.2,0.0,0.0,0.0,0.19118921708117437,0.0,0.0,3,59.55946085405872,35.0,37.5,0.3984382556020419
2020-10-01,Gulod,26.581451,87.98211,491.2,0.0,25.704545454545453,1.3563821301227663,0.19118921708117437,0.0,0.0,3,59.55946085405872,52.17300806070803,37.5,0.7243480945598616
2020-10-01,Mamatid,26.581451,87.98211,491.2,0.0,0.0,2.737382913337034,0.19118921708117437,0.0,0.0,3,59.55946085405872,49.52858379694454,37.5,0.6741621351232494
2020-10-01,Marinig,26.581451,87.98211,491.2,0.0,39.41025641025641,1.4418404273364855,0.19118921708117437,0.0,0.0,3,59.55946085405872,57.94475612609267,37.5,0.8338844946969188
2020-10-01,Niugan,26.581451,87.98211,491.2,0.0,0.8148148148148148,2.4650737148959463,0.19118921708117437,0.0,0.0,9,59.55946085405872,48.39948011645748,52.5,0.8235362309646976
2020-10-01,Pittland,26.581451,87.98211,491.2,0.0,0.0,3.7682721889420843,0.19118921708117437,0.0,0.0,2,59.55946085405872,55.0,35.0,0.7495317856001339
2020-10-01,Pulo,26.581451,87.98211,491.2,0.0,0.0,2.852336974417577,0.19118921708117437,0.0,0.0,7,59.55946085405872,50.138699283919564,47.5,0.7996090962052557
2020-10-01,Sala,26.581451,87.98211,491.2,0.0,0.0,0.0,0.19118921708117437,0.0,0.0,0,59.55946085405872,35.0,30.0,0.3130371266835871
2020-10-01,San Isidro,26.581451,87.98211,491.2,0.0,0.0,2.7968569266796113,0.19118921708117437,0.0,0.0,3,59.55946085405872,49.844240471200195,37.5,0.6801526765303777
2020-11-01,Baclaran,26.46972,83.80462,366.4,0.0,1.5625,2.087026609107852,0.2028603157559265,0.0,0.0,2,60.14301578779633,42.81855261493143,35.0,0.5139220392453636
2020-11-01,Banay-Banay,26.46972,83.80462,366.4,0.0,0.0,2.4211972626772793,0.2028603157559265,0.0,0.0,5,60.14301578779633,43.98586250473973,42.5,0.6214764086943307
2020-11-01,Banlic,26.46972,83.80462,366.4,0.0,0.0,2.6008556728009826,0.2028603157559265,0.0,0.0,9,60.14301578779633,44.939394527457765,52.5,0.7534407386300523
2020-11-01,Barangay Dos,26.46972,83.80462,366.4,0.0,0.0,2.2982314052060246,0.2028603157559265,0.0,0.0,16,60.14301578779633,43.3332246309041,70.0,0.9222281011285535
2020-11-01,Barangay Tres,26.46972,83.80462,366.4,0.0,0.0,2.8418320235998733,0.2028603157559265,0.0,0.0,1,60.14301578779633,46.218369817544456,32.5,0.5499768245435531
2020-11-01,Barangay Uno,26.46972,83.80462,366.4,0.0,0.0,2.4993259383410944,0.2028603157559265,0.0,0.0,0,60.14301578779633,44.40052828123582,30.0,0.48701073281615365
2020-11-01,Bigaa,26.46972,83.80462,366.4,0.0,0.0,2.6000714943959164,0.2028603157559265,0.0,0.0,3,60.14301578779633,44.93523252234907,37.5,0.5825594941409544
2020-11-01,Butong,26.46972,83.80462,366.4,0.0,64.42857142857143,0.624416743006025,0.2028603157559265,0.0,0.0,0,60.14301578779633,59.449499792174166,30.0,0.7726105452818868
2020-11-01,Casile,26.46972,83.80462,366.4,0.0,0.0,0.0,0.2028603157559265,0.0,0.0,4,60.14301578779633,31.135425268373243,40.0,0.3491333997034133
2020-11-01,Diezmo,26.46972,83.80462,366.4,0.0,0.0,0.0,0.2028603157559265,0.0,0.0,3,60.14301578779633,31.135425268373243,37.5,0.32066635673059496
2020-11-01,Gulod,26.46972,83.80462,366.4,0.0,25.704545454545453,1.3563821301227663,0.2028603157559265,0.0,0.0,3,60.14301578779633,48.30843332908127,37.5,0.646576195688415
2020-11-01,Mamatid,26.46972,83.80462,366.4,0.0,0.0,2.737382913337034,0.2028603157559265,0.0,0.0,3,60.14301578779633,45.664009065317785,37.5,0.5963902362518027
2020-11-01,Marinig,26.46972,83.80462,366.4,0.0,39.41025641025641,1.4418404273364855,0.2028603157559265,0.0,0.0,3,60.14301578779633,54.08018139446591,37.5,0.756112595825472
2020-11-01,Niugan,26.46972,83.80462,366.4,0.0,0.8148148148148148,2.4650737148959463,0.2028603157559265,0.0,0.0,9,60.14301578779633,44.53490538483072,52.5,0.7457643320932505
2020-11-01,Pittland,26.46972,83.80462,366.4,0.0,0.0,3.7682721889420843,0.2028603157559265,0.0,0.0,2,60.14301578779633,51.13542526837324,35.0,0.671759886728687
2020-11-01,Pulo,26.46972,83.80462,366.4,0.0,0.0,2.852336974417577,0.2028603157559265,0.0,0.0,7,60.14301578779633,46.274124552292804,47.5,0.721837197333809
2020-11-01,Sala,26.46972,83.80462,366.4,0.0,0.0,0.0,0.2028603157559265,0.0,0.0,0,60.14301578779633,31.135425268373243,30.0,0.23526522781214013
2020-11-01,San Isidro,26.46972,83.80462,366.4,0.0,0.0,2.7968569266796113,0.2028603157559265,0.0,0.0,3,60.14301578779633,45.979665739573434,37.5,0.602380777658931
2020-12-01,Baclaran,26.10289,85.76619,327.9,0.0,1.5625,2.087026609107852,0.2145314144306786,0.0,0.0,2,60.72657072153393,41.62635608313952,35.0,0.4868666104101313
2020-12-01,Banay-Banay,26.10289,85.76619,327.9,0.0,0.0,2.4211972626772793,0.2145314144306786,0.0,0.0,5,60.72657072153393,42.79366597294782,42.5,0.5944209798590984
2020-12-01,Banlic,26.10289,85.76619,327.9,0.0,0.0,2.6008556728009826,0.2145314144306786,0.0,0.0,9,60.72657072153393,43.74719799566586,52.5,0.72638530979482
2020-12-01,Barangay Dos,26.10289,85.76619,327.9,0.0,0.0,2.2982314052060246,0.2145314144306786,0.0,0.0,16,60.72657072153393,42.14102809911219,70.0,0.8951726722933209
2020-12-01,Barangay Tres,26.10289,85.76619,327.9,0.0,0.0,2.8418320235998733,0.2145314144306786,0.0,0.0,1,60.72657072153393,45.02617328575255,32.5,0.5229213957083209
2020-12-01,Barangay Uno,26.10289,85.76619,327.9,0.0,0.0,2.4993259383410944,0.2145314144306786,0.0,0.0,0,60.72657072153393,43.208331749443914,30.0,0.45995530398092127
2020-12-01,Bigaa,26.10289,85.76619,327.9,0.0,0.0,2.6000714943959164,0.2145314144306786,0.0,0.0,3,60.72657072153393,43.74303599055716,37.5,0.555504065305722
2020-12-01,Butong,26.10289,85.76619,327.9,0.0,64.42857142857143,0.624416743006025,0.2145314144306786,0.0,0.0,0,60.72657072153393,58.25730326038226,30.0,0.7455551164466544
2020-12-01,Casile,26.10289,85.76619,327.9,0.0,0.0,0.0,0.2145314144306786,0.0,0.0,4,60.72657072153393,29.943228736581336,40.0,0.32207797086818085
2020-12-01,Diezmo,26.10289,85.76619,327.9,0.0,0.0,0.0,0.2145314144306786,0.0,0.0,3,60.72657072153393,29.943228736581336,37.5,0.2936109278953626
2020-12-01,Gulod,26.10289,85.76619,327.9,0.0,25.704545454545453,1.3563821301227663,0.2145314144306786,0.0,0.0,3,60.72657072153393,47.11623679728936,37.5,0.6195207668531826
2020-12-01,Mamatid,26.10289,85.76619,327.9,0.0,0.0,2.737382913337034,0.2145314144306786,0.0,0.0,3,60.72657072153393,44.47181253352588,37.5,0.5693348074165704
2020-12-01,Marinig,26.10289,85.76619,327.9,0.0,39.41025641025641,1.4418404273364855,0.2145314144306786,0.0,0.0,3,60.72657072153393,52.887984862674,37.5,0.7290571669902394
2020-12-01,Niugan,26.10289,85.76619,327.9,0.0,0.8148148148148148,2.4650737148959463,0.2145314144306786,0.0,0.0,9,60.72657072153393,43.342708853038815,52.5,0.7187089032580183
2020-12-01,Pittland,26.10289,85.76619,327.9,0.0,0.0,3.7682721889420843,0.2145314144306786,0.0,0.0,2,60.72657072153393,49.94322873658133,35.0,0.6447044578934547
2020-12-01,Pulo,26.10289,85.76619,327.9,0.0,0.0,2.852336974417577,0.2145314144306786,0.0,0.0,7,60.72657072153393,45.0819280205009,47.5,0.6947817684985766
2020-12-01,Sala,26.10289,85.76619,327.9,0.0,0.0,0.0,0.2145314144306786,0.0,0.0,0,60.72657072153393,29.943228736581336,30.0,0.20820979897690775
2020-12-01,San Isidro,26.10289,85.76619,327.9,0.0,0.0,2.7968569266796113,0.2145314144306786,0.0,0.0,3,60.72657072153393,44.78746920778153,37.5,0.5753253488236987
2021-01-01,Baclaran,25.075134,81.79338,108.6,0.0,1.5625,2.087026609107852,0.18633580204184347,0.0,0.0,2,59.31679010209218,34.83548077347808,35.0,0.36869112702824813
2021-01-01,Banay-Banay,25.075134,81.79338,108.6,0.0,0.0,2.4211972626772793,0.18633580204184347,0.0,0.0,5,59.31679010209218,36.00279066328638,42.5,0.4762454964772153
2021-01-01,Banlic,25.075134,81.79338,108.6,0.0,0.0,2.6008556728009826,0.18633580204184347,0.0,0.0,9,59.31679010209218,36.95632268600442,52.5,0.6082098264129371
2021-01-01,Barangay Dos,25.075134,81.79338,108.6,0.0,0.0,2.2982314052060246,0.18633580204184347,0.0,0.0,16,59.31679010209218,35.35015278945075,70.0,0.776997188911438
2021-01-01,Barangay Tres,25.075134,81.79338,108.6,0.0,0.0,2.8418320235998733,0.18633580204184347,0.0,0.0,1,59.31679010209218,38.23529797609111,32.5,0.4047459123264377
2021-01-01,Barangay Uno,25.075134,81.79338,108.6,0.0,0.0,2.4993259383410944,0.18633580204184347,0.0,0.0,0,59.31679010209218,36.41745643978248,30.0,0.34177982059903816
2021-01-01,Bigaa,25.075134,81.79338,108.6,0.0,0.0,2.6000714943959164,0.18633580204184347,0.0,0.0,3,59.31679010209218,36.95216068089573,37.5,0.4373285819238392
2021-01-01,Butong,25.075134,81.79338,108.6,0.0,64.42857142857143,0.624416743006025,0.18633580204184347,0.0,0.0,0,59.31679010209218,51.46642795072083,30.0,0.6273796330647716
2021-01-01,Casile,25.075134,81.79338,108.6,0.0,0.0,0.0,0.18633580204184347,0.0,0.0,4,59.31679010209218,23.152353426919902,40.0,0.20390248748629788
2021-01-01,Diezmo,25.075134,81.79338,108.6,0.0,0.0,0.0,0.18633580204184347,0.0,0.0,3,59.31679010209218,23.152353426919902,37.5,0.17543544451347962
2021-01-01,Gulod,25.075134,81.79338,108.6,0.0,25.704545454545453,1.3563821301227663,0.18633580204184347,0.0,0.0,3,59.31679010209218,40.32536148762793,37.5,0.5013452834712998
2021-01-01,Mamatid,25.075134,81.79338,108.6,0.0,0.0,2.737382913337034,0.18633580204184347,0.0,0.0,3,59.31679010209218,37.68093722386444,37.5,0.4511593240346873
2021-01-01,Marinig,25.075134,81.79338,108.6,0.0,39.41025641025641,1.4418404273364855,0.18633580204184347,0.0,0.0,3,59.31679010209218,46.09710955301257,37.5,0.6108816836083564
2021-01-01,Niugan,25.075134,81.79338,108.6,0.0,0.8148148148148148,2.4650737148959463,0.18633580204184347,0.0,0.0,9,59.31679010209218,36.551833543377384,52.5,0.6005334198761352
2021-01-01,Pittland,25.075134,81.79338,108.6,0.0,0.0,3.7682721889420843,0.18633580204184347,0.0,0.0,2,59.31679010209218,43.1523534269199,35.0,0.5265289745115715
2021-01-01,Pulo,25.075134,81.79338,108.6,0.0,0.0,2.852336974417577,0.18633580204184347,0.0,0.0,7,59.31679010209218,38.291052710839466,47.5,0.5766062851166938
2021-01-01,Sala,25.075134,81.79338,108.6,0.0,0.0,0.0,0.18633580204184347,0.0,0.0,0,59.31679010209218,23.152353426919902,30.0,0.09003431559502478
2021-01-01,San Isidro,25.075134,81.79338,108.6,0.0,0.0,2.7968569266796113,0.18633580204184347,0.0,0.0,3,59.31679010209218,37.996593898120096,37.5,0.4571498654418158
2021-02-01,Baclaran,25.197397,80.96217,91.8,0.0,1.5625,2.087026609107852,0.18167432495296224,0.0,0.0,2,59.08371624764811,34.31524955960525,35.0,0.3605874770622483
2021-02-01,Banay-Banay,25.197397,80.96217,91.8,0.0,0.0,2.4211972626772793,0.18167432495296224,0.0,0.0,5,59.08371624764811,35.48255944941355,42.5,0.46814184651121543
2021-02-01,Banlic,25.197397,80.96217,91.8,0.0,0.0,2.6008556728009826,0.18167432495296224,0.0,0.0,9,59.08371624764811,36.43609147213159,52.5,0.600106176446937
2021-02-01,Barangay Dos,25.197397,80.96217,91.8,0.0,0.0,2.2982314052060246,0.18167432495296224,0.0,0.0,16,59.08371624764811,34.82992157557792,70.0,0.768893538945438
2021-02-01,Barangay Tres,25.197397,80.96217,91.8,0.0,0.0,2.8418320235998733,0.18167432495296224,0.0,0.0,1,59.08371624764811,37.71506676221828,32.5,0.39664226236043787
2021-02-01,Barangay Uno,25.197397,80.96217,91.8,0.0,0.0,2.4993259383410944,0.18167432495296224,0.0,0.0,0,59.08371624764811,35.897225225909644,30.0,0.33367617063303834
2021-02-01,Bigaa,25.197397,80.96217,91.8,0.0,0.0,2.6000714943959164,0.18167432495296224,0.0,0.0,3,59.08371624764811,36.4319294670229,37.5,0.42922493195783945
2021-02-01,Butong,25.197397,80.96217,91.8,0.0,64.42857142857143,0.624416743006025,0.18167432495296224,0.0,0.0,0,59.08371624764811,50.946196736847995,30.0,0.6192759830987717
2021-02-01,Casile,25.197397,80.96217,91.8,0.0,0.0,0.0,0.18167432495296224,0.0,0.0,4,59.08371624764811,22.63212221304707,40.0,0.1957988375202982
2021-02-01,Diezmo,25.197397,80.96217,91.8,0.0,0.0,0.0,0.18167432495296224,0.0,0.0,3,59.08371624764811,22.63212221304707,37.5,0.1673317945474799
2021-02-01,Gulod,25.197397,80.96217,91.8,0.0,25.704545454545453,1.3563821301227663,0.18167432495296224,0.0,0.0,3,59.08371624764811,39.8051302737551,37.5,0.4932416335052999
2021-02-01,Mamatid,25.197397,80.96217,91.8,0.0,0.0,2.737382913337034,0.18167432495296224,0.0,0.0,3,59.08371624764811,37.16070600999161,37.5,0.4430556740686874
2021-02-01,Marinig,25.197397,80.96217,91.8,0.0,39.41025641025641,1.4418404273364855,0.18167432495296224,0.0,0.0,3,59.08371624764811,45.57687833913974,37.5,0.6027780336423568
2021-02-01,Niugan,25.197397,80.96217,91.8,0.0,0.8148148148148148,2.4650737148959463,0.18167432495296224,0.0,0.0,9,59.08371624764811,36.03160232950455,52.5,0.5924297699101356
2021-02-01,Pittland,25.197397,80.96217,91.8,0.0,0.0,3.7682721889420843,0.18167432495296224,0.0,0.0,2,59.08371624764811,42.63212221304707,35.0,0.5184253245455719
2021-02-01,Pulo,25.197397,80.96217,91.8,0.0,0.0,2.852336974417577,0.18167432495296224,0.0,0.0,7,59.08371624764811,37.77082149696663,47.5,0.568502635150694
2021-02-01,Sala,25.197397,80.96217,91.8,0.0,0.0,0.0,0.18167432495296224,0.0,0.0,0,59.08371624764811,22.63212221304707,30.0,0.08193066562902508
2021-02-01,San Isidro,25.197397,80.96217,91.8,0.0,0.0,2.7968569266796113,0.18167432495296224,0.0,0.0,3,59.08371624764811,37.47636268424726,37.5,0.44904621547581597
2021-03-01,Baclaran,26.74543,78.64232,63.3,0.0,1.5625,2.087026609107852,0.1512915756066713,0.0,0.0,2,57.56457878033356,33.43271446464241,35.0,0.35537079449700637
2021-03-01,Banay-Banay,26.74543,78.64232,63.3,0.0,0.0,2.4211972626772793,0.1512915756066713,0.0,0.0,5,57.56457878033356,34.60002435445071,42.5,0.46292516394597377
2021-03-01,Banlic,26.74543,78.64232,63.3,0.0,0.0,2.6008556728009826,0.1512915756066713,0.0,0.0,9,57.56457878033356,35.553556377168746,52.5,0.5948894938816953
2021-03-01,Barangay Dos,26.74543,78.64232,63.3,0.0,0.0,2.2982314052060246,0.1512915756066713,0.0,0.0,16,57.56457878033356,33.94738648061508,70.0,0.7636768563801963
2021-03-01,Barangay Tres,26.74543,78.64232,63.3,0.0,0.0,2.8418320235998733,0.1512915756066713,0.0,0.0,1,57.56457878033356,36.83253166725544,32.5,0.3914255797951962
2021-03-01,Barangay Uno,26.74543,78.64232,63.3,0.0,0.0,2.4993259383410944,0.1512915756066713,0.0,0.0,0,57.56457878033356,35.0146901309468,30.0,0.3284594880677967
2021-03-01,Bigaa,26.74543,78.64232,63.3,0.0,0.0,2.6000714943959164,0.1512915756066713,0.0,0.0,3,57.56457878033356,35.54939437206006,37.5,0.4240082493925975
2021-03-01,Butong,26.74543,78.64232,63.3,0.0,64.42857142857143,0.624416743006025,0.1512915756066713,0.0,0.0,0,57.56457878033356,50.063661641885155,30.0,0.6140593005335299
2021-03-01,Casile,26.74543,78.64232,63.3,0.0,0.0,0.0,0.1512915756066713,0.0,0.0,4,57.56457878033356,21.74958711808423,40.0,0.19058215495505626
2021-03-01,Diezmo,26.74543,78.64232,63.3,0.0,0.0,0.0,0.1512915756066713,0.0,0.0,3,57.56457878033356,21.74958711808423,37.5,0.16211511198223796
2021-03-01,Gulod,26.74543,78.64232,63.3,0.0,25.704545454545453,1.3563821301227663,0.1512915756066713,0.0,0.0,3,57.56457878033356,38.92259517879226,37.5,0.488024950940058
2021-03-01,Mamatid,26.74543,78.64232,63.3,0.0,0.0,2.737382913337034,0.1512915756066713,0.0,0.0,3,57.56457878033356,36.27817091502877,37.5,0.43783899150344574
2021-03-01,Marinig,26.74543,78.64232,63.3,0.0,39.41025641025641,1.4418404273364855,0.1512915756066713,0.0,0.0,3,57.56457878033356,44.6943432441769,37.5,0.5975613510771152
2021-03-01,Niugan,26.74543,78.64232,63.3,0.0,0.8148148148148148,2.4650737148959463,0.1512915756066713,0.0,0.0,9,57.56457878033356,35.14906723454171,52.5,0.587213087344894
2021-03-01,Pittland,26.74543,78.64232,63.3,0.0,0.0,3.7682721889420843,0.1512915756066713,0.0,0.0,2,57.56457878033356,41.74958711808423,35.0,0.51320864198033
2021-03-01,Pulo,26.74543,78.64232,63.3,0.0,0.0,2.852336974417577,0.1512915756066713,0.0,0.0,7,57.56457878033356,36.88828640200379,47.5,0.563285952585452
2021-03-01,Sala,26.74543,78.64232,63.3,0.0,0.0,0.0,0.1512915756066713,0.0,0.0,0,57.56457878033356,21.74958711808423,30.0,0.07671398306378316
2021-03-01,San Isidro,26.74543,78.64232,63.3,0.0,0.0,2.7968569266796113,0.1512915756066713,0.0,0.0,3,57.56457878033356,36.59382758928442,37.5,0.44382953291057403
2021-04-01,Baclaran,27.888819,70.64901,22.1,0.0,1.5625,2.087026609107852,0.23442077289616298,0.0,0.0,2,61.72103864480815,32.15690934490666,35.0,0.29960596263088896
2021-04-01,Banay-Banay,27.888819,70.64901,22.1,0.0,0.0,2.4211972626772793,0.23442077289616298,0.0,0.0,5,61.72103864480815,33.32421923471495,42.5,0.4071603320798561
2021-04-01,Banlic,27.888819,70.64901,22.1,0.0,0.0,2.6008556728009826,0.23442077289616298,0.0,0.0,9,61.72103864480815,34.27775125743299,52.5,0.5391246620155776
2021-04-01,Barangay Dos,27.888819,70.64901,22.1,0.0,0.0,2.2982314052060246,0.23442077289616298,0.0,0.0,16,61.72103864480815,32.67158136087932,70.0,0.7079120245140786
2021-04-01,Barangay Tres,27.888819,70.64901,22.1,0.0,0.0,2.8418320235998733,0.23442077289616298,0.0,0.0,1,61.72103864480815,35.55672654751968,32.5,0.3356607479290786
2021-04-01,Barangay Uno,27.888819,70.64901,22.1,0.0,0.0,2.4993259383410944,0.23442077289616298,0.0,0.0,0,61.72103864480815,33.738885011211046,30.0,0.272694656201679
2021-04-01,Bigaa,27.888819,70.64901,22.1,0.0,0.0,2.6000714943959164,0.23442077289616298,0.0,0.0,3,61.72103864480815,34.2735892523243,37.5,0.36824341752648004
2021-04-01,Butong,27.888819,70.64901,22.1,0.0,64.42857142857143,0.624416743006025,0.23442077289616298,0.0,0.0,0,61.72103864480815,48.7878565221494,30.0,0.5582944686674124
2021-04-01,Casile,27.888819,70.64901,22.1,0.0,0.0,0.0,0.23442077289616298,0.0,0.0,4,61.72103864480815,20.47378199834847,40.0,0.13481732308893882
2021-04-01,Diezmo,27.888819,70.64901,22.1,0.0,0.0,0.0,0.23442077289616298,0.0,0.0,3,61.72103864480815,20.47378199834847,37.5,0.10635028011612055
2021-04-01,Gulod,27.888819,70.64901,22.1,0.0,25.704545454545453,1.3563821301227663,0.23442077289616298,0.0,0.0,3,61.72103864480815,37.6467900590565,37.5,0.4322601190739406
2021-04-01,Mamatid,27.888819,70.64901,22.1,0.0,0.0,2.737382913337034,0.23442077289616298,0.0,0.0,3,61.72103864480815,35.00236579529301,37.5,0.38207415963732805
2021-04-01,Marinig,27.888819,70.64901,22.1,0.0,39.41025641025641,1.4418404273364855,0.23442077289616298,0.0,0.0,3,61.72103864480815,43.41853812444114,37.5,0.5417965192109975
2021-04-01,Niugan,27.888819,70.64901,22.1,0.0,0.8148148148148148,2.4650737148959463,0.23442077289616298,0.0,0.0,9,61.72103864480815,33.873262114805954,52.5,0.5314482554787763
2021-04-01,Pittland,27.888819,70.64901,22.1,0.0,0.0,3.7682721889420843,0.23442077289616298,0.0,0.0,2,61.72103864480815,40.47378199834847,35.0,0.4574438101142126
2021-04-01,Pulo,27.888819,70.64901,22.1,0.0,0.0,2.852336974417577,0.23442077289616298,0.0,0.0,7,61.72103864480815,35.612481282268035,47.5,0.5075211207193346
2021-04-01,Sala,27.888819,70.64901,22.1,0.0,0.0,0.0,0.23442077289616298,0.0,0.0,0,61.72103864480815,20.47378199834847,30.0,0.020949151197665737
2021-04-01,San Isidro,27.888819,70.64901,22.1,0.0,0.0,2.7968569266796113,0.23442077289616298,0.0,0.0,3,61.72103864480815,35.318022469548666,37.5,0.38806470104445656
2021-05-01,Baclaran,28.816265,75.0869,82.0,0.0,1.5625,2.087026609107852,0.22198246378679168,0.0,0.0,2,61.099123189339586,34.01178135151277,35.0,0.3395288684439872
2021-05-01,Banay-Banay,28.816265,75.0869,82.0,0.0,0.0,2.4211972626772793,0.22198246378679168,0.0,0.0,5,61.099123189339586,35.17909124132107,42.5,0.4470832378929543
2021-05-01,Banlic,28.816265,75.0869,82.0,0.0,0.0,2.6008556728009826,0.22198246378679168,0.0,0.0,9,61.099123189339586,36.132623264039104,52.5,0.5790475678286758
2021-05-01,Barangay Dos,28.816265,75.0869,82.0,0.0,0.0,2.2982314052060246,0.22198246378679168,0.0,0.0,16,61.099123189339586,34.52645336748544,70.0,0.7478349303271769
2021-05-01,Barangay Tres,28.816265,75.0869,82.0,0.0,0.0,2.8418320235998733,0.22198246378679168,0.0,0.0,1,61.099123189339586,37.411598554125796,32.5,0.37558365374217667
2021-05-01,Barangay Uno,28.816265,75.0869,82.0,0.0,0.0,2.4993259383410944,0.22198246378679168,0.0,0.0,0,61.099123189339586,35.59375701781716,30.0,0.31261756201477714
2021-05-01,Bigaa,28.816265,75.0869,82.0,0.0,0.0,2.6000714943959164,0.22198246378679168,0.0,0.0,3,61.099123189339586,36.128461258930415,37.5,0.4081663233395782
2021-05-01,Butong,28.816265,75.0869,82.0,0.0,64.42857142857143,0.624416743006025,0.22198246378679168,0.0,0.0,0,61.099123189339586,50.64272852875551,30.0,0.5982173744805106
2021-05-01,Casile,28.816265,75.0869,82.0,0.0,0.0,0.0,0.22198246378679168,0.0,0.0,4,61.099123189339586,22.328654004954583,40.0,0.174740228902037
2021-05-01,Diezmo,28.816265,75.0869,82.0,0.0,0.0,0.0,0.22198246378679168,0.0,0.0,3,61.099123189339586,22.328654004954583,37.5,0.14627318592921873
2021-05-01,Gulod,28.816265,75.0869,82.0,0.0,25.704545454545453,1.3563821301227663,0.22198246378679168,0.0,0.0,3,61.099123189339586,39.501662065662615,37.5,0.47218302488703867
2021-05-01,Mamatid,28.816265,75.0869,82.0,0.0,0.0,2.737382913337034,0.22198246378679168,0.0,0.0,3,61.099123189339586,36.857237801899124,37.5,0.42199706545042626
2021-05-01,Marinig,28.816265,75.0869,82.0,0.0,39.41025641025641,1.4418404273364855,0.22198246378679168,0.0,0.0,3,61.099123189339586,45.27341013104726,37.5,0.5817194250240957
2021-05-01,Niugan,28.816265,75.0869,82.0,0.0,0.8148148148148148,2.4650737148959463,0.22198246378679168,0.0,0.0,9,61.099123189339586,35.72813412141207,52.5,0.5713711612918745
2021-05-01,Pittland,28.816265,75.0869,82.0,0.0,0.0,3.7682721889420843,0.22198246378679168,0.0,0.0,2,61.099123189339586,42.328654004954586,35.0,0.4973667159273107
2021-05-01,Pulo,28.816265,75.0869,82.0,0.0,0.0,2.852336974417577,0.22198246378679168,0.0,0.0,7,61.099123189339586,37.46735328887415,47.5,0.5474440265324327
2021-05-01,Sala,28.816265,75.0869,82.0,0.0,0.0,0.0,0.22198246378679168,0.0,0.0,0,61.099123189339586,22.328654004954583,30.0,0.060872057010763925
2021-05-01,San Isidro,28.816265,75.0869,82.0,0.0,0.0,2.7968569266796113,0.22198246378679168,0.0,0.0,3,61.099123189339586,37.17289447615478,37.5,0.4279876068575548
2021-06-01,Baclaran,27.918959,81.27794,230.2,0.0,1.5625,2.087026609107852,0.1598012756590093,0.0,0.0,2,57.990063782950465,38.60096384531954,35.0,0.4502240326786486
2021-06-01,Banay-Banay,27.918959,81.27794,230.2,0.0,0.0,2.4211972626772793,0.1598012756590093,0.0,0.0,5,57.990063782950465,39.768273735127835,42.5,0.5577784021276158
2021-06-01,Banlic,27.918959,81.27794,230.2,0.0,0.0,2.6008556728009826,0.1598012756590093,0.0,0.0,9,57.990063782950465,40.72180575784587,52.5,0.6897427320633372
2021-06-01,Barangay Dos,27.918959,81.27794,230.2,0.0,0.0,2.2982314052060246,0.1598012756590093,0.0,0.0,16,57.990063782950465,39.115635861292205,70.0,0.8585300945618384
2021-06-01,Barangay Tres,27.918959,81.27794,230.2,0.0,0.0,2.8418320235998733,0.1598012756590093,0.0,0.0,1,57.990063782950465,42.00078104793256,32.5,0.48627881797683814
2021-06-01,Barangay Uno,27.918959,81.27794,230.2,0.0,0.0,2.4993259383410944,0.1598012756590093,0.0,0.0,0,57.990063782950465,40.18293951162393,30.0,0.42331272624943866
2021-06-01,Bigaa,27.918959,81.27794,230.2,0.0,0.0,2.6000714943959164,0.1598012756590093,0.0,0.0,3,57.990063782950465,40.71764375273718,37.5,0.5188614875742397
2021-06-01,Butong,27.918959,81.27794,230.2,0.0,64.42857142857143,0.624416743006025,0.1598012756590093,0.0,0.0,0,57.990063782950465,55.23191102256228,30.0,0.7089125387151721
2021-06-01,Casile,27.918959,81.27794,230.2,0.0,0.0,0.0,0.1598012756590093,0.0,0.0,4,57.990063782950465,26.917836498761353,40.0,0.28543539313669847
2021-06-01,Diezmo,27.918959,81.27794,230.2,0.0,0.0,0.0,0.1598012756590093,0.0,0.0,3,57.990063782950465,26.917836498761353,37.5,0.2569683501638802
2021-06-01,Gulod,27.918959,81.27794,230.2,0.0,25.704545454545453,1.3563821301227663,0.1598012756590093,0.0,0.0,3,57.990063782950465,44.09084455946938,37.5,0.5828781891217002
2021-06-01,Mamatid,27.918959,81.27794,230.2,0.0,0.0,2.737382913337034,0.1598012756590093,0.0,0.0,3,57.990063782950465,41.44642029570589,37.5,0.5326922296850877
2021-06-01,Marinig,27.918959,81.27794,230.2,0.0,39.41025641025641,1.4418404273364855,0.1598012756590093,0.0,0.0,3,57.990063782950465,49.862592624854024,37.5,0.6924145892587569
2021-06-01,Niugan,27.918959,81.27794,230.2,0.0,0.8148148148148148,2.4650737148959463,0.1598012756590093,0.0,0.0,9,57.990063782950465,40.317316615218836,52.5,0.6820663255265358
2021-06-01,Pittland,27.918959,81.27794,230.2,0.0,0.0,3.7682721889420843,0.1598012756590093,0.0,0.0,2,57.990063782950465,46.91783649876135,35.0,0.6080618801619719
2021-06-01,Pulo,27.918959,81.27794,230.2,0.0,0.0,2.852336974417577,0.1598012756590093,0.0,0.0,7,57.990063782950465,42.05653578268092,47.5,0.6581391907670943
2021-06-01,Sala,27.918959,81.27794,230.2,0.0,0.0,0.0,0.1598012756590093,0.0,0.0,0,57.990063782950465,26.917836498761353,30.0,0.1715672212454254
2021-06-01,San Isidro,27.918959,81.27794,230.2,0.0,0.0,2.7968569266796113,0.1598012756590093,0.0,0.0,3,57.990063782950465,41.76207696996155,37.5,0.5386827710922163
2021-07-01,Baclaran,27.463844,83.37939,281.3,0.0,1.5625,2.087026609107852,0.22646407634576748,0.0,0.0,2,61.32320381728837,40.18333378751607,35.0,0.4549517239497402
2021-07-01,Banay-Banay,27.463844,83.37939,281.3,0.0,0.0,2.4211972626772793,0.22646407634576748,0.0,0.0,5,61.32320381728837,41.35064367732437,42.5,0.5625060933987074
2021-07-01,Banlic,27.463844,83.37939,281.3,0.0,0.0,2.6008556728009826,0.22646407634576748,0.0,0.0,9,61.32320381728837,42.30417570004241,52.5,0.694470423334429
2021-07-01,Barangay Dos,27.463844,83.37939,281.3,0.0,0.0,2.2982314052060246,0.22646407634576748,0.0,0.0,16,61.32320381728837,40.69800580348874,70.0,0.8632577858329299
2021-07-01,Barangay Tres,27.463844,83.37939,281.3,0.0,0.0,2.8418320235998733,0.22646407634576748,0.0,0.0,1,61.32320381728837,43.5831509901291,32.5,0.4910065092479297
2021-07-01,Barangay Uno,27.463844,83.37939,281.3,0.0,0.0,2.4993259383410944,0.22646407634576748,0.0,0.0,0,61.32320381728837,41.765309453820464,30.0,0.42804041752053024
2021-07-01,Bigaa,27.463844,83.37939,281.3,0.0,0.0,2.6000714943959164,0.22646407634576748,0.0,0.0,3,61.32320381728837,42.30001369493371,37.5,0.523589178845331
2021-07-01,Butong,27.463844,83.37939,281.3,0.0,64.42857142857143,0.624416743006025,0.22646407634576748,0.0,0.0,0,61.32320381728837,56.81428096475881,30.0,0.7136402299862634
2021-07-01,Casile,27.463844,83.37939,281.3,0.0,0.0,0.0,0.22646407634576748,0.0,0.0,4,61.32320381728837,28.500206440957886,40.0,0.29016308440779004
2021-07-01,Diezmo,27.463844,83.37939,281.3,0.0,0.0,0.0,0.22646407634576748,0.0,0.0,3,61.32320381728837,28.500206440957886,37.5,0.26169604143497177
2021-07-01,Gulod,27.463844,83.37939,281.3,0.0,25.704545454545453,1.3563821301227663,0.22646407634576748,0.0,0.0,3,61.32320381728837,45.67321450166591,37.5,0.5876058803927915
2021-07-01,Mamatid,27.463844,83.37939,281.3,0.0,0.0,2.737382913337034,0.22646407634576748,0.0,0.0,3,61.32320381728837,43.02879023790243,37.5,0.5374199209561793
2021-07-01,Marinig,27.463844,83.37939,281.3,0.0,39.41025641025641,1.4418404273364855,0.22646407634576748,0.0,0.0,3,61.32320381728837,51.44496256705055,37.5,0.6971422805298488
2021-07-01,Niugan,27.463844,83.37939,281.3,0.0,0.8148148148148148,2.4650737148959463,0.22646407634576748,0.0,0.0,9,61.32320381728837,41.899686557415365,52.5,0.6867940167976275
2021-07-01,Pittland,27.463844,83.37939,281.3,0.0,0.0,3.7682721889420843,0.22646407634576748,0.0,0.0,2,61.32320381728837,48.50020644095788,35.0,0.6127895714330638
2021-07-01,Pulo,27.463844,83.37939,281.3,0.0,0.0,2.852336974417577,0.22646407634576748,0.0,0.0,7,61.32320381728837,43.638905724877446,47.5,0.6628668820381856
2021-07-01,Sala,27.463844,83.37939,281.3,0.0,0.0,0.0,0.22646407634576748,0.0,0.0,0,61.32320381728837,28.500206440957886,30.0,0.17629491251651686
2021-07-01,San Isidro,27.463844,83.37939,281.3,0.0,0.0,2.7968569266796113,0.22646407634576748,0.0,0.0,3,61.32320381728837,43.34444691215808,37.5,0.5434104623633076
2021-08-01,Baclaran,27.314314,83.874245,184.8,0.0,1.5625,2.087026609107852,0.27216061529320434,0.0,0.0,2,63.608030764660214,37.19510092211557,35.0,0.3808963505159678
2021-08-01,Banay-Banay,27.314314,83.874245,184.8,0.0,0.0,2.4211972626772793,0.27216061529320434,0.0,0.0,5,63.608030764660214,38.36241081192387,42.5,0.4884507199649349
2021-08-01,Banlic,27.314314,83.874245,184.8,0.0,0.0,2.6008556728009826,0.27216061529320434,0.0,0.0,9,63.608030764660214,39.31594283464191,52.5,0.6204150499006564
2021-08-01,Barangay Dos,27.314314,83.874245,184.8,0.0,0.0,2.2982314052060246,0.27216061529320434,0.0,0.0,16,63.608030764660214,37.70977293808824,70.0,0.7892024123991574
2021-08-01,Barangay Tres,27.314314,83.874245,184.8,0.0,0.0,2.8418320235998733,0.27216061529320434,0.0,0.0,1,63.608030764660214,40.5949181247286,32.5,0.41695113581415727
2021-08-01,Barangay Uno,27.314314,83.874245,184.8,0.0,0.0,2.4993259383410944,0.27216061529320434,0.0,0.0,0,63.608030764660214,38.777076588419966,30.0,0.3539850440867578
2021-08-01,Bigaa,27.314314,83.874245,184.8,0.0,0.0,2.6000714943959164,0.27216061529320434,0.0,0.0,3,63.608030764660214,39.31178082953322,37.5,0.4495338054115588
2021-08-01,Butong,27.314314,83.874245,184.8,0.0,64.42857142857143,0.624416743006025,0.27216061529320434,0.0,0.0,0,63.608030764660214,53.82604809935832,30.0,0.6395848565524912
2021-08-01,Casile,27.314314,83.874245,184.8,0.0,0.0,0.0,0.27216061529320434,0.0,0.0,4,63.608030764660214,25.51197357555739,40.0,0.21610771097401762
2021-08-01,Diezmo,27.314314,83.874245,184.8,0.0,0.0,0.0,0.27216061529320434,0.0,0.0,3,63.608030764660214,25.51197357555739,37.5,0.1876406680011992
2021-08-01,Gulod,27.314314,83.874245,184.8,0.0,25.704545454545453,1.3563821301227663,0.27216061529320434,0.0,0.0,3,63.608030764660214,42.68498163626542,37.5,0.5135505069590194
2021-08-01,Mamatid,27.314314,83.874245,184.8,0.0,0.0,2.737382913337034,0.27216061529320434,0.0,0.0,3,63.608030764660214,40.04055737250193,37.5,0.46336454752240674
2021-08-01,Marinig,27.314314,83.874245,184.8,0.0,39.41025641025641,1.4418404273364855,0.27216061529320434,0.0,0.0,3,63.608030764660214,48.45672970165006,37.5,0.6230869070960763
2021-08-01,Niugan,27.314314,83.874245,184.8,0.0,0.8148148148148148,2.4650737148959463,0.27216061529320434,0.0,0.0,9,63.608030764660214,38.911453692014874,52.5,0.6127386433638551
2021-08-01,Pittland,27.314314,83.874245,184.8,0.0,0.0,3.7682721889420843,0.27216061529320434,0.0,0.0,2,63.608030764660214,45.51197357555739,35.0,0.5387341979992913
2021-08-01,Pulo,27.314314,83.874245,184.8,0.0,0.0,2.852336974417577,0.27216061529320434,0.0,0.0,7,63.608030764660214,40.650672859476956,47.5,0.5888115086044133
2021-08-01,Sala,27.314314,83.874245,184.8,0.0,0.0,0.0,0.27216061529320434,0.0,0.0,0,63.608030764660214,25.51197357555739,30.0,0.10223953908274439
2021-08-01,San Isidro,27.314314,83.874245,184.8,0.0,0.0,2.7968569266796113,0.27216061529320434,0.0,0.0,3,63.608030764660214,40.356214046757586,37.5,0.4693550889295354
2021-09-01,Baclaran,26.943056,86.697914,359.1,0.0,1.5625,2.087026609107852,0.3178571542406412,0.0,0.0,2,65.89285771203205,42.59249976604621,35.0,0.465983735898033
2021-09-01,Banay-Banay,26.943056,86.697914,359.1,0.0,0.0,2.4211972626772793,0.3178571542406412,0.0,0.0,5,65.89285771203205,43.75980965585451,42.5,0.5735381053470004
2021-09-01,Banlic,26.943056,86.697914,359.1,0.0,0.0,2.6008556728009826,0.3178571542406412,0.0,0.0,9,65.89285771203205,44.71334167857255,52.5,0.7055024352827219
2021-09-01,Barangay Dos,26.943056,86.697914,359.1,0.0,0.0,2.2982314052060246,0.3178571542406412,0.0,0.0,16,65.89285771203205,43.10717178201888,70.0,0.874289797781223
2021-09-01,Barangay Tres,26.943056,86.697914,359.1,0.0,0.0,2.8418320235998733,0.3178571542406412,0.0,0.0,1,65.89285771203205,45.99231696865924,32.5,0.5020385211962228
2021-09-01,Barangay Uno,26.943056,86.697914,359.1,0.0,0.0,2.4993259383410944,0.3178571542406412,0.0,0.0,0,65.89285771203205,44.174475432350604,30.0,0.4390724294688233
2021-09-01,Bigaa,26.943056,86.697914,359.1,0.0,0.0,2.6000714943959164,0.3178571542406412,0.0,0.0,3,65.89285771203205,44.70917967346386,37.5,0.5346211907936244
2021-09-01,Butong,26.943056,86.697914,359.1,0.0,64.42857142857143,0.624416743006025,0.3178571542406412,0.0,0.0,0,65.89285771203205,59.223446943288955,30.0,0.7246722419345566
2021-09-01,Casile,26.943056,86.697914,359.1,0.0,0.0,0.0,0.3178571542406412,0.0,0.0,4,65.89285771203205,30.90937241948803,40.0,0.3011950963560829
2021-09-01,Diezmo,26.943056,86.697914,359.1,0.0,0.0,0.0,0.3178571542406412,0.0,0.0,3,65.89285771203205,30.90937241948803,37.5,0.2727280533832646
2021-09-01,Gulod,26.943056,86.697914,359.1,0.0,25.704545454545453,1.3563821301227663,0.3178571542406412,0.0,0.0,3,65.89285771203205,48.08238048019606,37.5,0.5986378923410849
2021-09-01,Mamatid,26.943056,86.697914,359.1,0.0,0.0,2.737382913337034,0.3178571542406412,0.0,0.0,3,65.89285771203205,45.43795621643257,37.5,0.5484519329044724
2021-09-01,Marinig,26.943056,86.697914,359.1,0.0,39.41025641025641,1.4418404273364855,0.3178571542406412,0.0,0.0,3,65.89285771203205,53.8541285455807,37.5,0.7081742924781416
2021-09-01,Niugan,26.943056,86.697914,359.1,0.0,0.8148148148148148,2.4650737148959463,0.3178571542406412,0.0,0.0,9,65.89285771203205,44.30885253594551,52.5,0.6978260287459205
2021-09-01,Pittland,26.943056,86.697914,359.1,0.0,0.0,3.7682721889420843,0.3178571542406412,0.0,0.0,2,65.89285771203205,50.90937241948803,35.0,0.6238215833813566
2021-09-01,Pulo,26.943056,86.697914,359.1,0.0,0.0,2.852336974417577,0.3178571542406412,0.0,0.0,7,65.89285771203205,46.048071703407594,47.5,0.673898893986479
2021-09-01,Sala,26.943056,86.697914,359.1,0.0,0.0,0.0,0.3178571542406412,0.0,0.0,0,65.89285771203205,30.90937241948803,30.0,0.18732692446480992
2021-09-01,San Isidro,26.943056,86.697914,359.1,0.0,0.0,2.7968569266796113,0.3178571542406412,0.0,0.0,3,65.89285771203205,45.753612890688224,37.5,0.554442474311601
2021-10-01,Baclaran,26.885754,83.95976,202.90001,0.0,1.5625,2.087026609107852,0.23062527000063657,0.0,0.0,2,61.53126350003183,37.75558843243762,35.0,0.4072984780018032
2021-10-01,Banay-Banay,26.885754,83.95976,202.90001,0.0,0.0,2.4211972626772793,0.23062527000063657,0.0,0.0,5,61.53126350003183,38.92289832224592,42.5,0.5148528474507701
2021-10-01,Banlic,26.885754,83.95976,202.90001,0.0,0.0,2.6008556728009826,0.23062527000063657,0.0,0.0,9,61.53126350003183,39.87643034496396,52.5,0.6468171773864916
2021-10-01,Barangay Dos,26.885754,83.95976,202.90001,0.0,0.0,2.2982314052060246,0.23062527000063657,0.0,0.0,16,61.53126350003183,38.27026044841029,70.0,0.8156045398849926
2021-10-01,Barangay Tres,26.885754,83.95976,202.90001,0.0,0.0,2.8418320235998733,0.23062527000063657,0.0,0.0,1,61.53126350003183,41.15540563505065,32.5,0.44335326329999275
2021-10-01,Barangay Uno,26.885754,83.95976,202.90001,0.0,0.0,2.4993259383410944,0.23062527000063657,0.0,0.0,0,61.53126350003183,39.337564098742014,30.0,0.3803871715725932
2021-10-01,Bigaa,26.885754,83.95976,202.90001,0.0,0.0,2.6000714943959164,0.23062527000063657,0.0,0.0,3,61.53126350003183,39.87226833985527,37.5,0.47593593289739433
2021-10-01,Butong,26.885754,83.95976,202.90001,0.0,64.42857142857143,0.624416743006025,0.23062527000063657,0.0,0.0,0,61.53126350003183,54.386535609680365,30.0,0.6659869840383267
2021-10-01,Casile,26.885754,83.95976,202.90001,0.0,0.0,0.0,0.23062527000063657,0.0,0.0,4,61.53126350003183,26.07246108587944,40.0,0.24250983845985277
2021-10-01,Diezmo,26.885754,83.95976,202.90001,0.0,0.0,0.0,0.23062527000063657,0.0,0.0,3,61.53126350003183,26.07246108587944,37.5,0.21404279548703464
2021-10-01,Gulod,26.885754,83.95976,202.90001,0.0,25.704545454545453,1.3563821301227663,0.23062527000063657,0.0,0.0,3,61.53126350003183,43.24546914658747,37.5,0.5399526344448548
2021-10-01,Mamatid,26.885754,83.95976,202.90001,0.0,0.0,2.737382913337034,0.23062527000063657,0.0,0.0,3,61.53126350003183,40.60104488282398,37.5,0.4897666750082423
2021-10-01,Marinig,26.885754,83.95976,202.90001,0.0,39.41025641025641,1.4418404273364855,0.23062527000063657,0.0,0.0,3,61.53126350003183,49.01721721197211,37.5,0.6494890345819114
2021-10-01,Niugan,26.885754,83.95976,202.90001,0.0,0.8148148148148148,2.4650737148959463,0.23062527000063657,0.0,0.0,9,61.53126350003183,39.47194120233692,52.5,0.6391407708496902
2021-10-01,Pittland,26.885754,83.95976,202.90001,0.0,0.0,3.7682721889420843,0.23062527000063657,0.0,0.0,2,61.53126350003183,46.07246108587944,35.0,0.5651363254851265
2021-10-01,Pulo,26.885754,83.95976,202.90001,0.0,0.0,2.852336974417577,0.23062527000063657,0.0,0.0,7,61.53126350003183,41.211160369799,47.5,0.6152136360902488
2021-10-01,Sala,26.885754,83.95976,202.90001,0.0,0.0,0.0,0.23062527000063657,0.0,0.0,0,61.53126350003183,26.07246108587944,30.0,0.12864166656857984
2021-10-01,San Isidro,26.885754,83.95976,202.90001,0.0,0.0,2.7968569266796113,0.23062527000063657,0.0,0.0,3,61.53126350003183,40.916701557079634,37.5,0.49575721641537085
2021-11-01,Baclaran,27.518055,77.51005,46.7,0.0,1.5625,2.087026609107852,0.2465529574453661,0.0,0.0,2,62.3276478722683,32.91867647950616,35.0,0.30945790221595443
2021-11-01,Banay-Banay,27.518055,77.51005,46.7,0.0,0.0,2.4211972626772793,0.2465529574453661,0.0,0.0,5,62.3276478722683,34.08598636931446,42.5,0.41701227166492183
2021-11-01,Banlic,27.518055,77.51005,46.7,0.0,0.0,2.6008556728009826,0.2465529574453661,0.0,0.0,9,62.3276478722683,35.0395183920325,52.5,0.5489766016006433
2021-11-01,Barangay Dos,27.518055,77.51005,46.7,0.0,0.0,2.2982314052060246,0.2465529574453661,0.0,0.0,16,62.3276478722683,33.43334849547883,70.0,0.7177639640991444
2021-11-01,Barangay Tres,27.518055,77.51005,46.7,0.0,0.0,2.8418320235998733,0.2465529574453661,0.0,0.0,1,62.3276478722683,36.31849368211919,32.5,0.3455126875141442
2021-11-01,Barangay Uno,27.518055,77.51005,46.7,0.0,0.0,2.4993259383410944,0.2465529574453661,0.0,0.0,0,62.3276478722683,34.500652145810555,30.0,0.2825465957867447
2021-11-01,Bigaa,27.518055,77.51005,46.7,0.0,0.0,2.6000714943959164,0.2465529574453661,0.0,0.0,3,62.3276478722683,35.03535638692381,37.5,0.37809535711154546
2021-11-01,Butong,27.518055,77.51005,46.7,0.0,64.42857142857143,0.624416743006025,0.2465529574453661,0.0,0.0,0,62.3276478722683,49.549623656748906,30.0,0.5681464082524779
2021-11-01,Casile,27.518055,77.51005,46.7,0.0,0.0,0.0,0.2465529574453661,0.0,0.0,4,62.3276478722683,21.235549132947977,40.0,0.1446692626740043
2021-11-01,Diezmo,27.518055,77.51005,46.7,0.0,0.0,0.0,0.2465529574453661,0.0,0.0,3,62.3276478722683,21.235549132947977,37.5,0.11620221970118601
2021-11-01,Gulod,27.518055,77.51005,46.7,0.0,25.704545454545453,1.3563821301227663,0.2465529574453661,0.0,0.0,3,62.3276478722683,38.40855719365601,37.5,0.44211205865900605
2021-11-01,Mamatid,27.518055,77.51005,46.7,0.0,0.0,2.737382913337034,0.2465529574453661,0.0,0.0,3,62.3276478722683,35.76413292989252,37.5,0.3919260992223938
2021-11-01,Marinig,27.518055,77.51005,46.7,0.0,39.41025641025641,1.4418404273364855,0.2465529574453661,0.0,0.0,3,62.3276478722683,44.18030525904065,37.5,0.551648458796063
2021-11-01,Niugan,27.518055,77.51005,46.7,0.0,0.8148148148148148,2.4650737148959463,0.2465529574453661,0.0,0.0,9,62.3276478722683,34.63502924940546,52.5,0.5413001950638417
2021-11-01,Pittland,27.518055,77.51005,46.7,0.0,0.0,3.7682721889420843,0.2465529574453661,0.0,0.0,2,62.3276478722683,41.23554913294798,35.0,0.467295749699278
2021-11-01,Pulo,27.518055,77.51005,46.7,0.0,0.0,2.852336974417577,0.2465529574453661,0.0,0.0,7,62.3276478722683,36.374248416867545,47.5,0.5173730603044
2021-11-01,Sala,27.518055,77.51005,46.7,0.0,0.0,0.0,0.2465529574453661,0.0,0.0,0,62.3276478722683,21.235549132947977,30.0,0.030801090782731192
2021-11-01,San Isidro,27.518055,77.51005,46.7,0.0,0.0,2.7968569266796113,0.2465529574453661,0.0,0.0,3,62.3276478722683,36.079789604148175,37.5,0.3979166406295221
2021-12-01,Baclaran,25.90242,76.34492,80.0,0.0,1.5625,2.087026609107852,0.20948787776609687,0.0,0.0,2,60.474393888304846,33.94984906414695,35.0,0.34309596794913794
2021-12-01,Banay-Banay,25.90242,76.34492,80.0,0.0,0.0,2.4211972626772793,0.20948787776609687,0.0,0.0,5,60.474393888304846,35.117158953955254,42.5,0.4506503373981053
2021-12-01,Banlic,25.90242,76.34492,80.0,0.0,0.0,2.6008556728009826,0.20948787776609687,0.0,0.0,9,60.474393888304846,36.07069097667329,52.5,0.5826146673338269
2021-12-01,Barangay Dos,25.90242,76.34492,80.0,0.0,0.0,2.2982314052060246,0.20948787776609687,0.0,0.0,16,60.474393888304846,34.464521080119624,70.0,0.751402029832328
2021-12-01,Barangay Tres,25.90242,76.34492,80.0,0.0,0.0,2.8418320235998733,0.20948787776609687,0.0,0.0,1,60.474393888304846,37.34966626675998,32.5,0.3791507532473278
2021-12-01,Barangay Uno,25.90242,76.34492,80.0,0.0,0.0,2.4993259383410944,0.20948787776609687,0.0,0.0,0,60.474393888304846,35.53182473045135,30.0,0.31618466151992825
2021-12-01,Bigaa,25.90242,76.34492,80.0,0.0,0.0,2.6000714943959164,0.20948787776609687,0.0,0.0,3,60.474393888304846,36.0665289715646,37.5,0.411733422844729
2021-12-01,Butong,25.90242,76.34492,80.0,0.0,64.42857142857143,0.624416743006025,0.20948787776609687,0.0,0.0,0,60.474393888304846,50.5807962413897,30.0,0.6017844739856614
2021-12-01,Casile,25.90242,76.34492,80.0,0.0,0.0,0.0,0.20948787776609687,0.0,0.0,4,60.474393888304846,22.26672171758877,40.0,0.17830732840718772
2021-12-01,Diezmo,25.90242,76.34492,80.0,0.0,0.0,0.0,0.20948787776609687,0.0,0.0,3,60.474393888304846,22.26672171758877,37.5,0.14984028543436942
2021-12-01,Gulod,25.90242,76.34492,80.0,0.0,25.704545454545453,1.3563821301227663,0.20948787776609687,0.0,0.0,3,60.474393888304846,39.4397297782968,37.5,0.4757501243921895
2021-12-01,Mamatid,25.90242,76.34492,80.0,0.0,0.0,2.737382913337034,0.20948787776609687,0.0,0.0,3,60.474393888304846,36.79530551453331,37.5,0.42556416495557736
2021-12-01,Marinig,25.90242,76.34492,80.0,0.0,39.41025641025641,1.4418404273364855,0.20948787776609687,0.0,0.0,3,60.474393888304846,45.21147784368144,37.5,0.5852865245292467
2021-12-01,Niugan,25.90242,76.34492,80.0,0.0,0.8148148148148148,2.4650737148959463,0.20948787776609687,0.0,0.0,9,60.474393888304846,35.666201834046255,52.5,0.5749382607970256
2021-12-01,Pittland,25.90242,76.34492,80.0,0.0,0.0,3.7682721889420843,0.20948787776609687,0.0,0.0,2,60.474393888304846,42.26672171758877,35.0,0.5009338154324615
2021-12-01,Pulo,25.90242,76.34492,80.0,0.0,0.0,2.852336974417577,0.20948787776609687,0.0,0.0,7,60.474393888304846,37.40542100150834,47.5,0.5510111260375836
2021-12-01,Sala,25.90242,76.34492,80.0,0.0,0.0,0.0,0.20948787776609687,0.0,0.0,0,60.474393888304846,22.26672171758877,30.0,0.06443915651591459
2021-12-01,San Isidro,25.90242,76.34492,80.0,0.0,0.0,2.7968569266796113,0.20948787776609687,0.0,0.0,3,60.474393888304846,37.11096218878897,37.5,0.4315547063627056
2022-01-01,Baclaran,25.930376,72.66518,33.1,0.0,1.5625,2.087026609107852,0.23533384364930535,0.0,0.0,2,61.76669218246526,32.49753692541863,35.0,0.3057238369541042
2022-01-01,Banay-Banay,25.930376,72.66518,33.1,0.0,0.0,2.4211972626772793,0.23533384364930535,0.0,0.0,5,61.76669218246526,33.66484681522693,42.5,0.4132782064030716
2022-01-01,Banlic,25.930376,72.66518,33.1,0.0,0.0,2.6008556728009826,0.23533384364930535,0.0,0.0,9,61.76669218246526,34.61837883794497,52.5,0.5452425363387929
2022-01-01,Barangay Dos,25.930376,72.66518,33.1,0.0,0.0,2.2982314052060246,0.23533384364930535,0.0,0.0,16,61.76669218246526,33.0122089413913,70.0,0.714029898837294
2022-01-01,Barangay Tres,25.930376,72.66518,33.1,0.0,0.0,2.8418320235998733,0.23533384364930535,0.0,0.0,1,61.76669218246526,35.89735412803166,32.5,0.34177862225229405
2022-01-01,Barangay Uno,25.930376,72.66518,33.1,0.0,0.0,2.4993259383410944,0.23533384364930535,0.0,0.0,0,61.76669218246526,34.079512591723024,30.0,0.2788125305248945
2022-01-01,Bigaa,25.930376,72.66518,33.1,0.0,0.0,2.6000714943959164,0.23533384364930535,0.0,0.0,3,61.76669218246526,34.61421683283628,37.5,0.3743612918496953
2022-01-01,Butong,25.930376,72.66518,33.1,0.0,64.42857142857143,0.624416743006025,0.23533384364930535,0.0,0.0,0,61.76669218246526,49.128484102661375,30.0,0.5644123429906277
2022-01-01,Casile,25.930376,72.66518,33.1,0.0,0.0,0.0,0.23533384364930535,0.0,0.0,4,61.76669218246526,20.814409578860445,40.0,0.1409351974121541
2022-01-01,Diezmo,25.930376,72.66518,33.1,0.0,0.0,0.0,0.23533384364930535,0.0,0.0,3,61.76669218246526,20.814409578860445,37.5,0.11246815443933582
2022-01-01,Gulod,25.930376,72.66518,33.1,0.0,25.704545454545453,1.3563821301227663,0.23533384364930535,0.0,0.0,3,61.76669218246526,37.98741763956848,37.5,0.43837799339715583
2022-01-01,Mamatid,25.930376,72.66518,33.1,0.0,0.0,2.737382913337034,0.23533384364930535,0.0,0.0,3,61.76669218246526,35.34299337580499,37.5,0.3881920339605436
2022-01-01,Marinig,25.930376,72.66518,33.1,0.0,39.41025641025641,1.4418404273364855,0.23533384364930535,0.0,0.0,3,61.76669218246526,43.75916570495312,37.5,0.5479143935342127
2022-01-01,Niugan,25.930376,72.66518,33.1,0.0,0.8148148148148148,2.4650737148959463,0.23533384364930535,0.0,0.0,9,61.76669218246526,34.21388969531793,52.5,0.5375661298019916
2022-01-01,Pittland,25.930376,72.66518,33.1,0.0,0.0,3.7682721889420843,0.23533384364930535,0.0,0.0,2,61.76669218246526,40.81440957886045,35.0,0.4635616844374278
2022-01-01,Pulo,25.930376,72.66518,33.1,0.0,0.0,2.852336974417577,0.23533384364930535,0.0,0.0,7,61.76669218246526,35.95310886278001,47.5,0.5136389950425498
2022-01-01,Sala,25.930376,72.66518,33.1,0.0,0.0,0.0,0.23533384364930535,0.0,0.0,0,61.76669218246526,20.814409578860445,30.0,0.027067025520881
2022-01-01,San Isidro,25.930376,72.66518,33.1,0.0,0.0,2.7968569266796113,0.23533384364930535,0.0,0.0,3,61.76669218246526,35.65865005006064,37.5,0.3941825753676719
2022-02-01,Baclaran,26.275595,74.84224,21.800001,0.0,1.5625,2.087026609107852,0.24918616563728027,0.0,0.0,2,62.45930828186401,32.147619532767926,35.0,0.2938252993810216
2022-02-01,Banay-Banay,26.275595,74.84224,21.800001,0.0,0.0,2.4211972626772793,0.24918616563728027,0.0,0.0,5,62.45930828186401,33.31492942257623,42.5,0.40137966882998877
2022-02-01,Banlic,26.275595,74.84224,21.800001,0.0,0.0,2.6008556728009826,0.24918616563728027,0.0,0.0,9,62.45930828186401,34.268461445294264,52.5,0.5333439987657103
2022-02-01,Barangay Dos,26.275595,74.84224,21.800001,0.0,0.0,2.2982314052060246,0.24918616563728027,0.0,0.0,16,62.45930828186401,32.6622915487406,70.0,0.7021313612642114
2022-02-01,Barangay Tres,26.275595,74.84224,21.800001,0.0,0.0,2.8418320235998733,0.24918616563728027,0.0,0.0,1,62.45930828186401,35.547436735380955,32.5,0.32988008467921115
2022-02-01,Barangay Uno,26.275595,74.84224,21.800001,0.0,0.0,2.4993259383410944,0.24918616563728027,0.0,0.0,0,62.45930828186401,33.72959519907232,30.0,0.2669139929518116
2022-02-01,Bigaa,26.275595,74.84224,21.800001,0.0,0.0,2.6000714943959164,0.24918616563728027,0.0,0.0,3,62.45930828186401,34.264299440185574,37.5,0.3624627542766127
2022-02-01,Butong,26.275595,74.84224,21.800001,0.0,64.42857142857143,0.624416743006025,0.24918616563728027,0.0,0.0,0,62.45930828186401,48.77856671001067,30.0,0.5525138054175448
2022-02-01,Casile,26.275595,74.84224,21.800001,0.0,0.0,0.0,0.24918616563728027,0.0,0.0,4,62.45930828186401,20.464492186209743,40.0,0.12903665983907134
2022-02-01,Diezmo,26.275595,74.84224,21.800001,0.0,0.0,0.0,0.24918616563728027,0.0,0.0,3,62.45930828186401,20.464492186209743,37.5,0.10056961686625306
2022-02-01,Gulod,26.275595,74.84224,21.800001,0.0,25.704545454545453,1.3563821301227663,0.24918616563728027,0.0,0.0,3,62.45930828186401,37.637500246917774,37.5,0.42647945582407315
2022-02-01,Mamatid,26.275595,74.84224,21.800001,0.0,0.0,2.737382913337034,0.24918616563728027,0.0,0.0,3,62.45930828186401,34.993075983154284,37.5,0.3762934963874607
2022-02-01,Marinig,26.275595,74.84224,21.800001,0.0,39.41025641025641,1.4418404273364855,0.24918616563728027,0.0,0.0,3,62.45930828186401,43.40924831230242,37.5,0.5360158559611301
2022-02-01,Niugan,26.275595,74.84224,21.800001,0.0,0.8148148148148148,2.4650737148959463,0.24918616563728027,0.0,0.0,9,62.45930828186401,33.86397230266723,52.5,0.5256675922289089
2022-02-01,Pittland,26.275595,74.84224,21.800001,0.0,0.0,3.7682721889420843,0.24918616563728027,0.0,0.0,2,62.45930828186401,40.464492186209746,35.0,0.4516631468643453
2022-02-01,Pulo,26.275595,74.84224,21.800001,0.0,0.0,2.852336974417577,0.24918616563728027,0.0,0.0,7,62.45930828186401,35.60319147012931,47.5,0.5017404574694669
2022-02-01,Sala,26.275595,74.84224,21.800001,0.0,0.0,0.0,0.24918616563728027,0.0,0.0,0,62.45930828186401,20.464492186209743,30.0,0.015168487947798246
2022-02-01,San Isidro,26.275595,74.84224,21.800001,0.0,0.0,2.7968569266796113,0.24918616563728027,0.0,0.0,3,62.45930828186401,35.30873265740994,37.5,0.38228403779458925
2022-03-01,Baclaran,27.75094,72.80461,25.1,0.0,1.5625,2.087026609107852,0.20217091122086026,0.0,0.0,2,60.108545561043016,32.249807775955375,35.0,0.3136097676924469
2022-03-01,Banay-Banay,27.75094,72.80461,25.1,0.0,0.0,2.4211972626772793,0.20217091122086026,0.0,0.0,5,60.108545561043016,33.417117665763676,42.5,0.4211641371414143
2022-03-01,Banlic,27.75094,72.80461,25.1,0.0,0.0,2.6008556728009826,0.20217091122086026,0.0,0.0,9,60.108545561043016,34.37064968848171,52.5,0.5531284670771356
2022-03-01,Barangay Dos,27.75094,72.80461,25.1,0.0,0.0,2.2982314052060246,0.20217091122086026,0.0,0.0,16,60.108545561043016,32.764479791928046,70.0,0.7219158295756365
2022-03-01,Barangay Tres,27.75094,72.80461,25.1,0.0,0.0,2.8418320235998733,0.20217091122086026,0.0,0.0,1,60.108545561043016,35.649624978568404,32.5,0.3496645529906367
2022-03-01,Barangay Uno,27.75094,72.80461,25.1,0.0,0.0,2.4993259383410944,0.20217091122086026,0.0,0.0,0,60.108545561043016,33.83178344225977,30.0,0.2866984612632372
2022-03-01,Bigaa,27.75094,72.80461,25.1,0.0,0.0,2.6000714943959164,0.20217091122086026,0.0,0.0,3,60.108545561043016,34.36648768337302,37.5,0.382247222588038
2022-03-01,Butong,27.75094,72.80461,25.1,0.0,64.42857142857143,0.624416743006025,0.20217091122086026,0.0,0.0,0,60.108545561043016,48.88075495319812,30.0,0.5722982737289704
2022-03-01,Casile,27.75094,72.80461,25.1,0.0,0.0,0.0,0.20217091122086026,0.0,0.0,4,60.108545561043016,20.56668042939719,40.0,0.14882112815049678
2022-03-01,Diezmo,27.75094,72.80461,25.1,0.0,0.0,0.0,0.20217091122086026,0.0,0.0,3,60.108545561043016,20.56668042939719,37.5,0.1203540851776785
2022-03-01,Gulod,27.75094,72.80461,25.1,0.0,25.704545454545453,1.3563821301227663,0.20217091122086026,0.0,0.0,3,60.108545561043016,37.73968849010522,37.5,0.44626392413549854
2022-03-01,Mamatid,27.75094,72.80461,25.1,0.0,0.0,2.737382913337034,0.20217091122086026,0.0,0.0,3,60.108545561043016,35.09526422634173,37.5,0.3960779646988863
2022-03-01,Marinig,27.75094,72.80461,25.1,0.0,39.41025641025641,1.4418404273364855,0.20217091122086026,0.0,0.0,3,60.108545561043016,43.511436555489865,37.5,0.5558003242725554
2022-03-01,Niugan,27.75094,72.80461,25.1,0.0,0.8148148148148148,2.4650737148959463,0.20217091122086026,0.0,0.0,9,60.108545561043016,33.96616054585468,52.5,0.5454520605403342
2022-03-01,Pittland,27.75094,72.80461,25.1,0.0,0.0,3.7682721889420843,0.20217091122086026,0.0,0.0,2,60.108545561043016,40.566680429397195,35.0,0.4714476151757705
2022-03-01,Pulo,27.75094,72.80461,25.1,0.0,0.0,2.852336974417577,0.20217091122086026,0.0,0.0,7,60.108545561043016,35.70537971331676,47.5,0.5215249257808926
2022-03-01,Sala,27.75094,72.80461,25.1,0.0,0.0,0.0,0.20217091122086026,0.0,0.0,0,60.108545561043016,20.56668042939719,30.0,0.0349529562592237
2022-03-01,San Isidro,27.75094,72.80461,25.1,0.0,0.0,2.7968569266796113,0.20217091122086026,0.0,0.0,3,60.108545561043016,35.41092090059739,37.5,0.4020685061060146
2022-04-01,Baclaran,27.633333,74.291565,59.100002,0.0,1.5625,2.087026609107852,0.2568335945217917,0.0,0.0,2,62.84167972608958,33.302656723106494,35.0,0.31284296578024295
2022-04-01,Banay-Banay,27.633333,74.291565,59.100002,0.0,0.0,2.4211972626772793,0.2568335945217917,0.0,0.0,5,62.84167972608958,34.46996661291479,42.5,0.42039733522921013
2022-04-01,Banlic,27.633333,74.291565,59.100002,0.0,0.0,2.6008556728009826,0.2568335945217917,0.0,0.0,9,62.84167972608958,35.423498635632825,52.5,0.5523616651649317
2022-04-01,Barangay Dos,27.633333,74.291565,59.100002,0.0,0.0,2.2982314052060246,0.2568335945217917,0.0,0.0,16,62.84167972608958,33.81732873907916,70.0,0.7211490276634326
2022-04-01,Barangay Tres,27.633333,74.291565,59.100002,0.0,0.0,2.8418320235998733,0.2568335945217917,0.0,0.0,1,62.84167972608958,36.70247392571952,32.5,0.3488977510784325
2022-04-01,Barangay Uno,27.633333,74.291565,59.100002,0.0,0.0,2.4993259383410944,0.2568335945217917,0.0,0.0,0,62.84167972608958,34.88463238941088,30.0,0.285931659351033
2022-04-01,Bigaa,27.633333,74.291565,59.100002,0.0,0.0,2.6000714943959164,0.2568335945217917,0.0,0.0,3,62.84167972608958,35.419336630524136,37.5,0.38148042067583404
2022-04-01,Butong,27.633333,74.291565,59.100002,0.0,64.42857142857143,0.624416743006025,0.2568335945217917,0.0,0.0,0,62.84167972608958,49.93360390034923,30.0,0.5715314718167661
2022-04-01,Casile,27.633333,74.291565,59.100002,0.0,0.0,0.0,0.2568335945217917,0.0,0.0,4,62.84167972608958,21.619529376548307,40.0,0.14805432623829282
2022-04-01,Diezmo,27.633333,74.291565,59.100002,0.0,0.0,0.0,0.2568335945217917,0.0,0.0,3,62.84167972608958,21.619529376548307,37.5,0.11958728326547455
2022-04-01,Gulod,27.633333,74.291565,59.100002,0.0,25.704545454545453,1.3563821301227663,0.2568335945217917,0.0,0.0,3,62.84167972608958,38.792537437256335,37.5,0.4454971222232945
2022-04-01,Mamatid,27.633333,74.291565,59.100002,0.0,0.0,2.737382913337034,0.2568335945217917,0.0,0.0,3,62.84167972608958,36.148113173492845,37.5,0.3953111627866821
2022-04-01,Marinig,27.633333,74.291565,59.100002,0.0,39.41025641025641,1.4418404273364855,0.2568335945217917,0.0,0.0,3,62.84167972608958,44.56428550264098,37.5,0.5550335223603514
2022-04-01,Niugan,27.633333,74.291565,59.100002,0.0,0.8148148148148148,2.4650737148959463,0.2568335945217917,0.0,0.0,9,62.84167972608958,35.01900949300579,52.5,0.5446852586281302
2022-04-01,Pittland,27.633333,74.291565,59.100002,0.0,0.0,3.7682721889420843,0.2568335945217917,0.0,0.0,2,62.84167972608958,41.61952937654831,35.0,0.47068081326356664
2022-04-01,Pulo,27.633333,74.291565,59.100002,0.0,0.0,2.852336974417577,0.2568335945217917,0.0,0.0,7,62.84167972608958,36.75822866046787,47.5,0.5207581238686884
2022-04-01,Sala,27.633333,74.291565,59.100002,0.0,0.0,0.0,0.2568335945217917,0.0,0.0,0,62.84167972608958,21.619529376548307,30.0,0.034186154347019736
2022-04-01,San Isidro,27.633333,74.291565,59.100002,0.0,0.0,2.7968569266796113,0.2568335945217917,0.0,0.0,3,62.84167972608958,36.4637698477485,37.5,0.4013017041938106
2022-05-01,Baclaran,28.01633,78.593956,220.2,0.0,1.5625,2.087026609107852,0.22850723067291237,0.0,0.0,2,61.425361533645614,38.29130240849047,35.0,0.41826919740756624
2022-05-01,Banay-Banay,28.01633,78.593956,220.2,0.0,0.0,2.4211972626772793,0.22850723067291237,0.0,0.0,5,61.425361533645614,39.45861229829877,42.5,0.5258235668565334
2022-05-01,Banlic,28.01633,78.593956,220.2,0.0,0.0,2.6008556728009826,0.22850723067291237,0.0,0.0,9,61.425361533645614,40.412144321016804,52.5,0.657787896792255
2022-05-01,Barangay Dos,28.01633,78.593956,220.2,0.0,0.0,2.2982314052060246,0.22850723067291237,0.0,0.0,16,61.425361533645614,38.80597442446314,70.0,0.8265752592907559
2022-05-01,Barangay Tres,28.01633,78.593956,220.2,0.0,0.0,2.8418320235998733,0.22850723067291237,0.0,0.0,1,61.425361533645614,41.691119611103495,32.5,0.45432398270575575
2022-05-01,Barangay Uno,28.01633,78.593956,220.2,0.0,0.0,2.4993259383410944,0.22850723067291237,0.0,0.0,0,61.425361533645614,39.87327807479486,30.0,0.3913578909783562
2022-05-01,Bigaa,28.01633,78.593956,220.2,0.0,0.0,2.6000714943959164,0.22850723067291237,0.0,0.0,3,61.425361533645614,40.407982315908114,37.5,0.48690665230315733
2022-05-01,Butong,28.01633,78.593956,220.2,0.0,64.42857142857143,0.624416743006025,0.22850723067291237,0.0,0.0,0,61.425361533645614,54.92224958573321,30.0,0.6769577034440897
2022-05-01,Casile,28.01633,78.593956,220.2,0.0,0.0,0.0,0.22850723067291237,0.0,0.0,4,61.425361533645614,26.608175061932286,40.0,0.2534805578656161
2022-05-01,Diezmo,28.01633,78.593956,220.2,0.0,0.0,0.0,0.22850723067291237,0.0,0.0,3,61.425361533645614,26.608175061932286,37.5,0.22501351489279783
2022-05-01,Gulod,28.01633,78.593956,220.2,0.0,25.704545454545453,1.3563821301227663,0.22850723067291237,0.0,0.0,3,61.425361533645614,43.781183122640314,37.5,0.5509233538506179
2022-05-01,Mamatid,28.01633,78.593956,220.2,0.0,0.0,2.737382913337034,0.22850723067291237,0.0,0.0,3,61.425361533645614,41.136758858876824,37.5,0.5007373944140053
2022-05-01,Marinig,28.01633,78.593956,220.2,0.0,39.41025641025641,1.4418404273364855,0.22850723067291237,0.0,0.0,3,61.425361533645614,49.55293118802496,37.5,0.6604597539876749
2022-05-01,Niugan,28.01633,78.593956,220.2,0.0,0.8148148148148148,2.4650737148959463,0.22850723067291237,0.0,0.0,9,61.425361533645614,40.00765517838977,52.5,0.6501114902554535
2022-05-01,Pittland,28.01633,78.593956,220.2,0.0,0.0,3.7682721889420843,0.22850723067291237,0.0,0.0,2,61.425361533645614,46.608175061932286,35.0,0.5761070448908898
2022-05-01,Pulo,28.01633,78.593956,220.2,0.0,0.0,2.852336974417577,0.22850723067291237,0.0,0.0,7,61.425361533645614,41.74687434585185,47.5,0.6261843554960119
2022-05-01,Sala,28.01633,78.593956,220.2,0.0,0.0,0.0,0.22850723067291237,0.0,0.0,0,61.425361533645614,26.608175061932286,30.0,0.13961238597434286
2022-05-01,San Isidro,28.01633,78.593956,220.2,0.0,0.0,2.7968569266796113,0.22850723067291237,0.0,0.0,3,61.425361533645614,41.45241553313248,37.5,0.5067279358211338
2022-06-01,Baclaran,27.65965,81.85131,261.1,0.0,1.5625,2.087026609107852,0.20767609179672533,0.0,0.0,2,60.38380458983627,39.55781768512136,35.0,0.45021183961876987
2022-06-01,Banay-Banay,27.65965,81.85131,261.1,0.0,0.0,2.4211972626772793,0.20767609179672533,0.0,0.0,5,60.38380458983627,40.72512757492965,42.5,0.557766209067737
2022-06-01,Banlic,27.65965,81.85131,261.1,0.0,0.0,2.6008556728009826,0.20767609179672533,0.0,0.0,9,60.38380458983627,41.67865959764769,52.5,0.6897305390034585
2022-06-01,Barangay Dos,27.65965,81.85131,261.1,0.0,0.0,2.2982314052060246,0.20767609179672533,0.0,0.0,16,60.38380458983627,40.07248970109402,70.0,0.8585179015019597
2022-06-01,Barangay Tres,27.65965,81.85131,261.1,0.0,0.0,2.8418320235998733,0.20767609179672533,0.0,0.0,1,60.38380458983627,42.95763488773438,32.5,0.4862666249169594
2022-06-01,Barangay Uno,27.65965,81.85131,261.1,0.0,0.0,2.4993259383410944,0.20767609179672533,0.0,0.0,0,60.38380458983627,41.139793351425745,30.0,0.42330053318955985
2022-06-01,Bigaa,27.65965,81.85131,261.1,0.0,0.0,2.6000714943959164,0.20767609179672533,0.0,0.0,3,60.38380458983627,41.674497592539,37.5,0.5188492945143607
2022-06-01,Butong,27.65965,81.85131,261.1,0.0,64.42857142857143,0.624416743006025,0.20767609179672533,0.0,0.0,0,60.38380458983627,56.188764862364096,30.0,0.708900345655293
2022-06-01,Casile,27.65965,81.85131,261.1,0.0,0.0,0.0,0.20767609179672533,0.0,0.0,4,60.38380458983627,27.87469033856317,40.0,0.2854232000768197
2022-06-01,Diezmo,27.65965,81.85131,261.1,0.0,0.0,0.0,0.20767609179672533,0.0,0.0,3,60.38380458983627,27.87469033856317,37.5,0.25695615710400144
2022-06-01,Gulod,27.65965,81.85131,261.1,0.0,25.704545454545453,1.3563821301227663,0.20767609179672533,0.0,0.0,3,60.38380458983627,45.0476983992712,37.5,0.5828659960618212
2022-06-01,Mamatid,27.65965,81.85131,261.1,0.0,0.0,2.737382913337034,0.20767609179672533,0.0,0.0,3,60.38380458983627,42.40327413550771,37.5,0.5326800366252089
2022-06-01,Marinig,27.65965,81.85131,261.1,0.0,39.41025641025641,1.4418404273364855,0.20767609179672533,0.0,0.0,3,60.38380458983627,50.81944646465584,37.5,0.6924023961988783
2022-06-01,Niugan,27.65965,81.85131,261.1,0.0,0.8148148148148148,2.4650737148959463,0.20767609179672533,0.0,0.0,9,60.38380458983627,41.27417045502065,52.5,0.6820541324666571
2022-06-01,Pittland,27.65965,81.85131,261.1,0.0,0.0,3.7682721889420843,0.20767609179672533,0.0,0.0,2,60.38380458983627,47.87469033856317,35.0,0.6080496871020935
2022-06-01,Pulo,27.65965,81.85131,261.1,0.0,0.0,2.852336974417577,0.20767609179672533,0.0,0.0,7,60.38380458983627,43.013389622482734,47.5,0.6581269977072153
2022-06-01,Sala,27.65965,81.85131,261.1,0.0,0.0,0.0,0.20767609179672533,0.0,0.0,0,60.38380458983627,27.87469033856317,30.0,0.1715550281855465
2022-06-01,San Isidro,27.65965,81.85131,261.1,0.0,0.0,2.7968569266796113,0.20767609179672533,0.0,0.0,3,60.38380458983627,42.718930809763364,37.5,0.5386705780323372
2022-07-01,Baclaran,27.042204,86.600174,299.9,0.0,1.5625,2.087026609107852,0.1868449529205383,0.0,0.0,2,59.34224764602691,40.75930406001813,35.0,0.4809203614698801
2022-07-01,Banay-Banay,27.042204,86.600174,299.9,0.0,0.0,2.4211972626772793,0.1868449529205383,0.0,0.0,5,59.34224764602691,41.92661394982643,42.5,0.5884747309188473
2022-07-01,Banlic,27.042204,86.600174,299.9,0.0,0.0,2.6008556728009826,0.1868449529205383,0.0,0.0,9,59.34224764602691,42.88014597254447,52.5,0.7204390608545688
2022-07-01,Barangay Dos,27.042204,86.600174,299.9,0.0,0.0,2.2982314052060246,0.1868449529205383,0.0,0.0,16,59.34224764602691,41.2739760759908,70.0,0.8892264233530698
2022-07-01,Barangay Tres,27.042204,86.600174,299.9,0.0,0.0,2.8418320235998733,0.1868449529205383,0.0,0.0,1,59.34224764602691,44.15912126263116,32.5,0.5169751467680697
2022-07-01,Barangay Uno,27.042204,86.600174,299.9,0.0,0.0,2.4993259383410944,0.1868449529205383,0.0,0.0,0,59.34224764602691,42.341279726322526,30.0,0.45400905504067013
2022-07-01,Bigaa,27.042204,86.600174,299.9,0.0,0.0,2.6000714943959164,0.1868449529205383,0.0,0.0,3,59.34224764602691,42.87598396743578,37.5,0.5495578163654714
2022-07-01,Butong,27.042204,86.600174,299.9,0.0,64.42857142857143,0.624416743006025,0.1868449529205383,0.0,0.0,0,59.34224764602691,57.39025123726088,30.0,0.7396088675064039
2022-07-01,Casile,27.042204,86.600174,299.9,0.0,0.0,0.0,0.1868449529205383,0.0,0.0,4,59.34224764602691,29.07617671345995,40.0,0.31613172192793
2022-07-01,Diezmo,27.042204,86.600174,299.9,0.0,0.0,0.0,0.1868449529205383,0.0,0.0,3,59.34224764602691,29.07617671345995,37.5,0.2876646789551117
2022-07-01,Gulod,27.042204,86.600174,299.9,0.0,25.704545454545453,1.3563821301227663,0.1868449529205383,0.0,0.0,3,59.34224764602691,46.24918477416798,37.5,0.6135745179129319
2022-07-01,Mamatid,27.042204,86.600174,299.9,0.0,0.0,2.737382913337034,0.1868449529205383,0.0,0.0,3,59.34224764602691,43.60476051040449,37.5,0.5633885584763192
2022-07-01,Marinig,27.042204,86.600174,299.9,0.0,39.41025641025641,1.4418404273364855,0.1868449529205383,0.0,0.0,3,59.34224764602691,52.02093283955262,37.5,0.7231109180499886
2022-07-01,Niugan,27.042204,86.600174,299.9,0.0,0.8148148148148148,2.4650737148959463,0.1868449529205383,0.0,0.0,9,59.34224764602691,42.47565682991743,52.5,0.7127626543177673
2022-07-01,Pittland,27.042204,86.600174,299.9,0.0,0.0,3.7682721889420843,0.1868449529205383,0.0,0.0,2,59.34224764602691,49.07617671345995,35.0,0.6387582089532037
2022-07-01,Pulo,27.042204,86.600174,299.9,0.0,0.0,2.852336974417577,0.1868449529205383,0.0,0.0,7,59.34224764602691,44.214875997379515,47.5,0.688835519558326
2022-07-01,Sala,27.042204,86.600174,299.9,0.0,0.0,0.0,0.1868449529205383,0.0,0.0,0,59.34224764602691,29.07617671345995,30.0,0.2022635500366569
2022-07-01,San Isidro,27.042204,86.600174,299.9,0.0,0.0,2.7968569266796113,0.1868449529205383,0.0,0.0,3,59.34224764602691,43.920417184660145,37.5,0.569379099883448
2022-08-01,Baclaran,26.56922,87.240036,369.1,0.0,1.5625,2.087026609107852,0.28987283266433994,0.0,0.0,2,64.49364163321701,42.90216120287528,35.0,0.4824822446492279
2022-08-01,Banay-Banay,26.56922,87.240036,369.1,0.0,0.0,2.4211972626772793,0.28987283266433994,0.0,0.0,5,64.49364163321701,44.06947109268358,42.5,0.5900366140981953
2022-08-01,Banlic,26.56922,87.240036,369.1,0.0,0.0,2.6008556728009826,0.28987283266433994,0.0,0.0,9,64.49364163321701,45.023003115401615,52.5,0.7220009440339169
2022-08-01,Barangay Dos,26.56922,87.240036,369.1,0.0,0.0,2.2982314052060246,0.28987283266433994,0.0,0.0,16,64.49364163321701,43.41683321884795,70.0,0.8907883065324179
2022-08-01,Barangay Tres,26.56922,87.240036,369.1,0.0,0.0,2.8418320235998733,0.28987283266433994,0.0,0.0,1,64.49364163321701,46.301978405488306,32.5,0.5185370299474177
2022-08-01,Barangay Uno,26.56922,87.240036,369.1,0.0,0.0,2.4993259383410944,0.28987283266433994,0.0,0.0,0,64.49364163321701,44.48413686917967,30.0,0.4555709382200179
2022-08-01,Bigaa,26.56922,87.240036,369.1,0.0,0.0,2.6000714943959164,0.28987283266433994,0.0,0.0,3,64.49364163321701,45.018841110292925,37.5,0.551119699544819
2022-08-01,Butong,26.56922,87.240036,369.1,0.0,64.42857142857143,0.624416743006025,0.28987283266433994,0.0,0.0,0,64.49364163321701,59.53310838011802,30.0,0.7411707506857513
2022-08-01,Casile,26.56922,87.240036,369.1,0.0,0.0,0.0,0.28987283266433994,0.0,0.0,4,64.49364163321701,31.219033856317097,40.0,0.3176936051072778
2022-08-01,Diezmo,26.56922,87.240036,369.1,0.0,0.0,0.0,0.28987283266433994,0.0,0.0,3,64.49364163321701,31.219033856317097,37.5,0.2892265621344595
2022-08-01,Gulod,26.56922,87.240036,369.1,0.0,25.704545454545453,1.3563821301227663,0.28987283266433994,0.0,0.0,3,64.49364163321701,48.392041917025125,37.5,0.6151364010922795
2022-08-01,Mamatid,26.56922,87.240036,369.1,0.0,0.0,2.737382913337034,0.28987283266433994,0.0,0.0,3,64.49364163321701,45.747617653261635,37.5,0.5649504416556673
2022-08-01,Marinig,26.56922,87.240036,369.1,0.0,39.41025641025641,1.4418404273364855,0.28987283266433994,0.0,0.0,3,64.49364163321701,54.16378998240977,37.5,0.7246728012293364
2022-08-01,Niugan,26.56922,87.240036,369.1,0.0,0.8148148148148148,2.4650737148959463,0.28987283266433994,0.0,0.0,9,64.49364163321701,44.61851397277458,52.5,0.7143245374971152
2022-08-01,Pittland,26.56922,87.240036,369.1,0.0,0.0,3.7682721889420843,0.28987283266433994,0.0,0.0,2,64.49364163321701,51.2190338563171,35.0,0.6403200921325517
2022-08-01,Pulo,26.56922,87.240036,369.1,0.0,0.0,2.852336974417577,0.28987283266433994,0.0,0.0,7,64.49364163321701,46.35773314023666,47.5,0.6903974027376737
2022-08-01,Sala,26.56922,87.240036,369.1,0.0,0.0,0.0,0.28987283266433994,0.0,0.0,0,64.49364163321701,31.219033856317097,30.0,0.20382543321600471
2022-08-01,San Isidro,26.56922,87.240036,369.1,0.0,0.0,2.7968569266796113,0.28987283266433994,0.0,0.0,3,64.49364163321701,46.06327432751729,37.5,0.5709409830627956
2022-09-01,Baclaran,26.640835,86.00383,276.2,0.0,1.5625,2.087026609107852,0.28806703388361654,0.0,0.0,2,64.40335169418083,40.02540645473324,35.0,0.42857252064403084
2022-09-01,Banay-Banay,26.640835,86.00383,276.2,0.0,0.0,2.4211972626772793,0.28806703388361654,0.0,0.0,5,64.40335169418083,41.192716344541545,42.5,0.5361268900929977
2022-09-01,Banlic,26.640835,86.00383,276.2,0.0,0.0,2.6008556728009826,0.28806703388361654,0.0,0.0,9,64.40335169418083,42.14624836725958,52.5,0.6680912200287193
2022-09-01,Barangay Dos,26.640835,86.00383,276.2,0.0,0.0,2.2982314052060246,0.28806703388361654,0.0,0.0,16,64.40335169418083,40.540078470705915,70.0,0.8368785825272202
2022-09-01,Barangay Tres,26.640835,86.00383,276.2,0.0,0.0,2.8418320235998733,0.28806703388361654,0.0,0.0,1,64.40335169418083,43.42522365734627,32.5,0.46462730594222035
2022-09-01,Barangay Uno,26.640835,86.00383,276.2,0.0,0.0,2.4993259383410944,0.28806703388361654,0.0,0.0,0,64.40335169418083,41.60738212103764,30.0,0.4016612142148208
2022-09-01,Bigaa,26.640835,86.00383,276.2,0.0,0.0,2.6000714943959164,0.28806703388361654,0.0,0.0,3,64.40335169418083,42.14208636215089,37.5,0.4972099755396219
2022-09-01,Butong,26.640835,86.00383,276.2,0.0,64.42857142857143,0.624416743006025,0.28806703388361654,0.0,0.0,0,64.40335169418083,56.65635363197599,30.0,0.6872610266805543
2022-09-01,Casile,26.640835,86.00383,276.2,0.0,0.0,0.0,0.28806703388361654,0.0,0.0,4,64.40335169418083,28.342279108175063,40.0,0.2637838811020804
2022-09-01,Diezmo,26.640835,86.00383,276.2,0.0,0.0,0.0,0.28806703388361654,0.0,0.0,3,64.40335169418083,28.342279108175063,37.5,0.23531683812926216
2022-09-01,Gulod,26.640835,86.00383,276.2,0.0,25.704545454545453,1.3563821301227663,0.28806703388361654,0.0,0.0,3,64.40335169418083,45.51528716888309,37.5,0.5612266770870824
2022-09-01,Mamatid,26.640835,86.00383,276.2,0.0,0.0,2.737382913337034,0.28806703388361654,0.0,0.0,3,64.40335169418083,42.8708629051196,37.5,0.5110407176504697
2022-09-01,Marinig,26.640835,86.00383,276.2,0.0,39.41025641025641,1.4418404273364855,0.28806703388361654,0.0,0.0,3,64.40335169418083,51.287035234267734,37.5,0.670763077224139
2022-09-01,Niugan,26.640835,86.00383,276.2,0.0,0.8148148148148148,2.4650737148959463,0.28806703388361654,0.0,0.0,9,64.40335169418083,41.741759224632546,52.5,0.6604148134919179
2022-09-01,Pittland,26.640835,86.00383,276.2,0.0,0.0,3.7682721889420843,0.28806703388361654,0.0,0.0,2,64.40335169418083,48.34227910817506,35.0,0.5864103681273541
2022-09-01,Pulo,26.640835,86.00383,276.2,0.0,0.0,2.852336974417577,0.28806703388361654,0.0,0.0,7,64.40335169418083,43.48097839209463,47.5,0.6364876787324765
2022-09-01,Sala,26.640835,86.00383,276.2,0.0,0.0,0.0,0.28806703388361654,0.0,0.0,0,64.40335169418083,28.342279108175063,30.0,0.14991570921080746
2022-09-01,San Isidro,26.640835,86.00383,276.2,0.0,0.0,2.7968569266796113,0.28806703388361654,0.0,0.0,3,64.40335169418083,43.18651957937526,37.5,0.5170312590575985
2022-10-01,Baclaran,27.026142,83.48223,436.8,0.0,1.5625,2.087026609107852,0.28626123510289314,0.0,0.0,2,64.31306175514466,44.99856913020806,35.0,0.5236387543929508
2022-10-01,Banay-Banay,27.026142,83.48223,436.8,0.0,0.0,2.4211972626772793,0.28626123510289314,0.0,0.0,5,64.31306175514466,46.165879020016355,42.5,0.6311931238419176
2022-10-01,Banlic,27.026142,83.48223,436.8,0.0,0.0,2.6008556728009826,0.28626123510289314,0.0,0.0,9,64.31306175514466,47.11941104273439,52.5,0.7631574537776392
2022-10-01,Barangay Dos,27.026142,83.48223,436.8,0.0,0.0,2.2982314052060246,0.28626123510289314,0.0,0.0,16,64.31306175514466,45.513241146180725,70.0,0.9319448162761402
2022-10-01,Barangay Tres,27.026142,83.48223,436.8,0.0,0.0,2.8418320235998733,0.28626123510289314,0.0,0.0,1,64.31306175514466,48.39838633282108,32.5,0.5596935396911401
2022-10-01,Barangay Uno,27.026142,83.48223,436.8,0.0,0.0,2.4993259383410944,0.28626123510289314,0.0,0.0,0,64.31306175514466,46.58054479651245,30.0,0.4967274479637405
2022-10-01,Bigaa,27.026142,83.48223,436.8,0.0,0.0,2.6000714943959164,0.28626123510289314,0.0,0.0,3,64.31306175514466,47.1152490376257,37.5,0.5922762092885416
2022-10-01,Butong,27.026142,83.48223,436.8,0.0,64.42857142857143,0.624416743006025,0.28626123510289314,0.0,0.0,0,64.31306175514466,61.6295163074508,30.0,0.7823272604294741
2022-10-01,Casile,27.026142,83.48223,436.8,0.0,0.0,0.0,0.28626123510289314,0.0,0.0,4,64.31306175514466,33.315441783649874,40.0,0.3588501148510004
2022-10-01,Diezmo,27.026142,83.48223,436.8,0.0,0.0,0.0,0.28626123510289314,0.0,0.0,3,64.31306175514466,33.315441783649874,37.5,0.3303830718781821
2022-10-01,Gulod,27.026142,83.48223,436.8,0.0,25.704545454545453,1.3563821301227663,0.28626123510289314,0.0,0.0,3,64.31306175514466,50.4884498443579,37.5,0.6562929108360023
2022-10-01,Mamatid,27.026142,83.48223,436.8,0.0,0.0,2.737382913337034,0.28626123510289314,0.0,0.0,3,64.31306175514466,47.84402558059441,37.5,0.6061069513993896
2022-10-01,Marinig,27.026142,83.48223,436.8,0.0,39.41025641025641,1.4418404273364855,0.28626123510289314,0.0,0.0,3,64.31306175514466,56.260197909742544,37.5,0.7658293109730591
2022-10-01,Niugan,27.026142,83.48223,436.8,0.0,0.8148148148148148,2.4650737148959463,0.28626123510289314,0.0,0.0,9,64.31306175514466,46.714921900107356,52.5,0.7554810472408379
2022-10-01,Pittland,27.026142,83.48223,436.8,0.0,0.0,3.7682721889420843,0.28626123510289314,0.0,0.0,2,64.31306175514466,53.315441783649874,35.0,0.6814766018762741
2022-10-01,Pulo,27.026142,83.48223,436.8,0.0,0.0,2.852336974417577,0.28626123510289314,0.0,0.0,7,64.31306175514466,48.45414106756944,47.5,0.7315539124813961
2022-10-01,Sala,27.026142,83.48223,436.8,0.0,0.0,0.0,0.28626123510289314,0.0,0.0,0,64.31306175514466,33.315441783649874,30.0,0.2449819429597273
2022-10-01,San Isidro,27.026142,83.48223,436.8,0.0,0.0,2.7968569266796113,0.28626123510289314,0.0,0.0,3,64.31306175514466,48.15968225485007,37.5,0.6120974928065182
2022-11-01,Baclaran,26.827848,83.349335,77.0,0.0,1.5625,2.087026609107852,0.27315022375342424,0.0,0.0,2,63.65751118767121,33.856950633098236,35.0,0.3171692223436682
2022-11-01,Banay-Banay,26.827848,83.349335,77.0,0.0,0.0,2.4211972626772793,0.27315022375342424,0.0,0.0,5,63.65751118767121,35.02426052290653,42.5,0.4247235917926353
2022-11-01,Banlic,26.827848,83.349335,77.0,0.0,0.0,2.6008556728009826,0.27315022375342424,0.0,0.0,9,63.65751118767121,35.97779254562457,52.5,0.5566879217283568
2022-11-01,Barangay Dos,26.827848,83.349335,77.0,0.0,0.0,2.2982314052060246,0.27315022375342424,0.0,0.0,16,63.65751118767121,34.3716226490709,70.0,0.7254752842268579
2022-11-01,Barangay Tres,26.827848,83.349335,77.0,0.0,0.0,2.8418320235998733,0.27315022375342424,0.0,0.0,1,63.65751118767121,37.25676783571126,32.5,0.35322400764185763
2022-11-01,Barangay Uno,26.827848,83.349335,77.0,0.0,0.0,2.4993259383410944,0.27315022375342424,0.0,0.0,0,63.65751118767121,35.438926299402624,30.0,0.29025791591445815
2022-11-01,Bigaa,26.827848,83.349335,77.0,0.0,0.0,2.6000714943959164,0.27315022375342424,0.0,0.0,3,63.65751118767121,35.97363054051588,37.5,0.3858066772392592
2022-11-01,Butong,26.827848,83.349335,77.0,0.0,64.42857142857143,0.624416743006025,0.27315022375342424,0.0,0.0,0,63.65751118767121,50.487897810340975,30.0,0.5758577283801913
2022-11-01,Casile,26.827848,83.349335,77.0,0.0,0.0,0.0,0.27315022375342424,0.0,0.0,4,63.65751118767121,22.17382328654005,40.0,0.15238058280171804
2022-11-01,Diezmo,26.827848,83.349335,77.0,0.0,0.0,0.0,0.27315022375342424,0.0,0.0,3,63.65751118767121,22.17382328654005,37.5,0.12391353982889976
2022-11-01,Gulod,26.827848,83.349335,77.0,0.0,25.704545454545453,1.3563821301227663,0.27315022375342424,0.0,0.0,3,63.65751118767121,39.34683134724808,37.5,0.4498233787867198
2022-11-01,Mamatid,26.827848,83.349335,77.0,0.0,0.0,2.737382913337034,0.27315022375342424,0.0,0.0,3,63.65751118767121,36.70240708348459,37.5,0.3996374193501072
2022-11-01,Marinig,26.827848,83.349335,77.0,0.0,39.41025641025641,1.4418404273364855,0.27315022375342424,0.0,0.0,3,63.65751118767121,45.11857941263272,37.5,0.5593597789237766
2022-11-01,Niugan,26.827848,83.349335,77.0,0.0,0.8148148148148148,2.4650737148959463,0.27315022375342424,0.0,0.0,9,63.65751118767121,35.57330340299753,52.5,0.5490115151915554
2022-11-01,Pittland,26.827848,83.349335,77.0,0.0,0.0,3.7682721889420843,0.27315022375342424,0.0,0.0,2,63.65751118767121,42.17382328654005,35.0,0.47500706982699176
2022-11-01,Pulo,26.827848,83.349335,77.0,0.0,0.0,2.852336974417577,0.27315022375342424,0.0,0.0,7,63.65751118767121,37.31252257045961,47.5,0.5250843804321136
2022-11-01,Sala,26.827848,83.349335,77.0,0.0,0.0,0.0,0.27315022375342424,0.0,0.0,0,63.65751118767121,22.17382328654005,30.0,0.03851241091044494
2022-11-01,San Isidro,26.827848,83.349335,77.0,0.0,0.0,2.7968569266796113,0.27315022375342424,0.0,0.0,3,63.65751118767121,37.018063757740244,37.5,0.40562796075723584
2022-12-01,Baclaran,25.73992,81.53596,120.9,0.0,1.5625,2.087026609107852,0.2600392124039554,0.0,0.0,2,63.00196062019777,35.21636434077784,35.0,0.3479446376132696
2022-12-01,Banay-Banay,25.73992,81.53596,120.9,0.0,0.0,2.4211972626772793,0.2600392124039554,0.0,0.0,5,63.00196062019777,36.38367423058614,42.5,0.455499007062237
2022-12-01,Banlic,25.73992,81.53596,120.9,0.0,0.0,2.6008556728009826,0.2600392124039554,0.0,0.0,9,63.00196062019777,37.337206253304174,52.5,0.5874633369979585
2022-12-01,Barangay Dos,25.73992,81.53596,120.9,0.0,0.0,2.2982314052060246,0.2600392124039554,0.0,0.0,16,63.00196062019777,35.73103635675051,70.0,0.7562506994964596
2022-12-01,Barangay Tres,25.73992,81.53596,120.9,0.0,0.0,2.8418320235998733,0.2600392124039554,0.0,0.0,1,63.00196062019777,38.616181543390866,32.5,0.3839994229114595
2022-12-01,Barangay Uno,25.73992,81.53596,120.9,0.0,0.0,2.4993259383410944,0.2600392124039554,0.0,0.0,0,63.00196062019777,36.79834000708223,30.0,0.3210333311840599
2022-12-01,Bigaa,25.73992,81.53596,120.9,0.0,0.0,2.6000714943959164,0.2600392124039554,0.0,0.0,3,63.00196062019777,37.333044248195485,37.5,0.4165820925088607
2022-12-01,Butong,25.73992,81.53596,120.9,0.0,64.42857142857143,0.624416743006025,0.2600392124039554,0.0,0.0,0,63.00196062019777,51.84731151802058,30.0,0.606633143649793
2022-12-01,Casile,25.73992,81.53596,120.9,0.0,0.0,0.0,0.2600392124039554,0.0,0.0,4,63.00196062019777,23.533236994219653,40.0,0.18315599807131935
2022-12-01,Diezmo,25.73992,81.53596,120.9,0.0,0.0,0.0,0.2600392124039554,0.0,0.0,3,63.00196062019777,23.533236994219653,37.5,0.15468895509850106
2022-12-01,Gulod,25.73992,81.53596,120.9,0.0,25.704545454545453,1.3563821301227663,0.2600392124039554,0.0,0.0,3,63.00196062019777,40.706245054927685,37.5,0.4805987940563212
2022-12-01,Mamatid,25.73992,81.53596,120.9,0.0,0.0,2.737382913337034,0.2600392124039554,0.0,0.0,3,63.00196062019777,38.061820791164195,37.5,0.430412834619709
2022-12-01,Marinig,25.73992,81.53596,120.9,0.0,39.41025641025641,1.4418404273364855,0.2600392124039554,0.0,0.0,3,63.00196062019777,46.47799312031233,37.5,0.5901351941933783
2022-12-01,Niugan,25.73992,81.53596,120.9,0.0,0.8148148148148148,2.4650737148959463,0.2600392124039554,0.0,0.0,9,63.00196062019777,36.93271711067714,52.5,0.5797869304611571
2022-12-01,Pittland,25.73992,81.53596,120.9,0.0,0.0,3.7682721889420843,0.2600392124039554,0.0,0.0,2,63.00196062019777,43.533236994219656,35.0,0.5057824850965935
2022-12-01,Pulo,25.73992,81.53596,120.9,0.0,0.0,2.852336974417577,0.2600392124039554,0.0,0.0,7,63.00196062019777,38.67193627813922,47.5,0.5558597957017153
2022-12-01,Sala,25.73992,81.53596,120.9,0.0,0.0,0.0,0.2600392124039554,0.0,0.0,0,63.00196062019777,23.533236994219653,30.0,0.06928782618004625
2022-12-01,San Isidro,25.73992,81.53596,120.9,0.0,0.0,2.7968569266796113,0.2600392124039554,0.0,0.0,3,63.00196062019777,38.37747746541985,37.5,0.4364033760268373
2023-01-01,Baclaran,25.151546,80.1672,106.0,0.0,1.5625,2.087026609107852,0.2680117548621031,0.0,0.0,2,63.40058774310515,34.75496879990253,35.0,0.3361621970367776
2023-01-01,Banay-Banay,25.151546,80.1672,106.0,0.0,0.0,2.4211972626772793,0.2680117548621031,0.0,0.0,5,63.40058774310515,35.92227868971082,42.5,0.4437165664857447
2023-01-01,Banlic,25.151546,80.1672,106.0,0.0,0.0,2.6008556728009826,0.2680117548621031,0.0,0.0,9,63.40058774310515,36.87581071242886,52.5,0.5756808964214662
2023-01-01,Barangay Dos,25.151546,80.1672,106.0,0.0,0.0,2.2982314052060246,0.2680117548621031,0.0,0.0,16,63.40058774310515,35.26964081587519,70.0,0.7444682589199673
2023-01-01,Barangay Tres,25.151546,80.1672,106.0,0.0,0.0,2.8418320235998733,0.2680117548621031,0.0,0.0,1,63.40058774310515,38.15478600251555,32.5,0.3722169823349672
2023-01-01,Barangay Uno,25.151546,80.1672,106.0,0.0,0.0,2.4993259383410944,0.2680117548621031,0.0,0.0,0,63.40058774310515,36.336944466206916,30.0,0.3092508906075676
2023-01-01,Bigaa,25.151546,80.1672,106.0,0.0,0.0,2.6000714943959164,0.2680117548621031,0.0,0.0,3,63.40058774310515,36.87164870732017,37.5,0.4047996519323684
2023-01-01,Butong,25.151546,80.1672,106.0,0.0,64.42857142857143,0.624416743006025,0.2680117548621031,0.0,0.0,0,63.40058774310515,51.38591597714527,30.0,0.5948507030733008
2023-01-01,Casile,25.151546,80.1672,106.0,0.0,0.0,0.0,0.2680117548621031,0.0,0.0,4,63.40058774310515,23.071841453344344,40.0,0.17137355749482733
2023-01-01,Diezmo,25.151546,80.1672,106.0,0.0,0.0,0.0,0.2680117548621031,0.0,0.0,3,63.40058774310515,23.071841453344344,37.5,0.14290651452200906
2023-01-01,Gulod,25.151546,80.1672,106.0,0.0,25.704545454545453,1.3563821301227663,0.2680117548621031,0.0,0.0,3,63.40058774310515,40.24484951405237,37.5,0.4688163534798289
2023-01-01,Mamatid,25.151546,80.1672,106.0,0.0,0.0,2.737382913337034,0.2680117548621031,0.0,0.0,3,63.40058774310515,37.60042525028888,37.5,0.41863039404321667
2023-01-01,Marinig,25.151546,80.1672,106.0,0.0,39.41025641025641,1.4418404273364855,0.2680117548621031,0.0,0.0,3,63.40058774310515,46.01659757943701,37.5,0.5783527536168861
2023-01-01,Niugan,25.151546,80.1672,106.0,0.0,0.8148148148148148,2.4650737148959463,0.2680117548621031,0.0,0.0,9,63.40058774310515,36.47132156980182,52.5,0.5680044898846649
2023-01-01,Pittland,25.151546,80.1672,106.0,0.0,0.0,3.7682721889420843,0.2680117548621031,0.0,0.0,2,63.40058774310515,43.07184145334434,35.0,0.4940000445201012
2023-01-01,Pulo,25.151546,80.1672,106.0,0.0,0.0,2.852336974417577,0.2680117548621031,0.0,0.0,7,63.40058774310515,38.210540737263905,47.5,0.5440773551252229
2023-01-01,Sala,25.151546,80.1672,106.0,0.0,0.0,0.0,0.2680117548621031,0.0,0.0,0,63.40058774310515,23.071841453344344,30.0,0.057505385603554234
2023-01-01,San Isidro,25.151546,80.1672,106.0,0.0,0.0,2.7968569266796113,0.2680117548621031,0.0,0.0,3,63.40058774310515,37.916081924544535,37.5,0.42462093545034496
2023-02-01,Baclaran,25.9314,74.657486,72.6,0.0,1.5625,2.087026609107852,0.2675102063932251,0.0,0.0,2,63.37551031966125,33.72069960089345,35.0,0.3167241745718948
2023-02-01,Banay-Banay,25.9314,74.657486,72.6,0.0,0.0,2.4211972626772793,0.2675102063932251,0.0,0.0,5,63.37551031966125,34.88800949070174,42.5,0.4242785440208622
2023-02-01,Banlic,25.9314,74.657486,72.6,0.0,0.0,2.6008556728009826,0.2675102063932251,0.0,0.0,9,63.37551031966125,35.84154151341978,52.5,0.5562428739565835
2023-02-01,Barangay Dos,25.9314,74.657486,72.6,0.0,0.0,2.2982314052060246,0.2675102063932251,0.0,0.0,16,63.37551031966125,34.23537161686611,70.0,0.7250302364550845
2023-02-01,Barangay Tres,25.9314,74.657486,72.6,0.0,0.0,2.8418320235998733,0.2675102063932251,0.0,0.0,1,63.37551031966125,37.12051680350647,32.5,0.35277895987008456
2023-02-01,Barangay Uno,25.9314,74.657486,72.6,0.0,0.0,2.4993259383410944,0.2675102063932251,0.0,0.0,0,63.37551031966125,35.302675267197834,30.0,0.28981286814268503
2023-02-01,Bigaa,25.9314,74.657486,72.6,0.0,0.0,2.6000714943959164,0.2675102063932251,0.0,0.0,3,63.37551031966125,35.83737950831109,37.5,0.3853616294674859
2023-02-01,Butong,25.9314,74.657486,72.6,0.0,64.42857142857143,0.624416743006025,0.2675102063932251,0.0,0.0,0,63.37551031966125,50.351646778136185,30.0,0.5754126806084182
2023-02-01,Casile,25.9314,74.657486,72.6,0.0,0.0,0.0,0.2675102063932251,0.0,0.0,4,63.37551031966125,22.03757225433526,40.0,0.15193553502994464
2023-02-01,Diezmo,25.9314,74.657486,72.6,0.0,0.0,0.0,0.2675102063932251,0.0,0.0,3,63.37551031966125,22.03757225433526,37.5,0.12346849205712634
2023-02-01,Gulod,25.9314,74.657486,72.6,0.0,25.704545454545453,1.3563821301227663,0.2675102063932251,0.0,0.0,3,63.37551031966125,39.21058031504329,37.5,0.4493783310149464
2023-02-01,Mamatid,25.9314,74.657486,72.6,0.0,0.0,2.737382913337034,0.2675102063932251,0.0,0.0,3,63.37551031966125,36.5661560512798,37.5,0.3991923715783341
2023-02-01,Marinig,25.9314,74.657486,72.6,0.0,39.41025641025641,1.4418404273364855,0.2675102063932251,0.0,0.0,3,63.37551031966125,44.98232838042793,37.5,0.5589147311520033
2023-02-01,Niugan,25.9314,74.657486,72.6,0.0,0.8148148148148148,2.4650737148959463,0.2675102063932251,0.0,0.0,9,63.37551031966125,35.43705237079274,52.5,0.5485664674197821
2023-02-01,Pittland,25.9314,74.657486,72.6,0.0,0.0,3.7682721889420843,0.2675102063932251,0.0,0.0,2,63.37551031966125,42.03757225433526,35.0,0.47456202205521836
2023-02-01,Pulo,25.9314,74.657486,72.6,0.0,0.0,2.852336974417577,0.2675102063932251,0.0,0.0,7,63.37551031966125,37.176271538254824,47.5,0.5246393326603405
2023-02-01,Sala,25.9314,74.657486,72.6,0.0,0.0,0.0,0.2675102063932251,0.0,0.0,0,63.37551031966125,22.03757225433526,30.0,0.038067363138671546
2023-02-01,San Isidro,25.9314,74.657486,72.6,0.0,0.0,2.7968569266796113,0.2675102063932251,0.0,0.0,3,63.37551031966125,36.881812725535454,37.5,0.40518291298546244
2023-03-01,Baclaran,26.70524,68.695145,7.5,0.0,1.5625,2.087026609107852,0.26700865792434714,0.0,0.0,2,63.350432896217356,31.704803647136217,35.0,0.27865681143322335
2023-03-01,Banay-Banay,26.70524,68.695145,7.5,0.0,0.0,2.4211972626772793,0.26700865792434714,0.0,0.0,5,63.350432896217356,32.87211353694452,42.5,0.3862111808821905
2023-03-01,Banlic,26.70524,68.695145,7.5,0.0,0.0,2.6008556728009826,0.26700865792434714,0.0,0.0,9,63.350432896217356,33.825645559662554,52.5,0.5181755108179118
2023-03-01,Barangay Dos,26.70524,68.695145,7.5,0.0,0.0,2.2982314052060246,0.26700865792434714,0.0,0.0,16,63.350432896217356,32.21947566310889,70.0,0.6869628733164128
2023-03-01,Barangay Tres,26.70524,68.695145,7.5,0.0,0.0,2.8418320235998733,0.26700865792434714,0.0,0.0,1,63.350432896217356,35.104620849749246,32.5,0.3147115967314129
2023-03-01,Barangay Uno,26.70524,68.695145,7.5,0.0,0.0,2.4993259383410944,0.26700865792434714,0.0,0.0,0,63.350432896217356,33.28677931344061,30.0,0.2517455050040134
2023-03-01,Bigaa,26.70524,68.695145,7.5,0.0,0.0,2.6000714943959164,0.26700865792434714,0.0,0.0,3,63.350432896217356,33.821483554553865,37.5,0.34729426632881444
2023-03-01,Butong,26.70524,68.695145,7.5,0.0,64.42857142857143,0.624416743006025,0.26700865792434714,0.0,0.0,0,63.350432896217356,48.33575082437896,30.0,0.5373453174697468
2023-03-01,Casile,26.70524,68.695145,7.5,0.0,0.0,0.0,0.26700865792434714,0.0,0.0,4,63.350432896217356,20.021676300578033,40.0,0.11386817189127309
2023-03-01,Diezmo,26.70524,68.695145,7.5,0.0,0.0,0.0,0.26700865792434714,0.0,0.0,3,63.350432896217356,20.021676300578033,37.5,0.08540112891845482
2023-03-01,Gulod,26.70524,68.695145,7.5,0.0,25.704545454545453,1.3563821301227663,0.26700865792434714,0.0,0.0,3,63.350432896217356,37.194684361286065,37.5,0.41131096787627497
2023-03-01,Mamatid,26.70524,68.695145,7.5,0.0,0.0,2.737382913337034,0.26700865792434714,0.0,0.0,3,63.350432896217356,34.550260097522575,37.5,0.36112500843966244
2023-03-01,Marinig,26.70524,68.695145,7.5,0.0,39.41025641025641,1.4418404273364855,0.26700865792434714,0.0,0.0,3,63.350432896217356,42.96643242667071,37.5,0.5208473680133315
2023-03-01,Niugan,26.70524,68.695145,7.5,0.0,0.8148148148148148,2.4650737148959463,0.26700865792434714,0.0,0.0,9,63.350432896217356,33.42115641703552,52.5,0.5104991042811104
2023-03-01,Pittland,26.70524,68.695145,7.5,0.0,0.0,3.7682721889420843,0.26700865792434714,0.0,0.0,2,63.350432896217356,40.02167630057804,35.0,0.4364946589165467
2023-03-01,Pulo,26.70524,68.695145,7.5,0.0,0.0,2.852336974417577,0.26700865792434714,0.0,0.0,7,63.350432896217356,35.1603755844976,47.5,0.486571969521669
2023-03-01,Sala,26.70524,68.695145,7.5,0.0,0.0,0.0,0.26700865792434714,0.0,0.0,0,63.350432896217356,20.021676300578033,30.0,0.0
2023-03-01,San Isidro,26.70524,68.695145,7.5,0.0,0.0,2.7968569266796113,0.26700865792434714,0.0,0.0,3,63.350432896217356,34.86591677177823,37.5,0.36711554984679107
2023-04-01,Baclaran,27.740349,75.011055,130.8,0.0,1.5625,2.087026609107852,0.24873949018656621,0.0,0.0,2,62.436974509328316,35.522929163238615,35.0,0.3580515626358109
2023-04-01,Banay-Banay,27.740349,75.011055,130.8,0.0,0.0,2.4211972626772793,0.24873949018656621,0.0,0.0,5,62.436974509328316,36.69023905304691,42.5,0.4656059320847781
2023-04-01,Banlic,27.740349,75.011055,130.8,0.0,0.0,2.6008556728009826,0.24873949018656621,0.0,0.0,9,62.436974509328316,37.643771075764946,52.5,0.5975702620204996
2023-04-01,Barangay Dos,27.740349,75.011055,130.8,0.0,0.0,2.2982314052060246,0.24873949018656621,0.0,0.0,16,62.436974509328316,36.03760117921128,70.0,0.7663576245190007
2023-04-01,Barangay Tres,27.740349,75.011055,130.8,0.0,0.0,2.8418320235998733,0.24873949018656621,0.0,0.0,1,62.436974509328316,38.92274636585164,32.5,0.3941063479340004
2023-04-01,Barangay Uno,27.740349,75.011055,130.8,0.0,0.0,2.4993259383410944,0.24873949018656621,0.0,0.0,0,62.436974509328316,37.104904829543,30.0,0.3311402562066009
2023-04-01,Bigaa,27.740349,75.011055,130.8,0.0,0.0,2.6000714943959164,0.24873949018656621,0.0,0.0,3,62.436974509328316,37.639609070656256,37.5,0.4266890175314017
2023-04-01,Butong,27.740349,75.011055,130.8,0.0,64.42857142857143,0.624416743006025,0.24873949018656621,0.0,0.0,0,62.436974509328316,52.153876340481354,30.0,0.6167400686723343
2023-04-01,Casile,27.740349,75.011055,130.8,0.0,0.0,0.0,0.24873949018656621,0.0,0.0,4,62.436974509328316,23.83980181668043,40.0,0.19326292309386076
2023-04-01,Diezmo,27.740349,75.011055,130.8,0.0,0.0,0.0,0.24873949018656621,0.0,0.0,3,62.436974509328316,23.83980181668043,37.5,0.1647958801210425
2023-04-01,Gulod,27.740349,75.011055,130.8,0.0,25.704545454545453,1.3563821301227663,0.24873949018656621,0.0,0.0,3,62.436974509328316,41.012809877388456,37.5,0.49070571907886223
2023-04-01,Mamatid,27.740349,75.011055,130.8,0.0,0.0,2.737382913337034,0.24873949018656621,0.0,0.0,3,62.436974509328316,38.368385613624966,37.5,0.44051975964225
2023-04-01,Marinig,27.740349,75.011055,130.8,0.0,39.41025641025641,1.4418404273364855,0.24873949018656621,0.0,0.0,3,62.436974509328316,46.7845579427731,37.5,0.6002421192159191
2023-04-01,Niugan,27.740349,75.011055,130.8,0.0,0.8148148148148148,2.4650737148959463,0.24873949018656621,0.0,0.0,9,62.436974509328316,37.23928193313791,52.5,0.589893855483698
2023-04-01,Pittland,27.740349,75.011055,130.8,0.0,0.0,3.7682721889420843,0.24873949018656621,0.0,0.0,2,62.436974509328316,43.83980181668043,35.0,0.5158894101191343
2023-04-01,Pulo,27.740349,75.011055,130.8,0.0,0.0,2.852336974417577,0.24873949018656621,0.0,0.0,7,62.436974509328316,38.97850110059999,47.5,0.5659667207242566
2023-04-01,Sala,27.740349,75.011055,130.8,0.0,0.0,0.0,0.24873949018656621,0.0,0.0,0,62.436974509328316,23.83980181668043,30.0,0.07939475120258767
2023-04-01,San Isidro,27.740349,75.011055,130.8,0.0,0.0,2.7968569266796113,0.24873949018656621,0.0,0.0,3,62.436974509328316,38.68404228788062,37.5,0.44651030104937833
2023-05-01,Baclaran,28.564985,76.77217,118.8,0.0,1.5625,2.087026609107852,0.251953061790135,0.0,0.0,2,62.59765308950676,35.151335439043734,35.0,0.34977970121328705
2023-05-01,Banay-Banay,28.564985,76.77217,118.8,0.0,0.0,2.4211972626772793,0.251953061790135,0.0,0.0,5,62.59765308950676,36.31864532885203,42.5,0.4573340706622542
2023-05-01,Banlic,28.564985,76.77217,118.8,0.0,0.0,2.6008556728009826,0.251953061790135,0.0,0.0,9,62.59765308950676,37.272177351570065,52.5,0.5892984005979757
2023-05-01,Barangay Dos,28.564985,76.77217,118.8,0.0,0.0,2.2982314052060246,0.251953061790135,0.0,0.0,16,62.59765308950676,35.6660074550164,70.0,0.7580857630964768
2023-05-01,Barangay Tres,28.564985,76.77217,118.8,0.0,0.0,2.8418320235998733,0.251953061790135,0.0,0.0,1,62.59765308950676,38.551152641656756,32.5,0.38583448651147656
2023-05-01,Barangay Uno,28.564985,76.77217,118.8,0.0,0.0,2.4993259383410944,0.251953061790135,0.0,0.0,0,62.59765308950676,36.73331110534812,30.0,0.322868394784077
2023-05-01,Bigaa,28.564985,76.77217,118.8,0.0,0.0,2.6000714943959164,0.251953061790135,0.0,0.0,3,62.59765308950676,37.268015346461375,37.5,0.4184171561088781
2023-05-01,Butong,28.564985,76.77217,118.8,0.0,64.42857142857143,0.624416743006025,0.251953061790135,0.0,0.0,0,62.59765308950676,51.78228261628647,30.0,0.6084682072498102
2023-05-01,Casile,28.564985,76.77217,118.8,0.0,0.0,0.0,0.251953061790135,0.0,0.0,4,62.59765308950676,23.46820809248555,40.0,0.18499106167133694
2023-05-01,Diezmo,28.564985,76.77217,118.8,0.0,0.0,0.0,0.251953061790135,0.0,0.0,3,62.59765308950676,23.46820809248555,37.5,0.15652401869851865
2023-05-01,Gulod,28.564985,76.77217,118.8,0.0,25.704545454545453,1.3563821301227663,0.251953061790135,0.0,0.0,3,62.59765308950676,40.641216153193575,37.5,0.48243385765633867
2023-05-01,Mamatid,28.564985,76.77217,118.8,0.0,0.0,2.737382913337034,0.251953061790135,0.0,0.0,3,62.59765308950676,37.996791889430085,37.5,0.4322478982197261
2023-05-01,Marinig,28.564985,76.77217,118.8,0.0,39.41025641025641,1.4418404273364855,0.251953061790135,0.0,0.0,3,62.59765308950676,46.41296421857822,37.5,0.5919702577933955
2023-05-01,Niugan,28.564985,76.77217,118.8,0.0,0.8148148148148148,2.4650737148959463,0.251953061790135,0.0,0.0,9,62.59765308950676,36.86768820894303,52.5,0.5816219940611743
2023-05-01,Pittland,28.564985,76.77217,118.8,0.0,0.0,3.7682721889420843,0.251953061790135,0.0,0.0,2,62.59765308950676,43.46820809248555,35.0,0.5076175486966107
2023-05-01,Pulo,28.564985,76.77217,118.8,0.0,0.0,2.852336974417577,0.251953061790135,0.0,0.0,7,62.59765308950676,38.60690737640511,47.5,0.5576948593017325
2023-05-01,Sala,28.564985,76.77217,118.8,0.0,0.0,0.0,0.251953061790135,0.0,0.0,0,62.59765308950676,23.46820809248555,30.0,0.07112288978006381
2023-05-01,San Isidro,28.564985,76.77217,118.8,0.0,0.0,2.7968569266796113,0.251953061790135,0.0,0.0,3,62.59765308950676,38.31244856368574,37.5,0.4382384396268547
2023-06-01,Baclaran,27.886667,80.9463,224.8,0.0,1.5625,2.087026609107852,0.18345598663861978,0.0,0.0,2,59.17279933193099,38.43374666943184,35.0,0.4380721846712409
2023-06-01,Banay-Banay,27.886667,80.9463,224.8,0.0,0.0,2.4211972626772793,0.18345598663861978,0.0,0.0,5,59.17279933193099,39.60105655924014,42.5,0.5456265541202078
2023-06-01,Banlic,27.886667,80.9463,224.8,0.0,0.0,2.6008556728009826,0.18345598663861978,0.0,0.0,9,59.17279933193099,40.55458858195818,52.5,0.6775908840559294
2023-06-01,Barangay Dos,27.886667,80.9463,224.8,0.0,0.0,2.2982314052060246,0.18345598663861978,0.0,0.0,16,59.17279933193099,38.94841868540451,70.0,0.8463782465544304
2023-06-01,Barangay Tres,27.886667,80.9463,224.8,0.0,0.0,2.8418320235998733,0.18345598663861978,0.0,0.0,1,59.17279933193099,41.83356387204487,32.5,0.4741269699694305
2023-06-01,Barangay Uno,27.886667,80.9463,224.8,0.0,0.0,2.4993259383410944,0.18345598663861978,0.0,0.0,0,59.17279933193099,40.015722335736235,30.0,0.411160878242031
2023-06-01,Bigaa,27.886667,80.9463,224.8,0.0,0.0,2.6000714943959164,0.18345598663861978,0.0,0.0,3,59.17279933193099,40.55042657684949,37.5,0.506709639566832
2023-06-01,Butong,27.886667,80.9463,224.8,0.0,64.42857142857143,0.624416743006025,0.18345598663861978,0.0,0.0,0,59.17279933193099,55.06469384667459,30.0,0.6967606907077644
2023-06-01,Casile,27.886667,80.9463,224.8,0.0,0.0,0.0,0.18345598663861978,0.0,0.0,4,59.17279933193099,26.750619322873657,40.0,0.27328354512929054
2023-06-01,Diezmo,27.886667,80.9463,224.8,0.0,0.0,0.0,0.18345598663861978,0.0,0.0,3,59.17279933193099,26.750619322873657,37.5,0.24481650215647227
2023-06-01,Gulod,27.886667,80.9463,224.8,0.0,25.704545454545453,1.3563821301227663,0.18345598663861978,0.0,0.0,3,59.17279933193099,43.92362738358169,37.5,0.5707263411142925
2023-06-01,Mamatid,27.886667,80.9463,224.8,0.0,0.0,2.737382913337034,0.18345598663861978,0.0,0.0,3,59.17279933193099,41.2792031198182,37.5,0.52054038167768
2023-06-01,Marinig,27.886667,80.9463,224.8,0.0,39.41025641025641,1.4418404273364855,0.18345598663861978,0.0,0.0,3,59.17279933193099,49.69537544896633,37.5,0.6802627412513492
2023-06-01,Niugan,27.886667,80.9463,224.8,0.0,0.8148148148148148,2.4650737148959463,0.18345598663861978,0.0,0.0,9,59.17279933193099,40.15009943933114,52.5,0.669914477519128
2023-06-01,Pittland,27.886667,80.9463,224.8,0.0,0.0,3.7682721889420843,0.18345598663861978,0.0,0.0,2,59.17279933193099,46.75061932287366,35.0,0.5959100321545643
2023-06-01,Pulo,27.886667,80.9463,224.8,0.0,0.0,2.852336974417577,0.18345598663861978,0.0,0.0,7,59.17279933193099,41.889318606793225,47.5,0.6459873427596867
2023-06-01,Sala,27.886667,80.9463,224.8,0.0,0.0,0.0,0.18345598663861978,0.0,0.0,0,59.17279933193099,26.750619322873657,30.0,0.15941537323801758
2023-06-01,San Isidro,27.886667,80.9463,224.8,0.0,0.0,2.7968569266796113,0.18345598663861978,0.0,0.0,3,59.17279933193099,41.594859794073855,37.5,0.5265309230848086
2023-07-01,Baclaran,27.936224,81.27996,336.4,0.0,1.5625,2.087026609107852,0.16622573132863602,0.0,0.0,2,58.3112865664318,41.889568304444225,35.0,0.5101967922426617
2023-07-01,Banay-Banay,27.936224,81.27996,336.4,0.0,0.0,2.4211972626772793,0.16622573132863602,0.0,0.0,5,58.3112865664318,43.056878194252526,42.5,0.6177511616916291
2023-07-01,Banlic,27.936224,81.27996,336.4,0.0,0.0,2.6008556728009826,0.16622573132863602,0.0,0.0,9,58.3112865664318,44.01041021697056,52.5,0.7497154916273506
2023-07-01,Barangay Dos,27.936224,81.27996,336.4,0.0,0.0,2.2982314052060246,0.16622573132863602,0.0,0.0,16,58.3112865664318,42.404240320416896,70.0,0.9185028541258516
2023-07-01,Barangay Tres,27.936224,81.27996,336.4,0.0,0.0,2.8418320235998733,0.16622573132863602,0.0,0.0,1,58.3112865664318,45.289385507057254,32.5,0.5462515775408515
2023-07-01,Barangay Uno,27.936224,81.27996,336.4,0.0,0.0,2.4993259383410944,0.16622573132863602,0.0,0.0,0,58.3112865664318,43.47154397074862,30.0,0.48328548581345193
2023-07-01,Bigaa,27.936224,81.27996,336.4,0.0,0.0,2.6000714943959164,0.16622573132863602,0.0,0.0,3,58.3112865664318,44.00624821186187,37.5,0.5788342471382528
2023-07-01,Butong,27.936224,81.27996,336.4,0.0,64.42857142857143,0.624416743006025,0.16622573132863602,0.0,0.0,0,58.3112865664318,58.52051548168697,30.0,0.7688852982791852
2023-07-01,Casile,27.936224,81.27996,336.4,0.0,0.0,0.0,0.16622573132863602,0.0,0.0,4,58.3112865664318,30.206440957886045,40.0,0.34540815270071157
2023-07-01,Diezmo,27.936224,81.27996,336.4,0.0,0.0,0.0,0.16622573132863602,0.0,0.0,3,58.3112865664318,30.206440957886045,37.5,0.3169411097278933
2023-07-01,Gulod,27.936224,81.27996,336.4,0.0,25.704545454545453,1.3563821301227663,0.16622573132863602,0.0,0.0,3,58.3112865664318,47.37944901859407,37.5,0.6428509486857134
2023-07-01,Mamatid,27.936224,81.27996,336.4,0.0,0.0,2.737382913337034,0.16622573132863602,0.0,0.0,3,58.3112865664318,44.73502475483058,37.5,0.592664989249101
2023-07-01,Marinig,27.936224,81.27996,336.4,0.0,39.41025641025641,1.4418404273364855,0.16622573132863602,0.0,0.0,3,58.3112865664318,53.151197083978715,37.5,0.7523873488227701
2023-07-01,Niugan,27.936224,81.27996,336.4,0.0,0.8148148148148148,2.4650737148959463,0.16622573132863602,0.0,0.0,9,58.3112865664318,43.60592107434353,52.5,0.7420390850905492
2023-07-01,Pittland,27.936224,81.27996,336.4,0.0,0.0,3.7682721889420843,0.16622573132863602,0.0,0.0,2,58.3112865664318,50.206440957886045,35.0,0.6680346397259853
2023-07-01,Pulo,27.936224,81.27996,336.4,0.0,0.0,2.852336974417577,0.16622573132863602,0.0,0.0,7,58.3112865664318,45.34514024180561,47.5,0.7181119503311073
2023-07-01,Sala,27.936224,81.27996,336.4,0.0,0.0,0.0,0.16622573132863602,0.0,0.0,0,58.3112865664318,30.206440957886045,30.0,0.23153998080943847
2023-07-01,San Isidro,27.936224,81.27996,336.4,0.0,0.0,2.7968569266796113,0.16622573132863602,0.0,0.0,3,58.3112865664318,45.05068142908624,37.5,0.5986555306562293
2023-08-01,Baclaran,28.092474,80.30556,96.9,0.0,1.5625,2.087026609107852,0.18397292402048782,0.0,0.0,2,59.198646201024395,34.473176892388075,35.0,0.36271216892908875
2023-08-01,Banay-Banay,28.092474,80.30556,96.9,0.0,0.0,2.4211972626772793,0.18397292402048782,0.0,0.0,5,59.198646201024395,35.640486782196376,42.5,0.4702665383780562
2023-08-01,Banlic,28.092474,80.30556,96.9,0.0,0.0,2.6008556728009826,0.18397292402048782,0.0,0.0,9,59.198646201024395,36.59401880491441,52.5,0.6022308683137777
2023-08-01,Barangay Dos,28.092474,80.30556,96.9,0.0,0.0,2.2982314052060246,0.18397292402048782,0.0,0.0,16,59.198646201024395,34.987848908360746,70.0,0.7710182308122788
2023-08-01,Barangay Tres,28.092474,80.30556,96.9,0.0,0.0,2.8418320235998733,0.18397292402048782,0.0,0.0,1,59.198646201024395,37.872994095001104,32.5,0.39876695422727854
2023-08-01,Barangay Uno,28.092474,80.30556,96.9,0.0,0.0,2.4993259383410944,0.18397292402048782,0.0,0.0,0,59.198646201024395,36.05515255869247,30.0,0.335800862499879
2023-08-01,Bigaa,28.092474,80.30556,96.9,0.0,0.0,2.6000714943959164,0.18397292402048782,0.0,0.0,3,59.198646201024395,36.58985679980572,37.5,0.43134962382467984
2023-08-01,Butong,28.092474,80.30556,96.9,0.0,64.42857142857143,0.624416743006025,0.18397292402048782,0.0,0.0,0,59.198646201024395,51.10412406963082,30.0,0.6214006749656122
2023-08-01,Casile,28.092474,80.30556,96.9,0.0,0.0,0.0,0.18397292402048782,0.0,0.0,4,59.198646201024395,22.79004954582989,40.0,0.19792352938713847
2023-08-01,Diezmo,28.092474,80.30556,96.9,0.0,0.0,0.0,0.18397292402048782,0.0,0.0,3,59.198646201024395,22.79004954582989,37.5,0.16945648641432023
2023-08-01,Gulod,28.092474,80.30556,96.9,0.0,25.704545454545453,1.3563821301227663,0.18397292402048782,0.0,0.0,3,59.198646201024395,39.96305760653792,37.5,0.49536632537214037
2023-08-01,Mamatid,28.092474,80.30556,96.9,0.0,0.0,2.737382913337034,0.18397292402048782,0.0,0.0,3,59.198646201024395,37.31863334277443,37.5,0.4451803659355281
2023-08-01,Marinig,28.092474,80.30556,96.9,0.0,39.41025641025641,1.4418404273364855,0.18397292402048782,0.0,0.0,3,59.198646201024395,45.734805671922565,37.5,0.6049027255091975
2023-08-01,Niugan,28.092474,80.30556,96.9,0.0,0.8148148148148148,2.4650737148959463,0.18397292402048782,0.0,0.0,9,59.198646201024395,36.18952966228738,52.5,0.5945544617769764
2023-08-01,Pittland,28.092474,80.30556,96.9,0.0,0.0,3.7682721889420843,0.18397292402048782,0.0,0.0,2,59.198646201024395,42.790049545829895,35.0,0.5205500164124124
2023-08-01,Pulo,28.092474,80.30556,96.9,0.0,0.0,2.852336974417577,0.18397292402048782,0.0,0.0,7,59.198646201024395,37.92874882974946,47.5,0.5706273270175344
2023-08-01,Sala,28.092474,80.30556,96.9,0.0,0.0,0.0,0.18397292402048782,0.0,0.0,0,59.198646201024395,22.79004954582989,30.0,0.0840553574958654
2023-08-01,San Isidro,28.092474,80.30556,96.9,0.0,0.0,2.7968569266796113,0.18397292402048782,0.0,0.0,3,59.198646201024395,37.63429001703009,37.5,0.45117090734265647
2023-09-01,Baclaran,27.625557,83.303894,344.4,0.0,1.5625,2.087026609107852,0.20172011671233958,0.0,0.0,2,60.08600583561699,42.13729745390748,35.0,0.5014259338847663
2023-09-01,Banay-Banay,27.625557,83.303894,344.4,0.0,0.0,2.4211972626772793,0.20172011671233958,0.0,0.0,5,60.08600583561699,43.30460734371578,42.5,0.6089803033337338
2023-09-01,Banlic,27.625557,83.303894,344.4,0.0,0.0,2.6008556728009826,0.20172011671233958,0.0,0.0,9,60.08600583561699,44.25813936643382,52.5,0.7409446332694553
2023-09-01,Barangay Dos,27.625557,83.303894,344.4,0.0,0.0,2.2982314052060246,0.20172011671233958,0.0,0.0,16,60.08600583561699,42.65196946988015,70.0,0.9097319957679563
2023-09-01,Barangay Tres,27.625557,83.303894,344.4,0.0,0.0,2.8418320235998733,0.20172011671233958,0.0,0.0,1,60.08600583561699,45.53711465652051,32.5,0.5374807191829561
2023-09-01,Barangay Uno,27.625557,83.303894,344.4,0.0,0.0,2.4993259383410944,0.20172011671233958,0.0,0.0,0,60.08600583561699,43.719273120211874,30.0,0.4745146274555563
2023-09-01,Bigaa,27.625557,83.303894,344.4,0.0,0.0,2.6000714943959164,0.20172011671233958,0.0,0.0,3,60.08600583561699,44.25397736132513,37.5,0.5700633887803574
2023-09-01,Butong,27.625557,83.303894,344.4,0.0,64.42857142857143,0.624416743006025,0.20172011671233958,0.0,0.0,0,60.08600583561699,58.768244631150225,30.0,0.7601144399212898
2023-09-01,Casile,27.625557,83.303894,344.4,0.0,0.0,0.0,0.20172011671233958,0.0,0.0,4,60.08600583561699,30.4541701073493,40.0,0.3366372943428162
2023-09-01,Diezmo,27.625557,83.303894,344.4,0.0,0.0,0.0,0.20172011671233958,0.0,0.0,3,60.08600583561699,30.4541701073493,37.5,0.3081702513699979
2023-09-01,Gulod,27.625557,83.303894,344.4,0.0,25.704545454545453,1.3563821301227663,0.20172011671233958,0.0,0.0,3,60.08600583561699,47.62717816805733,37.5,0.634080090327818
2023-09-01,Mamatid,27.625557,83.303894,344.4,0.0,0.0,2.737382913337034,0.20172011671233958,0.0,0.0,3,60.08600583561699,44.98275390429384,37.5,0.5838941308912057
2023-09-01,Marinig,27.625557,83.303894,344.4,0.0,39.41025641025641,1.4418404273364855,0.20172011671233958,0.0,0.0,3,60.08600583561699,53.39892623344197,37.5,0.7436164904648748
2023-09-01,Niugan,27.625557,83.303894,344.4,0.0,0.8148148148148148,2.4650737148959463,0.20172011671233958,0.0,0.0,9,60.08600583561699,43.85365022380678,52.5,0.7332682267326537
2023-09-01,Pittland,27.625557,83.303894,344.4,0.0,0.0,3.7682721889420843,0.20172011671233958,0.0,0.0,2,60.08600583561699,50.4541701073493,35.0,0.6592637813680899
2023-09-01,Pulo,27.625557,83.303894,344.4,0.0,0.0,2.852336974417577,0.20172011671233958,0.0,0.0,7,60.08600583561699,45.59286939126886,47.5,0.7093410919732119
2023-09-01,Sala,27.625557,83.303894,344.4,0.0,0.0,0.0,0.20172011671233958,0.0,0.0,0,60.08600583561699,30.4541701073493,30.0,0.2227691224515431
2023-09-01,San Isidro,27.625557,83.303894,344.4,0.0,0.0,2.7968569266796113,0.20172011671233958,0.0,0.0,3,60.08600583561699,45.29841057854949,37.5,0.589884672298334
2023-10-01,Baclaran,27.535416,81.836945,177.7,0.0,1.5625,2.087026609107852,0.21684497637442124,0.0,0.0,2,60.84224881872107,36.97524130196694,35.0,0.3977194839483937
2023-10-01,Banay-Banay,27.535416,81.836945,177.7,0.0,0.0,2.4211972626772793,0.21684497637442124,0.0,0.0,5,60.84224881872107,38.14255119177523,42.5,0.5052738533973611
2023-10-01,Banlic,27.535416,81.836945,177.7,0.0,0.0,2.6008556728009826,0.21684497637442124,0.0,0.0,9,60.84224881872107,39.09608321449327,52.5,0.6372381833330824
2023-10-01,Barangay Dos,27.535416,81.836945,177.7,0.0,0.0,2.2982314052060246,0.21684497637442124,0.0,0.0,16,60.84224881872107,37.4899133179396,70.0,0.8060255458315834
2023-10-01,Barangay Tres,27.535416,81.836945,177.7,0.0,0.0,2.8418320235998733,0.21684497637442124,0.0,0.0,1,60.84224881872107,40.37505850457996,32.5,0.43377426924658347
2023-10-01,Barangay Uno,27.535416,81.836945,177.7,0.0,0.0,2.4993259383410944,0.21684497637442124,0.0,0.0,0,60.84224881872107,38.55721696827133,30.0,0.37080817751918393
2023-10-01,Bigaa,27.535416,81.836945,177.7,0.0,0.0,2.6000714943959164,0.21684497637442124,0.0,0.0,3,60.84224881872107,39.09192120938458,37.5,0.4663569388439847
2023-10-01,Butong,27.535416,81.836945,177.7,0.0,64.42857142857143,0.624416743006025,0.21684497637442124,0.0,0.0,0,60.84224881872107,53.60618847920968,30.0,0.6564079899849172
2023-10-01,Casile,27.535416,81.836945,177.7,0.0,0.0,0.0,0.21684497637442124,0.0,0.0,4,60.84224881872107,25.29211395540875,40.0,0.2329308444064435
2023-10-01,Diezmo,27.535416,81.836945,177.7,0.0,0.0,0.0,0.21684497637442124,0.0,0.0,3,60.84224881872107,25.29211395540875,37.5,0.20446380143362525
2023-10-01,Gulod,27.535416,81.836945,177.7,0.0,25.704545454545453,1.3563821301227663,0.21684497637442124,0.0,0.0,3,60.84224881872107,42.46512201611678,37.5,0.5303736403914453
2023-10-01,Mamatid,27.535416,81.836945,177.7,0.0,0.0,2.737382913337034,0.21684497637442124,0.0,0.0,3,60.84224881872107,39.82069775235329,37.5,0.48018768095483305
2023-10-01,Marinig,27.535416,81.836945,177.7,0.0,39.41025641025641,1.4418404273364855,0.21684497637442124,0.0,0.0,3,60.84224881872107,48.23687008150142,37.5,0.6399100405285022
2023-10-01,Niugan,27.535416,81.836945,177.7,0.0,0.8148148148148148,2.4650737148959463,0.21684497637442124,0.0,0.0,9,60.84224881872107,38.691594071866234,52.5,0.629561776796281
2023-10-01,Pittland,27.535416,81.836945,177.7,0.0,0.0,3.7682721889420843,0.21684497637442124,0.0,0.0,2,60.84224881872107,45.29211395540875,35.0,0.5555573314317173
2023-10-01,Pulo,27.535416,81.836945,177.7,0.0,0.0,2.852336974417577,0.21684497637442124,0.0,0.0,7,60.84224881872107,40.430813239328316,47.5,0.6056346420368393
2023-10-01,Sala,27.535416,81.836945,177.7,0.0,0.0,0.0,0.21684497637442124,0.0,0.0,0,60.84224881872107,25.29211395540875,30.0,0.11906267251517043
2023-10-01,San Isidro,27.535416,81.836945,177.7,0.0,0.0,2.7968569266796113,0.21684497637442124,0.0,0.0,3,60.84224881872107,40.136354426608946,37.5,0.4861782223619613
2023-11-01,Baclaran,27.13625,81.47489,78.0,0.0,1.5625,2.087026609107852,0.23196983603650287,0.0,0.0,2,61.59849180182514,33.88791677678114,35.0,0.3333873502626164
2023-11-01,Banay-Banay,27.13625,81.47489,78.0,0.0,0.0,2.4211972626772793,0.23196983603650287,0.0,0.0,5,61.59849180182514,35.05522666658944,42.5,0.4409417197115836
2023-11-01,Banlic,27.13625,81.47489,78.0,0.0,0.0,2.6008556728009826,0.23196983603650287,0.0,0.0,9,61.59849180182514,36.00875868930748,52.5,0.5729060496473054
2023-11-01,Barangay Dos,27.13625,81.47489,78.0,0.0,0.0,2.2982314052060246,0.23196983603650287,0.0,0.0,16,61.59849180182514,34.40258879275381,70.0,0.7416934121458064
2023-11-01,Barangay Tres,27.13625,81.47489,78.0,0.0,0.0,2.8418320235998733,0.23196983603650287,0.0,0.0,1,61.59849180182514,37.28773397939417,32.5,0.36944213556080596
2023-11-01,Barangay Uno,27.13625,81.47489,78.0,0.0,0.0,2.4993259383410944,0.23196983603650287,0.0,0.0,0,61.59849180182514,35.469892443085534,30.0,0.30647604383340643
2023-11-01,Bigaa,27.13625,81.47489,78.0,0.0,0.0,2.6000714943959164,0.23196983603650287,0.0,0.0,3,61.59849180182514,36.00459668419879,37.5,0.40202480515820743
2023-11-01,Butong,27.13625,81.47489,78.0,0.0,64.42857142857143,0.624416743006025,0.23196983603650287,0.0,0.0,0,61.59849180182514,50.518863954023885,30.0,0.5920758562991398
2023-11-01,Casile,27.13625,81.47489,78.0,0.0,0.0,0.0,0.23196983603650287,0.0,0.0,4,61.59849180182514,22.204789430222956,40.0,0.16859871072066615
2023-11-01,Diezmo,27.13625,81.47489,78.0,0.0,0.0,0.0,0.23196983603650287,0.0,0.0,3,61.59849180182514,22.204789430222956,37.5,0.14013166774784788
2023-11-01,Gulod,27.13625,81.47489,78.0,0.0,25.704545454545453,1.3563821301227663,0.23196983603650287,0.0,0.0,3,61.59849180182514,39.37779749093099,37.5,0.466041506705668
2023-11-01,Mamatid,27.13625,81.47489,78.0,0.0,0.0,2.737382913337034,0.23196983603650287,0.0,0.0,3,61.59849180182514,36.7333732271675,37.5,0.4158555472690555
2023-11-01,Marinig,27.13625,81.47489,78.0,0.0,39.41025641025641,1.4418404273364855,0.23196983603650287,0.0,0.0,3,61.59849180182514,45.14954555631563,37.5,0.5755779068427247
2023-11-01,Niugan,27.13625,81.47489,78.0,0.0,0.8148148148148148,2.4650737148959463,0.23196983603650287,0.0,0.0,9,61.59849180182514,35.60426954668044,52.5,0.5652296431105035
2023-11-01,Pittland,27.13625,81.47489,78.0,0.0,0.0,3.7682721889420843,0.23196983603650287,0.0,0.0,2,61.59849180182514,42.20478943022296,35.0,0.49122519774593976
2023-11-01,Pulo,27.13625,81.47489,78.0,0.0,0.0,2.852336974417577,0.23196983603650287,0.0,0.0,7,61.59849180182514,37.343488714142524,47.5,0.5413025083510621
2023-11-01,Sala,27.13625,81.47489,78.0,0.0,0.0,0.0,0.23196983603650287,0.0,0.0,0,61.59849180182514,22.204789430222956,30.0,0.05473053882939307
2023-11-01,San Isidro,27.13625,81.47489,78.0,0.0,0.0,2.7968569266796113,0.23196983603650287,0.0,0.0,3,61.59849180182514,37.049029901423154,37.5,0.42184608867618406
2023-12-01,Baclaran,26.630243,82.473274,37.8,0.0,1.5625,2.087026609107852,0.21574188630924632,0.0,0.0,2,60.78709431546232,32.64307780072829,35.0,0.31592225040888
2023-12-01,Banay-Banay,26.630243,82.473274,37.8,0.0,0.0,2.4211972626772793,0.21574188630924632,0.0,0.0,5,60.78709431546232,33.81038769053659,42.5,0.42347661985784685
2023-12-01,Banlic,26.630243,82.473274,37.8,0.0,0.0,2.6008556728009826,0.21574188630924632,0.0,0.0,9,60.78709431546232,34.76391971325462,52.5,0.5554409497935684
2023-12-01,Barangay Dos,26.630243,82.473274,37.8,0.0,0.0,2.2982314052060246,0.21574188630924632,0.0,0.0,16,60.78709431546232,33.15774981670096,70.0,0.7242283122920693
2023-12-01,Barangay Tres,26.630243,82.473274,37.8,0.0,0.0,2.8418320235998733,0.21574188630924632,0.0,0.0,1,60.78709431546232,36.042895003341314,32.5,0.3519770357070693
2023-12-01,Barangay Uno,26.630243,82.473274,37.8,0.0,0.0,2.4993259383410944,0.21574188630924632,0.0,0.0,0,60.78709431546232,34.22505346703268,30.0,0.28901094397966975
2023-12-01,Bigaa,26.630243,82.473274,37.8,0.0,0.0,2.6000714943959164,0.21574188630924632,0.0,0.0,3,60.78709431546232,34.75975770814593,37.5,0.3845597053044708
2023-12-01,Butong,26.630243,82.473274,37.8,0.0,64.42857142857143,0.624416743006025,0.21574188630924632,0.0,0.0,0,60.78709431546232,49.27402497797103,30.0,0.5746107564454035
2023-12-01,Casile,26.630243,82.473274,37.8,0.0,0.0,0.0,0.21574188630924632,0.0,0.0,4,60.78709431546232,20.95995045417011,40.0,0.15113361086692972
2023-12-01,Diezmo,26.630243,82.473274,37.8,0.0,0.0,0.0,0.21574188630924632,0.0,0.0,3,60.78709431546232,20.95995045417011,37.5,0.12266656789411146
2023-12-01,Gulod,26.630243,82.473274,37.8,0.0,25.704545454545453,1.3563821301227663,0.21574188630924632,0.0,0.0,3,60.78709431546232,38.13295851487813,37.5,0.44857640685193134
2023-12-01,Mamatid,26.630243,82.473274,37.8,0.0,0.0,2.737382913337034,0.21574188630924632,0.0,0.0,3,60.78709431546232,35.48853425111464,37.5,0.3983904474153188
2023-12-01,Marinig,26.630243,82.473274,37.8,0.0,39.41025641025641,1.4418404273364855,0.21574188630924632,0.0,0.0,3,60.78709431546232,43.904706580262776,37.5,0.5581128069889882
2023-12-01,Niugan,26.630243,82.473274,37.8,0.0,0.8148148148148148,2.4650737148959463,0.21574188630924632,0.0,0.0,9,60.78709431546232,34.35943057062759,52.5,0.547764543256767
2023-12-01,Pittland,26.630243,82.473274,37.8,0.0,0.0,3.7682721889420843,0.21574188630924632,0.0,0.0,2,60.78709431546232,40.959950454170105,35.0,0.47376009789220336
2023-12-01,Pulo,26.630243,82.473274,37.8,0.0,0.0,2.852336974417577,0.21574188630924632,0.0,0.0,7,60.78709431546232,36.09864973808967,47.5,0.5238374084973256
2023-12-01,Sala,26.630243,82.473274,37.8,0.0,0.0,0.0,0.21574188630924632,0.0,0.0,0,60.78709431546232,20.95995045417011,30.0,0.037265438975656644
2023-12-01,San Isidro,26.630243,82.473274,37.8,0.0,0.0,2.7968569266796113,0.21574188630924632,0.0,0.0,3,60.78709431546232,35.8041909253703,37.5,0.4043809888224474
2024-01-01,Baclaran,25.509676,79.17532,6.8,0.0,1.5625,2.087026609107852,0.22569960653395066,0.0,0.0,2,61.284980326697536,31.683127346558184,35.0,0.2939247251944824
2024-01-01,Banay-Banay,25.509676,79.17532,6.8,0.0,0.0,2.4211972626772793,0.22569960653395066,0.0,0.0,5,61.284980326697536,32.85043723636648,42.5,0.4014790946434495
2024-01-01,Banlic,25.509676,79.17532,6.8,0.0,0.0,2.6008556728009826,0.22569960653395066,0.0,0.0,9,61.284980326697536,33.80396925908452,52.5,0.533443424579171
2024-01-01,Barangay Dos,25.509676,79.17532,6.8,0.0,0.0,2.2982314052060246,0.22569960653395066,0.0,0.0,16,61.284980326697536,32.19779936253085,70.0,0.7022307870776721
2024-01-01,Barangay Tres,25.509676,79.17532,6.8,0.0,0.0,2.8418320235998733,0.22569960653395066,0.0,0.0,1,61.284980326697536,35.08294454917121,32.5,0.32997951049267193
2024-01-01,Barangay Uno,25.509676,79.17532,6.8,0.0,0.0,2.4993259383410944,0.22569960653395066,0.0,0.0,0,61.284980326697536,33.265103012862575,30.0,0.2670134187652724
2024-01-01,Bigaa,25.509676,79.17532,6.8,0.0,0.0,2.6000714943959164,0.22569960653395066,0.0,0.0,3,61.284980326697536,33.79980725397583,37.5,0.36256218009007346
2024-01-01,Butong,25.509676,79.17532,6.8,0.0,64.42857142857143,0.624416743006025,0.22569960653395066,0.0,0.0,0,61.284980326697536,48.314074523800926,30.0,0.5526132312310058
2024-01-01,Casile,25.509676,79.17532,6.8,0.0,0.0,0.0,0.22569960653395066,0.0,0.0,4,61.284980326697536,20.0,40.0,0.12913608565253223
2024-01-01,Diezmo,25.509676,79.17532,6.8,0.0,0.0,0.0,0.22569960653395066,0.0,0.0,3,61.284980326697536,20.0,37.5,0.10066904267971397
2024-01-01,Gulod,25.509676,79.17532,6.8,0.0,25.704545454545453,1.3563821301227663,0.22569960653395066,0.0,0.0,3,61.284980326697536,37.17300806070803,37.5,0.426578881637534
2024-01-01,Mamatid,25.509676,79.17532,6.8,0.0,0.0,2.737382913337034,0.22569960653395066,0.0,0.0,3,61.284980326697536,34.52858379694454,37.5,0.37639292220092146
2024-01-01,Marinig,25.509676,79.17532,6.8,0.0,39.41025641025641,1.4418404273364855,0.22569960653395066,0.0,0.0,3,61.284980326697536,42.94475612609267,37.5,0.5361152817745909
2024-01-01,Niugan,25.509676,79.17532,6.8,0.0,0.8148148148148148,2.4650737148959463,0.22569960653395066,0.0,0.0,9,61.284980326697536,33.39948011645748,52.5,0.5257670180423697
2024-01-01,Pittland,25.509676,79.17532,6.8,0.0,0.0,3.7682721889420843,0.22569960653395066,0.0,0.0,2,61.284980326697536,40.0,35.0,0.451762572677806
2024-01-01,Pulo,25.509676,79.17532,6.8,0.0,0.0,2.852336974417577,0.22569960653395066,0.0,0.0,7,61.284980326697536,35.138699283919564,47.5,0.5018398832829281
2024-01-01,Sala,25.509676,79.17532,6.8,0.0,0.0,0.0,0.22569960653395066,0.0,0.0,0,61.284980326697536,20.0,30.0,0.01526791376125915
2024-01-01,San Isidro,25.509676,79.17532,6.8,0.0,0.0,2.7968569266796113,0.22569960653395066,0.0,0.0,3,61.284980326697536,34.844240471200195,37.5,0.38238346360805003
2024-02-01,Baclaran,25.856607,79.003006,10.2,0.0,1.5625,2.087026609107852,0.23565732675865497,0.0,0.0,2,61.78286633793275,31.788412235080067,35.0,0.29214326683113684
2024-02-01,Banay-Banay,25.856607,79.003006,10.2,0.0,0.0,2.4211972626772793,0.23565732675865497,0.0,0.0,5,61.78286633793275,32.95572212488836,42.5,0.39969763628010396
2024-02-01,Banlic,25.856607,79.003006,10.2,0.0,0.0,2.6008556728009826,0.23565732675865497,0.0,0.0,9,61.78286633793275,33.9092541476064,52.5,0.5316619662158255
2024-02-01,Barangay Dos,25.856607,79.003006,10.2,0.0,0.0,2.2982314052060246,0.23565732675865497,0.0,0.0,16,61.78286633793275,32.30308425105273,70.0,0.7004493287143265
2024-02-01,Barangay Tres,25.856607,79.003006,10.2,0.0,0.0,2.8418320235998733,0.23565732675865497,0.0,0.0,1,61.78286633793275,35.18822943769309,32.5,0.32819805212932635
2024-02-01,Barangay Uno,25.856607,79.003006,10.2,0.0,0.0,2.4993259383410944,0.23565732675865497,0.0,0.0,0,61.78286633793275,33.370387901384454,30.0,0.2652319604019268
2024-02-01,Bigaa,25.856607,79.003006,10.2,0.0,0.0,2.6000714943959164,0.23565732675865497,0.0,0.0,3,61.78286633793275,33.90509214249771,37.5,0.3607807217267279
2024-02-01,Butong,25.856607,79.003006,10.2,0.0,64.42857142857143,0.624416743006025,0.23565732675865497,0.0,0.0,0,61.78286633793275,48.419359412322805,30.0,0.5508317728676603
2024-02-01,Casile,25.856607,79.003006,10.2,0.0,0.0,0.0,0.23565732675865497,0.0,0.0,4,61.78286633793275,20.105284888521883,40.0,0.12735462728918656
2024-02-01,Diezmo,25.856607,79.003006,10.2,0.0,0.0,0.0,0.23565732675865497,0.0,0.0,3,61.78286633793275,20.105284888521883,37.5,0.0988875843163683
2024-02-01,Gulod,25.856607,79.003006,10.2,0.0,25.704545454545453,1.3563821301227663,0.23565732675865497,0.0,0.0,3,61.78286633793275,37.27829294922991,37.5,0.42479742327418846
2024-02-01,Mamatid,25.856607,79.003006,10.2,0.0,0.0,2.737382913337034,0.23565732675865497,0.0,0.0,3,61.78286633793275,34.63386868546642,37.5,0.37461146383757593
2024-02-01,Marinig,25.856607,79.003006,10.2,0.0,39.41025641025641,1.4418404273364855,0.23565732675865497,0.0,0.0,3,61.78286633793275,43.05004101461455,37.5,0.5343338234112454
2024-02-01,Niugan,25.856607,79.003006,10.2,0.0,0.8148148148148148,2.4650737148959463,0.23565732675865497,0.0,0.0,9,61.78286633793275,33.50476500497936,52.5,0.5239855596790242
2024-02-01,Pittland,25.856607,79.003006,10.2,0.0,0.0,3.7682721889420843,0.23565732675865497,0.0,0.0,2,61.78286633793275,40.10528488852188,35.0,0.4499811143144605
2024-02-01,Pulo,25.856607,79.003006,10.2,0.0,0.0,2.852336974417577,0.23565732675865497,0.0,0.0,7,61.78286633793275,35.24398417244144,47.5,0.5000584249195825
2024-02-01,Sala,25.856607,79.003006,10.2,0.0,0.0,0.0,0.23565732675865497,0.0,0.0,0,61.78286633793275,20.105284888521883,30.0,0.013486455397913473
2024-02-01,San Isidro,25.856607,79.003006,10.2,0.0,0.0,2.7968569266796113,0.23565732675865497,0.0,0.0,3,61.78286633793275,34.949525359722074,37.5,0.38060200524470456
2024-03-01,Baclaran,26.381315,79.80638,25.7,0.0,1.5625,2.087026609107852,0.19511756946185352,0.0,0.0,2,59.75587847309267,32.26838746216512,35.0,0.3166395439490249
2024-03-01,Banay-Banay,26.381315,79.80638,25.7,0.0,0.0,2.4211972626772793,0.19511756946185352,0.0,0.0,5,59.75587847309267,33.43569735197342,42.5,0.42419391339799195
2024-03-01,Banlic,26.381315,79.80638,25.7,0.0,0.0,2.6008556728009826,0.19511756946185352,0.0,0.0,9,59.75587847309267,34.38922937469145,52.5,0.5561582433337136
2024-03-01,Barangay Dos,26.381315,79.80638,25.7,0.0,0.0,2.2982314052060246,0.19511756946185352,0.0,0.0,16,59.75587847309267,32.78305947813779,70.0,0.7249456058322146
2024-03-01,Barangay Tres,26.381315,79.80638,25.7,0.0,0.0,2.8418320235998733,0.19511756946185352,0.0,0.0,1,59.75587847309267,35.668204664778145,32.5,0.35269432924721433
2024-03-01,Barangay Uno,26.381315,79.80638,25.7,0.0,0.0,2.4993259383410944,0.19511756946185352,0.0,0.0,0,59.75587847309267,33.85036312846951,30.0,0.28972823751981486
2024-03-01,Bigaa,26.381315,79.80638,25.7,0.0,0.0,2.6000714943959164,0.19511756946185352,0.0,0.0,3,59.75587847309267,34.385067369582764,37.5,0.38527699884461564
2024-03-01,Butong,26.381315,79.80638,25.7,0.0,64.42857142857143,0.624416743006025,0.19511756946185352,0.0,0.0,0,59.75587847309267,48.89933463940786,30.0,0.5753280499855483
2024-03-01,Casile,26.381315,79.80638,25.7,0.0,0.0,0.0,0.19511756946185352,0.0,0.0,4,59.75587847309267,20.585260115606935,40.0,0.15185090440707458
2024-03-01,Diezmo,26.381315,79.80638,25.7,0.0,0.0,0.0,0.19511756946185352,0.0,0.0,3,59.75587847309267,20.585260115606935,37.5,0.12338386143425631
2024-03-01,Gulod,26.381315,79.80638,25.7,0.0,25.704545454545453,1.3563821301227663,0.19511756946185352,0.0,0.0,3,59.75587847309267,37.758268176314964,37.5,0.44929370039207617
2024-03-01,Mamatid,26.381315,79.80638,25.7,0.0,0.0,2.737382913337034,0.19511756946185352,0.0,0.0,3,59.75587847309267,35.113843912551474,37.5,0.3991077409554639
2024-03-01,Marinig,26.381315,79.80638,25.7,0.0,39.41025641025641,1.4418404273364855,0.19511756946185352,0.0,0.0,3,59.75587847309267,43.530016241699606,37.5,0.5588301005291331
2024-03-01,Niugan,26.381315,79.80638,25.7,0.0,0.8148148148148148,2.4650737148959463,0.19511756946185352,0.0,0.0,9,59.75587847309267,33.98474023206442,52.5,0.5484818367969119
2024-03-01,Pittland,26.381315,79.80638,25.7,0.0,0.0,3.7682721889420843,0.19511756946185352,0.0,0.0,2,59.75587847309267,40.585260115606935,35.0,0.47447739143234846
2024-03-01,Pulo,26.381315,79.80638,25.7,0.0,0.0,2.852336974417577,0.19511756946185352,0.0,0.0,7,59.75587847309267,35.7239593995265,47.5,0.5245547020374705
2024-03-01,Sala,26.381315,79.80638,25.7,0.0,0.0,0.0,0.19511756946185352,0.0,0.0,0,59.75587847309267,20.585260115606935,30.0,0.0379827325158015
2024-03-01,San Isidro,26.381315,79.80638,25.7,0.0,0.0,2.7968569266796113,0.19511756946185352,0.0,0.0,3,59.75587847309267,35.42950058680713,37.5,0.40509828236259227
2024-04-01,Baclaran,28.439165,77.11519,12.3,0.0,1.5625,2.087026609107852,0.13624419267964924,0.0,0.0,2,56.812209633982455,31.85344113681417,35.0,0.3311106933230914
2024-04-01,Banay-Banay,28.439165,77.11519,12.3,0.0,0.0,2.4211972626772793,0.13624419267964924,0.0,0.0,5,56.812209633982455,33.02075102662247,42.5,0.43866506277205886
2024-04-01,Banlic,28.439165,77.11519,12.3,0.0,0.0,2.6008556728009826,0.13624419267964924,0.0,0.0,9,56.812209633982455,33.97428304934051,52.5,0.5706293927077801
2024-04-01,Barangay Dos,28.439165,77.11519,12.3,0.0,0.0,2.2982314052060246,0.13624419267964924,0.0,0.0,16,56.812209633982455,32.36811315278684,70.0,0.7394167552062811
2024-04-01,Barangay Tres,28.439165,77.11519,12.3,0.0,0.0,2.8418320235998733,0.13624419267964924,0.0,0.0,1,56.812209633982455,35.2532583394272,32.5,0.3671654786212813
2024-04-01,Barangay Uno,28.439165,77.11519,12.3,0.0,0.0,2.4993259383410944,0.13624419267964924,0.0,0.0,0,56.812209633982455,33.435416803118564,30.0,0.30419938689388176
2024-04-01,Bigaa,28.439165,77.11519,12.3,0.0,0.0,2.6000714943959164,0.13624419267964924,0.0,0.0,3,56.812209633982455,33.97012104423182,37.5,0.3997481482186826
2024-04-01,Butong,28.439165,77.11519,12.3,0.0,64.42857142857143,0.624416743006025,0.13624419267964924,0.0,0.0,0,56.812209633982455,48.484388314056915,30.0,0.5897991993596149
2024-04-01,Casile,28.439165,77.11519,12.3,0.0,0.0,0.0,0.13624419267964924,0.0,0.0,4,56.812209633982455,20.170313790255985,40.0,0.16632205378114132
2024-04-01,Diezmo,28.439165,77.11519,12.3,0.0,0.0,0.0,0.13624419267964924,0.0,0.0,3,56.812209633982455,20.170313790255985,37.5,0.13785501080832308
2024-04-01,Gulod,28.439165,77.11519,12.3,0.0,25.704545454545453,1.3563821301227663,0.13624419267964924,0.0,0.0,3,56.812209633982455,37.34332185096402,37.5,0.4637648497661431
2024-04-01,Mamatid,28.439165,77.11519,12.3,0.0,0.0,2.737382913337034,0.13624419267964924,0.0,0.0,3,56.812209633982455,34.69889758720053,37.5,0.4135788903295308
2024-04-01,Marinig,28.439165,77.11519,12.3,0.0,39.41025641025641,1.4418404273364855,0.13624419267964924,0.0,0.0,3,56.812209633982455,43.11506991634866,37.5,0.5733012499032
2024-04-01,Niugan,28.439165,77.11519,12.3,0.0,0.8148148148148148,2.4650737148959463,0.13624419267964924,0.0,0.0,9,56.812209633982455,33.56979390671347,52.5,0.5629529861709788
2024-04-01,Pittland,28.439165,77.11519,12.3,0.0,0.0,3.7682721889420843,0.13624419267964924,0.0,0.0,2,56.812209633982455,40.17031379025599,35.0,0.4889485408064151
2024-04-01,Pulo,28.439165,77.11519,12.3,0.0,0.0,2.852336974417577,0.13624419267964924,0.0,0.0,7,56.812209633982455,35.30901307417555,47.5,0.5390258514115371
2024-04-01,Sala,28.439165,77.11519,12.3,0.0,0.0,0.0,0.13624419267964924,0.0,0.0,0,56.812209633982455,20.170313790255985,30.0,0.05245388188986824
2024-04-01,San Isidro,28.439165,77.11519,12.3,0.0,0.0,2.7968569266796113,0.13624419267964924,0.0,0.0,3,56.812209633982455,35.01455426145618,37.5,0.4195694317366591
2024-05-01,Baclaran,28.976883,78.53268,253.3,0.0,1.5625,2.087026609107852,0.16450881978577703,0.0,0.0,2,58.225440989288856,39.31628176439468,35.0,0.4620125584936329
2024-05-01,Banay-Banay,28.976883,78.53268,253.3,0.0,0.0,2.4211972626772793,0.16450881978577703,0.0,0.0,5,58.225440989288856,40.48359165420298,42.5,0.5695669279426002
2024-05-01,Banlic,28.976883,78.53268,253.3,0.0,0.0,2.6008556728009826,0.16450881978577703,0.0,0.0,9,58.225440989288856,41.43712367692102,52.5,0.7015312578783217
2024-05-01,Barangay Dos,28.976883,78.53268,253.3,0.0,0.0,2.2982314052060246,0.16450881978577703,0.0,0.0,16,58.225440989288856,39.83095378036735,70.0,0.8703186203768228
2024-05-01,Barangay Tres,28.976883,78.53268,253.3,0.0,0.0,2.8418320235998733,0.16450881978577703,0.0,0.0,1,58.225440989288856,42.71609896700771,32.5,0.49806734379182266
2024-05-01,Barangay Uno,28.976883,78.53268,253.3,0.0,0.0,2.4993259383410944,0.16450881978577703,0.0,0.0,0,58.225440989288856,40.898257430699076,30.0,0.4351012520644231
2024-05-01,Bigaa,28.976883,78.53268,253.3,0.0,0.0,2.6000714943959164,0.16450881978577703,0.0,0.0,3,58.225440989288856,41.43296167181233,37.5,0.5306500133892239
2024-05-01,Butong,28.976883,78.53268,253.3,0.0,64.42857142857143,0.624416743006025,0.16450881978577703,0.0,0.0,0,58.225440989288856,55.94722894163743,30.0,0.7207010645301563
2024-05-01,Casile,28.976883,78.53268,253.3,0.0,0.0,0.0,0.16450881978577703,0.0,0.0,4,58.225440989288856,27.6331544178365,40.0,0.2972239189516827
2024-05-01,Diezmo,28.976883,78.53268,253.3,0.0,0.0,0.0,0.16450881978577703,0.0,0.0,3,58.225440989288856,27.6331544178365,37.5,0.26875687597886444
2024-05-01,Gulod,28.976883,78.53268,253.3,0.0,25.704545454545453,1.3563821301227663,0.16450881978577703,0.0,0.0,3,58.225440989288856,44.80616247854453,37.5,0.5946667149366844
2024-05-01,Mamatid,28.976883,78.53268,253.3,0.0,0.0,2.737382913337034,0.16450881978577703,0.0,0.0,3,58.225440989288856,42.16173821478104,37.5,0.5444807555000721
2024-05-01,Marinig,28.976883,78.53268,253.3,0.0,39.41025641025641,1.4418404273364855,0.16450881978577703,0.0,0.0,3,58.225440989288856,50.57791054392917,37.5,0.7042031150737409
2024-05-01,Niugan,28.976883,78.53268,253.3,0.0,0.8148148148148148,2.4650737148959463,0.16450881978577703,0.0,0.0,9,58.225440989288856,41.03263453429398,52.5,0.6938548513415199
2024-05-01,Pittland,28.976883,78.53268,253.3,0.0,0.0,3.7682721889420843,0.16450881978577703,0.0,0.0,2,58.225440989288856,47.6331544178365,35.0,0.6198504059769562
2024-05-01,Pulo,28.976883,78.53268,253.3,0.0,0.0,2.852336974417577,0.16450881978577703,0.0,0.0,7,58.225440989288856,42.771853701756065,47.5,0.6699277165820786
2024-05-01,Sala,28.976883,78.53268,253.3,0.0,0.0,0.0,0.16450881978577703,0.0,0.0,0,58.225440989288856,27.6331544178365,30.0,0.1833557470604096
2024-05-01,San Isidro,28.976883,78.53268,253.3,0.0,0.0,2.7968569266796113,0.16450881978577703,0.0,0.0,3,58.225440989288856,42.477394889036695,37.5,0.5504712969072005
2024-06-01,Baclaran,28.347988,81.80269,336.5,0.0,1.5625,2.087026609107852,0.19277344689190481,0.0,0.0,2,59.63867234459524,41.89266491881252,35.0,0.5001790937485935
2024-06-01,Banay-Banay,28.347988,81.80269,336.5,0.0,0.0,2.4211972626772793,0.19277344689190481,0.0,0.0,5,59.63867234459524,43.059974808620815,42.5,0.6077334631975607
2024-06-01,Banlic,28.347988,81.80269,336.5,0.0,0.0,2.6008556728009826,0.19277344689190481,0.0,0.0,9,59.63867234459524,44.01350683133885,52.5,0.7396977931332822
2024-06-01,Barangay Dos,28.347988,81.80269,336.5,0.0,0.0,2.2982314052060246,0.19277344689190481,0.0,0.0,16,59.63867234459524,42.407336934785185,70.0,0.9084851556317832
2024-06-01,Barangay Tres,28.347988,81.80269,336.5,0.0,0.0,2.8418320235998733,0.19277344689190481,0.0,0.0,1,59.63867234459524,45.29248212142554,32.5,0.5362338790467831
2024-06-01,Barangay Uno,28.347988,81.80269,336.5,0.0,0.0,2.4993259383410944,0.19277344689190481,0.0,0.0,0,59.63867234459524,43.47464058511691,30.0,0.47326778731938374
2024-06-01,Bigaa,28.347988,81.80269,336.5,0.0,0.0,2.6000714943959164,0.19277344689190481,0.0,0.0,3,59.63867234459524,44.00934482623016,37.5,0.5688165486441846
2024-06-01,Butong,28.347988,81.80269,336.5,0.0,64.42857142857143,0.624416743006025,0.19277344689190481,0.0,0.0,0,59.63867234459524,58.52361209605526,30.0,0.7588675997851169
2024-06-01,Casile,28.347988,81.80269,336.5,0.0,0.0,0.0,0.19277344689190481,0.0,0.0,4,59.63867234459524,30.209537572254334,40.0,0.3353904542066434
2024-06-01,Diezmo,28.347988,81.80269,336.5,0.0,0.0,0.0,0.19277344689190481,0.0,0.0,3,59.63867234459524,30.209537572254334,37.5,0.3069234112338251
2024-06-01,Gulod,28.347988,81.80269,336.5,0.0,25.704545454545453,1.3563821301227663,0.19277344689190481,0.0,0.0,3,59.63867234459524,47.38254563296236,37.5,0.6328332501916452
2024-06-01,Mamatid,28.347988,81.80269,336.5,0.0,0.0,2.737382913337034,0.19277344689190481,0.0,0.0,3,59.63867234459524,44.73812136919887,37.5,0.5826472907550326
2024-06-01,Marinig,28.347988,81.80269,336.5,0.0,39.41025641025641,1.4418404273364855,0.19277344689190481,0.0,0.0,3,59.63867234459524,53.154293698347004,37.5,0.7423696503287021
2024-06-01,Niugan,28.347988,81.80269,336.5,0.0,0.8148148148148148,2.4650737148959463,0.19277344689190481,0.0,0.0,9,59.63867234459524,43.609017688711816,52.5,0.7320213865964809
2024-06-01,Pittland,28.347988,81.80269,336.5,0.0,0.0,3.7682721889420843,0.19277344689190481,0.0,0.0,2,59.63867234459524,50.209537572254334,35.0,0.6580169412319171
2024-06-01,Pulo,28.347988,81.80269,336.5,0.0,0.0,2.852336974417577,0.19277344689190481,0.0,0.0,7,59.63867234459524,45.3482368561739,47.5,0.7080942518370392
2024-06-01,Sala,28.347988,81.80269,336.5,0.0,0.0,0.0,0.19277344689190481,0.0,0.0,0,59.63867234459524,30.209537572254334,30.0,0.2215222823153703
2024-06-01,San Isidro,28.347988,81.80269,336.5,0.0,0.0,2.7968569266796113,0.19277344689190481,0.0,0.0,3,59.63867234459524,45.05377804345453,37.5,0.5886378321621611
2024-07-01,Baclaran,27.413712,83.75912,454.3,0.0,1.5625,2.087026609107852,0.2210380739980326,0.0,0.0,2,61.05190369990163,45.54047664465893,35.0,0.5586792311269961
2024-07-01,Banay-Banay,27.413712,83.75912,454.3,0.0,0.0,2.4211972626772793,0.2210380739980326,0.0,0.0,5,61.05190369990163,46.707786534467225,42.5,0.6662336005759635
2024-07-01,Banlic,27.413712,83.75912,454.3,0.0,0.0,2.6008556728009826,0.2210380739980326,0.0,0.0,9,61.05190369990163,47.66131855718526,52.5,0.7981979305116851
2024-07-01,Barangay Dos,27.413712,83.75912,454.3,0.0,0.0,2.2982314052060246,0.2210380739980326,0.0,0.0,16,61.05190369990163,46.055148660631595,70.0,0.9669852930101861
2024-07-01,Barangay Tres,27.413712,83.75912,454.3,0.0,0.0,2.8418320235998733,0.2210380739980326,0.0,0.0,1,61.05190369990163,48.94029384727195,32.5,0.5947340164251859
2024-07-01,Barangay Uno,27.413712,83.75912,454.3,0.0,0.0,2.4993259383410944,0.2210380739980326,0.0,0.0,0,61.05190369990163,47.12245231096332,30.0,0.5317679246977863
2024-07-01,Bigaa,27.413712,83.75912,454.3,0.0,0.0,2.6000714943959164,0.2210380739980326,0.0,0.0,3,61.05190369990163,47.65715655207657,37.5,0.6273166860225872
2024-07-01,Butong,27.413712,83.75912,454.3,0.0,64.42857142857143,0.624416743006025,0.2210380739980326,0.0,0.0,0,61.05190369990163,62.17142382190167,30.0,0.8173677371635195
2024-07-01,Casile,27.413712,83.75912,454.3,0.0,0.0,0.0,0.2210380739980326,0.0,0.0,4,61.05190369990163,33.85734929810074,40.0,0.3938905915850459
2024-07-01,Diezmo,27.413712,83.75912,454.3,0.0,0.0,0.0,0.2210380739980326,0.0,0.0,3,61.05190369990163,33.85734929810074,37.5,0.3654235486122277
2024-07-01,Gulod,27.413712,83.75912,454.3,0.0,25.704545454545453,1.3563821301227663,0.2210380739980326,0.0,0.0,3,61.05190369990163,51.03035735880877,37.5,0.6913333875700477
2024-07-01,Mamatid,27.413712,83.75912,454.3,0.0,0.0,2.737382913337034,0.2210380739980326,0.0,0.0,3,61.05190369990163,48.38593309504528,37.5,0.6411474281334354
2024-07-01,Marinig,27.413712,83.75912,454.3,0.0,39.41025641025641,1.4418404273364855,0.2210380739980326,0.0,0.0,3,61.05190369990163,56.802105424193414,37.5,0.8008697877071046
2024-07-01,Niugan,27.413712,83.75912,454.3,0.0,0.8148148148148148,2.4650737148959463,0.2210380739980326,0.0,0.0,9,61.05190369990163,47.256829414558226,52.5,0.7905215239748834
2024-07-01,Pittland,27.413712,83.75912,454.3,0.0,0.0,3.7682721889420843,0.2210380739980326,0.0,0.0,2,61.05190369990163,53.85734929810074,35.0,0.7165170786103197
2024-07-01,Pulo,27.413712,83.75912,454.3,0.0,0.0,2.852336974417577,0.2210380739980326,0.0,0.0,7,61.05190369990163,48.99604858202031,47.5,0.7665943892154418
2024-07-01,Sala,27.413712,83.75912,454.3,0.0,0.0,0.0,0.2210380739980326,0.0,0.0,0,61.05190369990163,33.85734929810074,30.0,0.2800224196937729
2024-07-01,San Isidro,27.413712,83.75912,454.3,0.0,0.0,2.7968569266796113,0.2210380739980326,0.0,0.0,3,61.05190369990163,48.70158976930094,37.5,0.6471379695405638
2024-08-01,Baclaran,27.84469,82.95524,274.7,0.0,1.5625,2.087026609107852,0.2493027011041604,0.0,0.0,2,62.46513505520802,39.97895723920888,35.0,0.44240441846171225
2024-08-01,Banay-Banay,27.84469,82.95524,274.7,0.0,0.0,2.4211972626772793,0.2493027011041604,0.0,0.0,5,62.46513505520802,41.14626712901718,42.5,0.5499587879106796
2024-08-01,Banlic,27.84469,82.95524,274.7,0.0,0.0,2.6008556728009826,0.2493027011041604,0.0,0.0,9,62.46513505520802,42.09979915173522,52.5,0.6819231178464011
2024-08-01,Barangay Dos,27.84469,82.95524,274.7,0.0,0.0,2.2982314052060246,0.2493027011041604,0.0,0.0,16,62.46513505520802,40.49362925518155,70.0,0.8507104803449024
2024-08-01,Barangay Tres,27.84469,82.95524,274.7,0.0,0.0,2.8418320235998733,0.2493027011041604,0.0,0.0,1,62.46513505520802,43.37877444182191,32.5,0.47845920375990203
2024-08-01,Barangay Uno,27.84469,82.95524,274.7,0.0,0.0,2.4993259383410944,0.2493027011041604,0.0,0.0,0,62.46513505520802,41.560932905513276,30.0,0.41549311203250255
2024-08-01,Bigaa,27.84469,82.95524,274.7,0.0,0.0,2.6000714943959164,0.2493027011041604,0.0,0.0,3,62.46513505520802,42.09563714662653,37.5,0.5110418733573033
2024-08-01,Butong,27.84469,82.95524,274.7,0.0,64.42857142857143,0.624416743006025,0.2493027011041604,0.0,0.0,0,62.46513505520802,56.60990441645163,30.0,0.7010929244982357
2024-08-01,Casile,27.84469,82.95524,274.7,0.0,0.0,0.0,0.2493027011041604,0.0,0.0,4,62.46513505520802,28.2958298926507,40.0,0.27761577891976214
2024-08-01,Diezmo,27.84469,82.95524,274.7,0.0,0.0,0.0,0.2493027011041604,0.0,0.0,3,62.46513505520802,28.2958298926507,37.5,0.24914873594694384
2024-08-01,Gulod,27.84469,82.95524,274.7,0.0,25.704545454545453,1.3563821301227663,0.2493027011041604,0.0,0.0,3,62.46513505520802,45.46883795335873,37.5,0.5750585749047639
2024-08-01,Mamatid,27.84469,82.95524,274.7,0.0,0.0,2.737382913337034,0.2493027011041604,0.0,0.0,3,62.46513505520802,42.82441368959524,37.5,0.5248726154681516
2024-08-01,Marinig,27.84469,82.95524,274.7,0.0,39.41025641025641,1.4418404273364855,0.2493027011041604,0.0,0.0,3,62.46513505520802,51.24058601874337,37.5,0.6845949750418208
2024-08-01,Niugan,27.84469,82.95524,274.7,0.0,0.8148148148148148,2.4650737148959463,0.2493027011041604,0.0,0.0,9,62.46513505520802,41.695310009108184,52.5,0.6742467113095995
2024-08-01,Pittland,27.84469,82.95524,274.7,0.0,0.0,3.7682721889420843,0.2493027011041604,0.0,0.0,2,62.46513505520802,48.2958298926507,35.0,0.6002422659450358
2024-08-01,Pulo,27.84469,82.95524,274.7,0.0,0.0,2.852336974417577,0.2493027011041604,0.0,0.0,7,62.46513505520802,43.434529176570265,47.5,0.6503195765501579
2024-08-01,Sala,27.84469,82.95524,274.7,0.0,0.0,0.0,0.2493027011041604,0.0,0.0,0,62.46513505520802,28.2958298926507,30.0,0.16374760702848903
2024-08-01,San Isidro,27.84469,82.95524,274.7,0.0,0.0,2.7968569266796113,0.2493027011041604,0.0,0.0,3,62.46513505520802,43.140070363850896,37.5,0.5308631568752799
2024-09-01,Baclaran,27.612776,83.8659,298.6,0.0,1.5625,2.087026609107852,0.2775673282102882,0.0,0.0,2,63.87836641051441,40.719048073230354,35.0,0.44572174545308685
2024-09-01,Banay-Banay,27.612776,83.8659,298.6,0.0,0.0,2.4211972626772793,0.2775673282102882,0.0,0.0,5,63.87836641051441,41.886357963038655,42.5,0.553276114902054
2024-09-01,Banlic,27.612776,83.8659,298.6,0.0,0.0,2.6008556728009826,0.2775673282102882,0.0,0.0,9,63.87836641051441,42.83988998575669,52.5,0.6852404448377755
2024-09-01,Barangay Dos,27.612776,83.8659,298.6,0.0,0.0,2.2982314052060246,0.2775673282102882,0.0,0.0,16,63.87836641051441,41.233720089203025,70.0,0.8540278073362767
2024-09-01,Barangay Tres,27.612776,83.8659,298.6,0.0,0.0,2.8418320235998733,0.2775673282102882,0.0,0.0,1,63.87836641051441,44.11886527584338,32.5,0.48177653075127636
2024-09-01,Barangay Uno,27.612776,83.8659,298.6,0.0,0.0,2.4993259383410944,0.2775673282102882,0.0,0.0,0,63.87836641051441,42.30102373953475,30.0,0.4188104390238769
2024-09-01,Bigaa,27.612776,83.8659,298.6,0.0,0.0,2.6000714943959164,0.2775673282102882,0.0,0.0,3,63.87836641051441,42.835727980648,37.5,0.5143592003486779
2024-09-01,Butong,27.612776,83.8659,298.6,0.0,64.42857142857143,0.624416743006025,0.2775673282102882,0.0,0.0,0,63.87836641051441,57.3499952504731,30.0,0.7044102514896103
2024-09-01,Casile,27.612776,83.8659,298.6,0.0,0.0,0.0,0.2775673282102882,0.0,0.0,4,63.87836641051441,29.035920726672174,40.0,0.28093310591113674
2024-09-01,Diezmo,27.612776,83.8659,298.6,0.0,0.0,0.0,0.2775673282102882,0.0,0.0,3,63.87836641051441,29.035920726672174,37.5,0.2524660629383184
2024-09-01,Gulod,27.612776,83.8659,298.6,0.0,25.704545454545453,1.3563821301227663,0.2775673282102882,0.0,0.0,3,63.87836641051441,46.2089287873802,37.5,0.5783759018961384
2024-09-01,Mamatid,27.612776,83.8659,298.6,0.0,0.0,2.737382913337034,0.2775673282102882,0.0,0.0,3,63.87836641051441,43.56450452361671,37.5,0.5281899424595259
2024-09-01,Marinig,27.612776,83.8659,298.6,0.0,39.41025641025641,1.4418404273364855,0.2775673282102882,0.0,0.0,3,63.87836641051441,51.980676852764844,37.5,0.6879123020331953
2024-09-01,Niugan,27.612776,83.8659,298.6,0.0,0.8148148148148148,2.4650737148959463,0.2775673282102882,0.0,0.0,9,63.87836641051441,42.435400843129656,52.5,0.6775640383009741
2024-09-01,Pittland,27.612776,83.8659,298.6,0.0,0.0,3.7682721889420843,0.2775673282102882,0.0,0.0,2,63.87836641051441,49.035920726672174,35.0,0.6035595929364105
2024-09-01,Pulo,27.612776,83.8659,298.6,0.0,0.0,2.852336974417577,0.2775673282102882,0.0,0.0,7,63.87836641051441,44.17462001059174,47.5,0.6536369035415325
2024-09-01,Sala,27.612776,83.8659,298.6,0.0,0.0,0.0,0.2775673282102882,0.0,0.0,0,63.87836641051441,29.035920726672174,30.0,0.1670649340198635
2024-09-01,San Isidro,27.612776,83.8659,298.6,0.0,0.0,2.7968569266796113,0.2775673282102882,0.0,0.0,3,63.87836641051441,43.88016119787237,37.5,0.5341804838666545
2024-10-01,Baclaran,27.486223,82.59149,308.7,0.0,1.5625,2.087026609107852,0.2550064221127153,0.0,0.0,2,62.75032110563576,41.03180612442772,35.0,0.46022050715391133
2024-10-01,Banay-Banay,27.486223,82.59149,308.7,0.0,0.0,2.4211972626772793,0.2550064221127153,0.0,0.0,5,62.75032110563576,42.19911601423601,42.5,0.5677748766028784
2024-10-01,Banlic,27.486223,82.59149,308.7,0.0,0.0,2.6008556728009826,0.2550064221127153,0.0,0.0,9,62.75032110563576,43.15264803695405,52.5,0.6997392065386001
2024-10-01,Barangay Dos,27.486223,82.59149,308.7,0.0,0.0,2.2982314052060246,0.2550064221127153,0.0,0.0,16,62.75032110563576,41.54647814040038,70.0,0.868526569037101
2024-10-01,Barangay Tres,27.486223,82.59149,308.7,0.0,0.0,2.8418320235998733,0.2550064221127153,0.0,0.0,1,62.75032110563576,44.43162332704074,32.5,0.49627529245210084
2024-10-01,Barangay Uno,27.486223,82.59149,308.7,0.0,0.0,2.4993259383410944,0.2550064221127153,0.0,0.0,0,62.75032110563576,42.613781790732105,30.0,0.4333092007247013
2024-10-01,Bigaa,27.486223,82.59149,308.7,0.0,0.0,2.6000714943959164,0.2550064221127153,0.0,0.0,3,62.75032110563576,43.14848603184536,37.5,0.5288579620495021
2024-10-01,Butong,27.486223,82.59149,308.7,0.0,64.42857142857143,0.624416743006025,0.2550064221127153,0.0,0.0,0,62.75032110563576,57.662753301670456,30.0,0.7189090131904345
2024-10-01,Casile,27.486223,82.59149,308.7,0.0,0.0,0.0,0.2550064221127153,0.0,0.0,4,62.75032110563576,29.34867877786953,40.0,0.2954318676119609
2024-10-01,Diezmo,27.486223,82.59149,308.7,0.0,0.0,0.0,0.2550064221127153,0.0,0.0,3,62.75032110563576,29.34867877786953,37.5,0.2669648246391426
2024-10-01,Gulod,27.486223,82.59149,308.7,0.0,25.704545454545453,1.3563821301227663,0.2550064221127153,0.0,0.0,3,62.75032110563576,46.52168683857756,37.5,0.5928746635969626
2024-10-01,Mamatid,27.486223,82.59149,308.7,0.0,0.0,2.737382913337034,0.2550064221127153,0.0,0.0,3,62.75032110563576,43.87726257481407,37.5,0.5426887041603504
2024-10-01,Marinig,27.486223,82.59149,308.7,0.0,39.41025641025641,1.4418404273364855,0.2550064221127153,0.0,0.0,3,62.75032110563576,52.2934349039622,37.5,0.70241106373402
2024-10-01,Niugan,27.486223,82.59149,308.7,0.0,0.8148148148148148,2.4650737148959463,0.2550064221127153,0.0,0.0,9,62.75032110563576,42.74815889432701,52.5,0.6920628000017985
2024-10-01,Pittland,27.486223,82.59149,308.7,0.0,0.0,3.7682721889420843,0.2550064221127153,0.0,0.0,2,62.75032110563576,49.34867877786953,35.0,0.6180583546372349
2024-10-01,Pulo,27.486223,82.59149,308.7,0.0,0.0,2.852336974417577,0.2550064221127153,0.0,0.0,7,62.75032110563576,44.487378061789094,47.5,0.6681356652423567
2024-10-01,Sala,27.486223,82.59149,308.7,0.0,0.0,0.0,0.2550064221127153,0.0,0.0,0,62.75032110563576,29.34867877786953,30.0,0.18156369572068795
2024-10-01,San Isidro,27.486223,82.59149,308.7,0.0,0.0,2.7968569266796113,0.2550064221127153,0.0,0.0,3,62.75032110563576,44.192919249069725,37.5,0.5486792455674787
2024-11-01,Baclaran,27.472569,81.52343,72.8,0.0,1.5625,2.087026609107852,0.23429915960391318,0.0,0.0,2,61.71495798019566,33.726892829630025,35.0,0.3294473137925997
2024-11-01,Banay-Banay,27.472569,81.52343,72.8,0.0,0.0,2.4211972626772793,0.23429915960391318,0.0,0.0,5,61.71495798019566,34.894202719438326,42.5,0.4370016832415668
2024-11-01,Banlic,27.472569,81.52343,72.8,0.0,0.0,2.6008556728009826,0.23429915960391318,0.0,0.0,9,61.71495798019566,35.84773474215636,52.5,0.5689660131772883
2024-11-01,Barangay Dos,27.472569,81.52343,72.8,0.0,0.0,2.2982314052060246,0.23429915960391318,0.0,0.0,16,61.71495798019566,34.241564845602696,70.0,0.7377533756757892
2024-11-01,Barangay Tres,27.472569,81.52343,72.8,0.0,0.0,2.8418320235998733,0.23429915960391318,0.0,0.0,1,61.71495798019566,37.126710032243054,32.5,0.3655020990907892
2024-11-01,Barangay Uno,27.472569,81.52343,72.8,0.0,0.0,2.4993259383410944,0.23429915960391318,0.0,0.0,0,61.71495798019566,35.30886849593442,30.0,0.30253600736338965
2024-11-01,Bigaa,27.472569,81.52343,72.8,0.0,0.0,2.6000714943959164,0.23429915960391318,0.0,0.0,3,61.71495798019566,35.84357273704767,37.5,0.3980847686881907
2024-11-01,Butong,27.472569,81.52343,72.8,0.0,64.42857142857143,0.624416743006025,0.23429915960391318,0.0,0.0,0,61.71495798019566,50.35784000687277,30.0,0.5881358198291231
2024-11-01,Casile,27.472569,81.52343,72.8,0.0,0.0,0.0,0.23429915960391318,0.0,0.0,4,61.71495798019566,22.04376548307184,40.0,0.1646586742506492
2024-11-01,Diezmo,27.472569,81.52343,72.8,0.0,0.0,0.0,0.23429915960391318,0.0,0.0,3,61.71495798019566,22.04376548307184,37.5,0.13619163127783096
2024-11-01,Gulod,27.472569,81.52343,72.8,0.0,25.704545454545453,1.3563821301227663,0.23429915960391318,0.0,0.0,3,61.71495798019566,39.21677354377987,37.5,0.4621014702356512
2024-11-01,Mamatid,27.472569,81.52343,72.8,0.0,0.0,2.737382913337034,0.23429915960391318,0.0,0.0,3,61.71495798019566,36.57234928001638,37.5,0.41191551079903876
2024-11-01,Marinig,27.472569,81.52343,72.8,0.0,39.41025641025641,1.4418404273364855,0.23429915960391318,0.0,0.0,3,61.71495798019566,44.988521609164515,37.5,0.5716378703727079
2024-11-01,Niugan,27.472569,81.52343,72.8,0.0,0.8148148148148148,2.4650737148959463,0.23429915960391318,0.0,0.0,9,61.71495798019566,35.44324559952933,52.5,0.5612896066404867
2024-11-01,Pittland,27.472569,81.52343,72.8,0.0,0.0,3.7682721889420843,0.23429915960391318,0.0,0.0,2,61.71495798019566,42.043765483071844,35.0,0.4872851612759233
2024-11-01,Pulo,27.472569,81.52343,72.8,0.0,0.0,2.852336974417577,0.23429915960391318,0.0,0.0,7,61.71495798019566,37.18246476699141,47.5,0.5373624718810452
2024-11-01,Sala,27.472569,81.52343,72.8,0.0,0.0,0.0,0.23429915960391318,0.0,0.0,0,61.71495798019566,22.04376548307184,30.0,0.05079050235937615
2024-11-01,San Isidro,27.472569,81.52343,72.8,0.0,0.0,2.7968569266796113,0.23429915960391318,0.0,0.0,3,61.71495798019566,36.88800595427204,37.5,0.4179060522061673
2024-12-01,Baclaran,26.175808,84.78214,179.5,0.0,1.5625,2.087026609107852,0.21359189709511106,0.0,0.0,2,60.67959485475556,37.03098036059617,35.0,0.40001204203507695
2024-12-01,Banay-Banay,26.175808,84.78214,179.5,0.0,0.0,2.4211972626772793,0.21359189709511106,0.0,0.0,5,60.67959485475556,38.19829025040447,42.5,0.5075664114840444
2024-12-01,Banlic,26.175808,84.78214,179.5,0.0,0.0,2.6008556728009826,0.21359189709511106,0.0,0.0,9,60.67959485475556,39.151822273122505,52.5,0.6395307414197658
2024-12-01,Barangay Dos,26.175808,84.78214,179.5,0.0,0.0,2.2982314052060246,0.21359189709511106,0.0,0.0,16,60.67959485475556,37.54565237656884,70.0,0.808318103918267
2024-12-01,Barangay Tres,26.175808,84.78214,179.5,0.0,0.0,2.8418320235998733,0.21359189709511106,0.0,0.0,1,60.67959485475556,40.4307975632092,32.5,0.43606682733326674
2024-12-01,Barangay Uno,26.175808,84.78214,179.5,0.0,0.0,2.4993259383410944,0.21359189709511106,0.0,0.0,0,60.67959485475556,38.61295602690056,30.0,0.3731007356058672
2024-12-01,Bigaa,26.175808,84.78214,179.5,0.0,0.0,2.6000714943959164,0.21359189709511106,0.0,0.0,3,60.67959485475556,39.147660268013816,37.5,0.46864949693066804
2024-12-01,Butong,26.175808,84.78214,179.5,0.0,64.42857142857143,0.624416743006025,0.21359189709511106,0.0,0.0,0,60.67959485475556,53.66192753783891,30.0,0.6587005480716006
2024-12-01,Casile,26.175808,84.78214,179.5,0.0,0.0,0.0,0.21359189709511106,0.0,0.0,4,60.67959485475556,25.347853014037984,40.0,0.23522340249312682
2024-12-01,Diezmo,26.175808,84.78214,179.5,0.0,0.0,0.0,0.21359189709511106,0.0,0.0,3,60.67959485475556,25.347853014037984,37.5,0.20675635952030855
2024-12-01,Gulod,26.175808,84.78214,179.5,0.0,25.704545454545453,1.3563821301227663,0.21359189709511106,0.0,0.0,3,60.67959485475556,42.520861074746016,37.5,0.5326661984781288
2024-12-01,Mamatid,26.175808,84.78214,179.5,0.0,0.0,2.737382913337034,0.21359189709511106,0.0,0.0,3,60.67959485475556,39.876436810982526,37.5,0.4824802390415163
2024-12-01,Marinig,26.175808,84.78214,179.5,0.0,39.41025641025641,1.4418404273364855,0.21359189709511106,0.0,0.0,3,60.67959485475556,48.29260914013066,37.5,0.6422025986151855
2024-12-01,Niugan,26.175808,84.78214,179.5,0.0,0.8148148148148148,2.4650737148959463,0.21359189709511106,0.0,0.0,9,60.67959485475556,38.74733313049547,52.5,0.6318543348829643
2024-12-01,Pittland,26.175808,84.78214,179.5,0.0,0.0,3.7682721889420843,0.21359189709511106,0.0,0.0,2,60.67959485475556,45.34785301403799,35.0,0.5578498895184005
2024-12-01,Pulo,26.175808,84.78214,179.5,0.0,0.0,2.852336974417577,0.21359189709511106,0.0,0.0,7,60.67959485475556,40.48655229795755,47.5,0.6079272001235229
2024-12-01,Sala,26.175808,84.78214,179.5,0.0,0.0,0.0,0.21359189709511106,0.0,0.0,0,60.67959485475556,25.347853014037984,30.0,0.12135523060185373
2024-12-01,San Isidro,26.175808,84.78214,179.5,0.0,0.0,2.7968569266796113,0.21359189709511106,0.0,0.0,3,60.67959485475556,40.19209348523818,37.5,0.4884707804486446
2025-01-01,Baclaran,25.575472,82.77179,51.7,0.0,1.5625,2.087026609107852,0.21419398549262433,0.0,0.0,2,60.70969927463121,33.07350719792069,35.0,0.3246784739608326
2025-01-01,Banay-Banay,25.575472,82.77179,51.7,0.0,0.0,2.4211972626772793,0.21419398549262433,0.0,0.0,5,60.70969927463121,34.24081708772899,42.5,0.4322328434097997
2025-01-01,Banlic,25.575472,82.77179,51.7,0.0,0.0,2.6008556728009826,0.21419398549262433,0.0,0.0,9,60.70969927463121,35.19434911044703,52.5,0.5641971733455216
2025-01-01,Barangay Dos,25.575472,82.77179,51.7,0.0,0.0,2.2982314052060246,0.21419398549262433,0.0,0.0,16,60.70969927463121,33.58817921389336,70.0,0.7329845358440226
2025-01-01,Barangay Tres,25.575472,82.77179,51.7,0.0,0.0,2.8418320235998733,0.21419398549262433,0.0,0.0,1,60.70969927463121,36.47332440053372,32.5,0.3607332592590221
2025-01-01,Barangay Uno,25.575472,82.77179,51.7,0.0,0.0,2.4993259383410944,0.21419398549262433,0.0,0.0,0,60.70969927463121,34.655482864225085,30.0,0.2977671675316226
2025-01-01,Bigaa,25.575472,82.77179,51.7,0.0,0.0,2.6000714943959164,0.21419398549262433,0.0,0.0,3,60.70969927463121,35.19018710533834,37.5,0.39331592885642364
2025-01-01,Butong,25.575472,82.77179,51.7,0.0,64.42857142857143,0.624416743006025,0.21419398549262433,0.0,0.0,0,60.70969927463121,49.70445437516344,30.0,0.583366979997356
2025-01-01,Casile,25.575472,82.77179,51.7,0.0,0.0,0.0,0.21419398549262433,0.0,0.0,4,60.70969927463121,21.39037985136251,40.0,0.15988983441888246
2025-01-01,Diezmo,25.575472,82.77179,51.7,0.0,0.0,0.0,0.21419398549262433,0.0,0.0,3,60.70969927463121,21.39037985136251,37.5,0.13142279144606417
2025-01-01,Gulod,25.575472,82.77179,51.7,0.0,25.704545454545453,1.3563821301227663,0.21419398549262433,0.0,0.0,3,60.70969927463121,38.56338791207054,37.5,0.45733263040388417
2025-01-01,Mamatid,25.575472,82.77179,51.7,0.0,0.0,2.737382913337034,0.21419398549262433,0.0,0.0,3,60.70969927463121,35.91896364830705,37.5,0.40714667096727164
2025-01-01,Marinig,25.575472,82.77179,51.7,0.0,39.41025641025641,1.4418404273364855,0.21419398549262433,0.0,0.0,3,60.70969927463121,44.33513597745518,37.5,0.5668690305409411
2025-01-01,Niugan,25.575472,82.77179,51.7,0.0,0.8148148148148148,2.4650737148959463,0.21419398549262433,0.0,0.0,9,60.70969927463121,34.78985996781999,52.5,0.5565207668087199
2025-01-01,Pittland,25.575472,82.77179,51.7,0.0,0.0,3.7682721889420843,0.21419398549262433,0.0,0.0,2,60.70969927463121,41.39037985136251,35.0,0.4825163214441562
2025-01-01,Pulo,25.575472,82.77179,51.7,0.0,0.0,2.852336974417577,0.21419398549262433,0.0,0.0,7,60.70969927463121,36.529079135282075,47.5,0.5325936320492782
2025-01-01,Sala,25.575472,82.77179,51.7,0.0,0.0,0.0,0.21419398549262433,0.0,0.0,0,60.70969927463121,21.39037985136251,30.0,0.046021662527609364
2025-01-01,San Isidro,25.575472,82.77179,51.7,0.0,0.0,2.7968569266796113,0.21419398549262433,0.0,0.0,3,60.70969927463121,36.234620322562705,37.5,0.41313721237440026
2025-02-01,Baclaran,25.650894,82.36515,89.6,0.0,1.5625,2.087026609107852,0.20826848997734446,0.0,0.0,2,60.413424498867215,34.24712404350286,35.0,0.3492004925516228
2025-02-01,Banay-Banay,25.650894,82.36515,89.6,0.0,0.0,2.4211972626772793,0.20826848997734446,0.0,0.0,5,60.413424498867215,35.41443393331115,42.5,0.4567548620005899
2025-02-01,Banlic,25.650894,82.36515,89.6,0.0,0.0,2.6008556728009826,0.20826848997734446,0.0,0.0,9,60.413424498867215,36.36796595602919,52.5,0.5887191919363117
2025-02-01,Barangay Dos,25.650894,82.36515,89.6,0.0,0.0,2.2982314052060246,0.20826848997734446,0.0,0.0,16,60.413424498867215,34.76179605947552,70.0,0.7575065544348127
2025-02-01,Barangay Tres,25.650894,82.36515,89.6,0.0,0.0,2.8418320235998733,0.20826848997734446,0.0,0.0,1,60.413424498867215,37.64694124611588,32.5,0.3852552778498123
2025-02-01,Barangay Uno,25.650894,82.36515,89.6,0.0,0.0,2.4993259383410944,0.20826848997734446,0.0,0.0,0,60.413424498867215,35.829099709807245,30.0,0.32228918612241275
2025-02-01,Bigaa,25.650894,82.36515,89.6,0.0,0.0,2.6000714943959164,0.20826848997734446,0.0,0.0,3,60.413424498867215,36.3638039509205,37.5,0.4178379474472138
2025-02-01,Butong,25.650894,82.36515,89.6,0.0,64.42857142857143,0.624416743006025,0.20826848997734446,0.0,0.0,0,60.413424498867215,50.878071220745596,30.0,0.6078889985881462
2025-02-01,Casile,25.650894,82.36515,89.6,0.0,0.0,0.0,0.20826848997734446,0.0,0.0,4,60.413424498867215,22.563996696944674,40.0,0.18441185300967247
2025-02-01,Diezmo,25.650894,82.36515,89.6,0.0,0.0,0.0,0.20826848997734446,0.0,0.0,3,60.413424498867215,22.563996696944674,37.5,0.1559448100368542
2025-02-01,Gulod,25.650894,82.36515,89.6,0.0,25.704545454545453,1.3563821301227663,0.20826848997734446,0.0,0.0,3,60.413424498867215,39.7370047576527,37.5,0.48185464899467434
2025-02-01,Mamatid,25.650894,82.36515,89.6,0.0,0.0,2.737382913337034,0.20826848997734446,0.0,0.0,3,60.413424498867215,37.09258049388921,37.5,0.4316686895580618
2025-02-01,Marinig,25.650894,82.36515,89.6,0.0,39.41025641025641,1.4418404273364855,0.20826848997734446,0.0,0.0,3,60.413424498867215,45.50875282303734,37.5,0.5913910491317312
2025-02-01,Niugan,25.650894,82.36515,89.6,0.0,0.8148148148148148,2.4650737148959463,0.20826848997734446,0.0,0.0,9,60.413424498867215,35.96347681340215,52.5,0.58104278539951
2025-02-01,Pittland,25.650894,82.36515,89.6,0.0,0.0,3.7682721889420843,0.20826848997734446,0.0,0.0,2,60.413424498867215,42.56399669694467,35.0,0.5070383400349464
2025-02-01,Pulo,25.650894,82.36515,89.6,0.0,0.0,2.852336974417577,0.20826848997734446,0.0,0.0,7,60.413424498867215,37.702695980864235,47.5,0.5571156506400684
2025-02-01,Sala,25.650894,82.36515,89.6,0.0,0.0,0.0,0.20826848997734446,0.0,0.0,0,60.413424498867215,22.563996696944674,30.0,0.0705436811183994
2025-02-01,San Isidro,25.650894,82.36515,89.6,0.0,0.0,2.7968569266796113,0.20826848997734446,0.0,0.0,3,60.413424498867215,37.408237168144865,37.5,0.43765923096519044
2025-03-01,Baclaran,26.591867,80.77585,48.5,0.0,1.5625,2.087026609107852,0.20234299446206455,0.0,0.0,2,60.117149723103225,32.974415538135396,35.0,0.32729607854842757
2025-03-01,Banay-Banay,26.591867,80.77585,48.5,0.0,0.0,2.4211972626772793,0.20234299446206455,0.0,0.0,5,60.117149723103225,34.14172542794369,42.5,0.434850447997395
2025-03-01,Banlic,26.591867,80.77585,48.5,0.0,0.0,2.6008556728009826,0.20234299446206455,0.0,0.0,9,60.117149723103225,35.09525745066173,52.5,0.5668147779331165
2025-03-01,Barangay Dos,26.591867,80.77585,48.5,0.0,0.0,2.2982314052060246,0.20234299446206455,0.0,0.0,16,60.117149723103225,33.48908755410806,70.0,0.7356021404316175
2025-03-01,Barangay Tres,26.591867,80.77585,48.5,0.0,0.0,2.8418320235998733,0.20234299446206455,0.0,0.0,1,60.117149723103225,36.37423274074842,32.5,0.3633508638466174
2025-03-01,Barangay Uno,26.591867,80.77585,48.5,0.0,0.0,2.4993259383410944,0.20234299446206455,0.0,0.0,0,60.117149723103225,34.556391204439784,30.0,0.3003847721192179
2025-03-01,Bigaa,26.591867,80.77585,48.5,0.0,0.0,2.6000714943959164,0.20234299446206455,0.0,0.0,3,60.117149723103225,35.09109544555304,37.5,0.3959335334440187
2025-03-01,Butong,26.591867,80.77585,48.5,0.0,64.42857142857143,0.624416743006025,0.20234299446206455,0.0,0.0,0,60.117149723103225,49.605362715378135,30.0,0.5859845845849511
2025-03-01,Casile,26.591867,80.77585,48.5,0.0,0.0,0.0,0.20234299446206455,0.0,0.0,4,60.117149723103225,21.29128819157721,40.0,0.16250743900647746
2025-03-01,Diezmo,26.591867,80.77585,48.5,0.0,0.0,0.0,0.20234299446206455,0.0,0.0,3,60.117149723103225,21.29128819157721,37.5,0.1340403960336592
2025-03-01,Gulod,26.591867,80.77585,48.5,0.0,25.704545454545453,1.3563821301227663,0.20234299446206455,0.0,0.0,3,60.117149723103225,38.46429625228524,37.5,0.4599502349914792
2025-03-01,Mamatid,26.591867,80.77585,48.5,0.0,0.0,2.737382913337034,0.20234299446206455,0.0,0.0,3,60.117149723103225,35.81987198852175,37.5,0.40976427555486694
2025-03-01,Marinig,26.591867,80.77585,48.5,0.0,39.41025641025641,1.4418404273364855,0.20234299446206455,0.0,0.0,3,60.117149723103225,44.23604431766988,37.5,0.569486635128536
2025-03-01,Niugan,26.591867,80.77585,48.5,0.0,0.8148148148148148,2.4650737148959463,0.20234299446206455,0.0,0.0,9,60.117149723103225,34.69076830803469,52.5,0.559138371396315
2025-03-01,Pittland,26.591867,80.77585,48.5,0.0,0.0,3.7682721889420843,0.20234299446206455,0.0,0.0,2,60.117149723103225,41.29128819157721,35.0,0.4851339260317512
2025-03-01,Pulo,26.591867,80.77585,48.5,0.0,0.0,2.852336974417577,0.20234299446206455,0.0,0.0,7,60.117149723103225,36.42998747549677,47.5,0.5352112366368732
2025-03-01,Sala,26.591867,80.77585,48.5,0.0,0.0,0.0,0.20234299446206455,0.0,0.0,0,60.117149723103225,21.29128819157721,30.0,0.04863926711520437
2025-03-01,San Isidro,26.591867,80.77585,48.5,0.0,0.0,2.7968569266796113,0.20234299446206455,0.0,0.0,3,60.117149723103225,36.1355286627774,37.5,0.41575481696199523
2025-04-01,Baclaran,28.59625,76.25406,22.4,0.0,1.5625,2.087026609107852,0.19641749894678467,0.0,0.0,2,59.820874947339234,32.166199188011525,35.0,0.3142068099744702
2025-04-01,Banay-Banay,28.59625,76.25406,22.4,0.0,0.0,2.4211972626772793,0.19641749894678467,0.0,0.0,5,59.820874947339234,33.333509077819826,42.5,0.42176117942343727
2025-04-01,Banlic,28.59625,76.25406,22.4,0.0,0.0,2.6008556728009826,0.19641749894678467,0.0,0.0,9,59.820874947339234,34.28704110053786,52.5,0.5537255093591589
2025-04-01,Barangay Dos,28.59625,76.25406,22.4,0.0,0.0,2.2982314052060246,0.19641749894678467,0.0,0.0,16,59.820874947339234,32.680871203984196,70.0,0.7225128718576599
2025-04-01,Barangay Tres,28.59625,76.25406,22.4,0.0,0.0,2.8418320235998733,0.19641749894678467,0.0,0.0,1,59.820874947339234,35.566016390624554,32.5,0.35026159527265965
2025-04-01,Barangay Uno,28.59625,76.25406,22.4,0.0,0.0,2.4993259383410944,0.19641749894678467,0.0,0.0,0,59.820874947339234,33.74817485431592,30.0,0.2872955035452602
2025-04-01,Bigaa,28.59625,76.25406,22.4,0.0,0.0,2.6000714943959164,0.19641749894678467,0.0,0.0,3,59.820874947339234,34.28287909542917,37.5,0.3828442648700613
2025-04-01,Butong,28.59625,76.25406,22.4,0.0,64.42857142857143,0.624416743006025,0.19641749894678467,0.0,0.0,0,59.820874947339234,48.79714636525427,30.0,0.5728953160109934
2025-04-01,Casile,28.59625,76.25406,22.4,0.0,0.0,0.0,0.19641749894678467,0.0,0.0,4,59.820874947339234,20.483071841453345,40.0,0.14941817043252006
2025-04-01,Diezmo,28.59625,76.25406,22.4,0.0,0.0,0.0,0.19641749894678467,0.0,0.0,3,59.820874947339234,20.483071841453345,37.5,0.12095112745970178
2025-04-01,Gulod,28.59625,76.25406,22.4,0.0,25.704545454545453,1.3563821301227663,0.19641749894678467,0.0,0.0,3,59.820874947339234,37.65607990216137,37.5,0.4468609664175218
2025-04-01,Mamatid,28.59625,76.25406,22.4,0.0,0.0,2.737382913337034,0.19641749894678467,0.0,0.0,3,59.820874947339234,35.01165563839788,37.5,0.39667500698090935
2025-04-01,Marinig,28.59625,76.25406,22.4,0.0,39.41025641025641,1.4418404273364855,0.19641749894678467,0.0,0.0,3,59.820874947339234,43.427827967546015,37.5,0.5563973665545787
2025-04-01,Niugan,28.59625,76.25406,22.4,0.0,0.8148148148148148,2.4650737148959463,0.19641749894678467,0.0,0.0,9,59.820874947339234,33.88255195791083,52.5,0.5460491028223575
2025-04-01,Pittland,28.59625,76.25406,22.4,0.0,0.0,3.7682721889420843,0.19641749894678467,0.0,0.0,2,59.820874947339234,40.483071841453345,35.0,0.4720446574577938
2025-04-01,Pulo,28.59625,76.25406,22.4,0.0,0.0,2.852336974417577,0.19641749894678467,0.0,0.0,7,59.820874947339234,35.62177112537291,47.5,0.5221219680629156
2025-04-01,Sala,28.59625,76.25406,22.4,0.0,0.0,0.0,0.19641749894678467,0.0,0.0,0,59.820874947339234,20.483071841453345,30.0,0.03554999854124697
2025-04-01,San Isidro,28.59625,76.25406,22.4,0.0,0.0,2.7968569266796113,0.19641749894678467,0.0,0.0,3,59.820874947339234,35.32731231265354,37.5,0.40266554838803786
2025-05-01,Baclaran,28.539448,78.25761,167.5,0.0,1.5625,2.087026609107852,0.1904920034315048,0.0,0.0,2,59.52460017157524,36.65938663640129,35.0,0.4017277345662125
2025-05-01,Banay-Banay,28.539448,78.25761,167.5,0.0,0.0,2.4211972626772793,0.1904920034315048,0.0,0.0,5,59.52460017157524,37.82669652620959,42.5,0.5092821040151797
2025-05-01,Banlic,28.539448,78.25761,167.5,0.0,0.0,2.6008556728009826,0.1904920034315048,0.0,0.0,9,59.52460017157524,38.780228548927624,52.5,0.6412464339509012
2025-05-01,Barangay Dos,28.539448,78.25761,167.5,0.0,0.0,2.2982314052060246,0.1904920034315048,0.0,0.0,16,59.52460017157524,37.17405865237396,70.0,0.8100337964494022
2025-05-01,Barangay Tres,28.539448,78.25761,167.5,0.0,0.0,2.8418320235998733,0.1904920034315048,0.0,0.0,1,59.52460017157524,40.059203839014316,32.5,0.4377825198644021
2025-05-01,Barangay Uno,28.539448,78.25761,167.5,0.0,0.0,2.4993259383410944,0.1904920034315048,0.0,0.0,0,59.52460017157524,38.24136230270568,30.0,0.37481642813700256
2025-05-01,Bigaa,28.539448,78.25761,167.5,0.0,0.0,2.6000714943959164,0.1904920034315048,0.0,0.0,3,59.52460017157524,38.776066543818935,37.5,0.47036518946180356
2025-05-01,Butong,28.539448,78.25761,167.5,0.0,64.42857142857143,0.624416743006025,0.1904920034315048,0.0,0.0,0,59.52460017157524,53.29033381364403,30.0,0.6604162406027357
2025-05-01,Casile,28.539448,78.25761,167.5,0.0,0.0,0.0,0.1904920034315048,0.0,0.0,4,59.52460017157524,24.976259289843103,40.0,0.23693909502426214
2025-05-01,Diezmo,28.539448,78.25761,167.5,0.0,0.0,0.0,0.1904920034315048,0.0,0.0,3,59.52460017157524,24.976259289843103,37.5,0.20847205205144387
2025-05-01,Gulod,28.539448,78.25761,167.5,0.0,25.704545454545453,1.3563821301227663,0.1904920034315048,0.0,0.0,3,59.52460017157524,42.149267350551135,37.5,0.5343818910092639
2025-05-01,Mamatid,28.539448,78.25761,167.5,0.0,0.0,2.737382913337034,0.1904920034315048,0.0,0.0,3,59.52460017157524,39.504843086787645,37.5,0.4841959315726516
2025-05-01,Marinig,28.539448,78.25761,167.5,0.0,39.41025641025641,1.4418404273364855,0.1904920034315048,0.0,0.0,3,59.52460017157524,47.92101541593578,37.5,0.643918291146321
2025-05-01,Niugan,28.539448,78.25761,167.5,0.0,0.8148148148148148,2.4650737148959463,0.1904920034315048,0.0,0.0,9,59.52460017157524,38.37573940630059,52.5,0.6335700274140998
2025-05-01,Pittland,28.539448,78.25761,167.5,0.0,0.0,3.7682721889420843,0.1904920034315048,0.0,0.0,2,59.52460017157524,44.97625928984311,35.0,0.5595655820495361
2025-05-01,Pulo,28.539448,78.25761,167.5,0.0,0.0,2.852336974417577,0.1904920034315048,0.0,0.0,7,59.52460017157524,40.11495857376267,47.5,0.6096428926546579
2025-05-01,Sala,28.539448,78.25761,167.5,0.0,0.0,0.0,0.1904920034315048,0.0,0.0,0,59.52460017157524,24.976259289843103,30.0,0.12307092313298904
2025-05-01,San Isidro,28.539448,78.25761,167.5,0.0,0.0,2.7968569266796113,0.1904920034315048,0.0,0.0,3,59.52460017157524,39.8204997610433,37.5,0.4901864729797802
2025-06-01,Baclaran,27.540487,83.076035,368.7,0.0,1.5625,2.087026609107852,0.24960413311681715,0.0,0.0,2,62.48020665584085,42.889774745402114,35.0,0.49753158477749954
2025-06-01,Banay-Banay,27.540487,83.076035,368.7,0.0,0.0,2.4211972626772793,0.24960413311681715,0.0,0.0,5,62.48020665584085,44.057084635210416,42.5,0.6050859542264667
2025-06-01,Banlic,27.540487,83.076035,368.7,0.0,0.0,2.6008556728009826,0.24960413311681715,0.0,0.0,9,62.48020665584085,45.01061665792845,52.5,0.7370502841621884
2025-06-01,Barangay Dos,27.540487,83.076035,368.7,0.0,0.0,2.2982314052060246,0.24960413311681715,0.0,0.0,16,62.48020665584085,43.404446761374786,70.0,0.9058376466606893
2025-06-01,Barangay Tres,27.540487,83.076035,368.7,0.0,0.0,2.8418320235998733,0.24960413311681715,0.0,0.0,1,62.48020665584085,46.28959194801514,32.5,0.5335863700756891
2025-06-01,Barangay Uno,27.540487,83.076035,368.7,0.0,0.0,2.4993259383410944,0.24960413311681715,0.0,0.0,0,62.48020665584085,44.47175041170651,30.0,0.4706202783482896
2025-06-01,Bigaa,27.540487,83.076035,368.7,0.0,0.0,2.6000714943959164,0.24960413311681715,0.0,0.0,3,62.48020665584085,45.006454652819755,37.5,0.5661690396730904
2025-06-01,Butong,27.540487,83.076035,368.7,0.0,64.42857142857143,0.624416743006025,0.24960413311681715,0.0,0.0,0,62.48020665584085,59.52072192264485,30.0,0.7562200908140226
2025-06-01,Casile,27.540487,83.076035,368.7,0.0,0.0,0.0,0.24960413311681715,0.0,0.0,4,62.48020665584085,31.20664739884393,40.0,0.3327429452355492
2025-06-01,Diezmo,27.540487,83.076035,368.7,0.0,0.0,0.0,0.24960413311681715,0.0,0.0,3,62.48020665584085,31.20664739884393,37.5,0.30427590226273094
2025-06-01,Gulod,27.540487,83.076035,368.7,0.0,25.704545454545453,1.3563821301227663,0.24960413311681715,0.0,0.0,3,62.48020665584085,48.379655459551955,37.5,0.6301857412205509
2025-06-01,Mamatid,27.540487,83.076035,368.7,0.0,0.0,2.737382913337034,0.24960413311681715,0.0,0.0,3,62.48020665584085,45.73523119578847,37.5,0.5799997817839386
2025-06-01,Marinig,27.540487,83.076035,368.7,0.0,39.41025641025641,1.4418404273364855,0.24960413311681715,0.0,0.0,3,62.48020665584085,54.1514035249366,37.5,0.7397221413576078
2025-06-01,Niugan,27.540487,83.076035,368.7,0.0,0.8148148148148148,2.4650737148959463,0.24960413311681715,0.0,0.0,9,62.48020665584085,44.60612751530141,52.5,0.7293738776253866
2025-06-01,Pittland,27.540487,83.076035,368.7,0.0,0.0,3.7682721889420843,0.24960413311681715,0.0,0.0,2,62.48020665584085,51.20664739884393,35.0,0.655369432260823
2025-06-01,Pulo,27.540487,83.076035,368.7,0.0,0.0,2.852336974417577,0.24960413311681715,0.0,0.0,7,62.48020665584085,46.34534668276349,47.5,0.705446742865945
2025-06-01,Sala,27.540487,83.076035,368.7,0.0,0.0,0.0,0.24960413311681715,0.0,0.0,0,62.48020665584085,31.20664739884393,30.0,0.2188747733442761
2025-06-01,San Isidro,27.540487,83.076035,368.7,0.0,0.0,2.7968569266796113,0.24960413311681715,0.0,0.0,3,62.48020665584085,46.05088787004412,37.5,0.585990323191067
2025-07-01,Baclaran,27.411156,82.579056,368.4,0.0,1.5625,2.087026609107852,0.2500031900347206,0.0,0.0,2,62.50015950173603,42.88048490229724,35.0,0.4972038155965074
2025-07-01,Banay-Banay,27.411156,82.579056,368.4,0.0,0.0,2.4211972626772793,0.2500031900347206,0.0,0.0,5,62.50015950173603,44.047794792105535,42.5,0.6047581850454745
2025-07-01,Banlic,27.411156,82.579056,368.4,0.0,0.0,2.6008556728009826,0.2500031900347206,0.0,0.0,9,62.50015950173603,45.00132681482357,52.5,0.7367225149811961
2025-07-01,Barangay Dos,27.411156,82.579056,368.4,0.0,0.0,2.2982314052060246,0.2500031900347206,0.0,0.0,16,62.50015950173603,43.395156918269905,70.0,0.9055098774796971
2025-07-01,Barangay Tres,27.411156,82.579056,368.4,0.0,0.0,2.8418320235998733,0.2500031900347206,0.0,0.0,1,62.50015950173603,46.28030210491026,32.5,0.5332586008946969
2025-07-01,Barangay Uno,27.411156,82.579056,368.4,0.0,0.0,2.4993259383410944,0.2500031900347206,0.0,0.0,0,62.50015950173603,44.46246056860163,30.0,0.47029250916729737
2025-07-01,Bigaa,27.411156,82.579056,368.4,0.0,0.0,2.6000714943959164,0.2500031900347206,0.0,0.0,3,62.50015950173603,44.99716480971489,37.5,0.5658412704920984
2025-07-01,Butong,27.411156,82.579056,368.4,0.0,64.42857142857143,0.624416743006025,0.2500031900347206,0.0,0.0,0,62.50015950173603,59.511432079539986,30.0,0.755892321633031
2025-07-01,Casile,27.411156,82.579056,368.4,0.0,0.0,0.0,0.2500031900347206,0.0,0.0,4,62.50015950173603,31.197357555739057,40.0,0.33241517605455717
2025-07-01,Diezmo,27.411156,82.579056,368.4,0.0,0.0,0.0,0.2500031900347206,0.0,0.0,3,62.50015950173603,31.197357555739057,37.5,0.30394813308173896
2025-07-01,Gulod,27.411156,82.579056,368.4,0.0,25.704545454545453,1.3563821301227663,0.2500031900347206,0.0,0.0,3,62.50015950173603,48.37036561644709,37.5,0.629857972039559
2025-07-01,Mamatid,27.411156,82.579056,368.4,0.0,0.0,2.737382913337034,0.2500031900347206,0.0,0.0,3,62.50015950173603,45.72594135268359,37.5,0.5796720126029464
2025-07-01,Marinig,27.411156,82.579056,368.4,0.0,39.41025641025641,1.4418404273364855,0.2500031900347206,0.0,0.0,3,62.50015950173603,54.14211368183173,37.5,0.739394372176616
2025-07-01,Niugan,27.411156,82.579056,368.4,0.0,0.8148148148148148,2.4650737148959463,0.2500031900347206,0.0,0.0,9,62.50015950173603,44.59683767219654,52.5,0.7290461084443947
2025-07-01,Pittland,27.411156,82.579056,368.4,0.0,0.0,3.7682721889420843,0.2500031900347206,0.0,0.0,2,62.50015950173603,51.19735755573906,35.0,0.655041663079831
2025-07-01,Pulo,27.411156,82.579056,368.4,0.0,0.0,2.852336974417577,0.2500031900347206,0.0,0.0,7,62.50015950173603,46.336056839658625,47.5,0.705118973684953
2025-07-01,Sala,27.411156,82.579056,368.4,0.0,0.0,0.0,0.2500031900347206,0.0,0.0,0,62.50015950173603,31.197357555739057,30.0,0.21854700416328415
2025-07-01,San Isidro,27.411156,82.579056,368.4,0.0,0.0,2.7968569266796113,0.2500031900347206,0.0,0.0,3,62.50015950173603,46.041598026939255,37.5,0.585662554010075
2025-08-01,Baclaran,27.262701,82.10243,329.3,0.0,1.5625,2.087026609107852,0.2504022469526241,0.0,0.0,2,62.520112347631205,41.66970868429559,35.0,0.47407420357188707
2025-08-01,Banay-Banay,27.262701,82.10243,329.3,0.0,0.0,2.4211972626772793,0.2504022469526241,0.0,0.0,5,62.520112347631205,42.83701857410389,42.5,0.5816285730208542
2025-08-01,Banlic,27.262701,82.10243,329.3,0.0,0.0,2.6008556728009826,0.2504022469526241,0.0,0.0,9,62.520112347631205,43.79055059682192,52.5,0.7135929029565757
2025-08-01,Barangay Dos,27.262701,82.10243,329.3,0.0,0.0,2.2982314052060246,0.2504022469526241,0.0,0.0,16,62.520112347631205,42.18438070026826,70.0,0.8823802654550768
2025-08-01,Barangay Tres,27.262701,82.10243,329.3,0.0,0.0,2.8418320235998733,0.2504022469526241,0.0,0.0,1,62.520112347631205,45.069525886908615,32.5,0.5101289888700766
2025-08-01,Barangay Uno,27.262701,82.10243,329.3,0.0,0.0,2.4993259383410944,0.2504022469526241,0.0,0.0,0,62.520112347631205,43.25168435059998,30.0,0.4471628971426768
2025-08-01,Bigaa,27.262701,82.10243,329.3,0.0,0.0,2.6000714943959164,0.2504022469526241,0.0,0.0,3,62.520112347631205,43.786388591713234,37.5,0.5427116584674779
2025-08-01,Butong,27.262701,82.10243,329.3,0.0,64.42857142857143,0.624416743006025,0.2504022469526241,0.0,0.0,0,62.520112347631205,58.30065586153833,30.0,0.7327627096084103
2025-08-01,Casile,27.262701,82.10243,329.3,0.0,0.0,0.0,0.2504022469526241,0.0,0.0,4,62.520112347631205,29.986581337737405,40.0,0.3092855640299367
2025-08-01,Diezmo,27.262701,82.10243,329.3,0.0,0.0,0.0,0.2504022469526241,0.0,0.0,3,62.520112347631205,29.986581337737405,37.5,0.2808185210571184
2025-08-01,Gulod,27.262701,82.10243,329.3,0.0,25.704545454545453,1.3563821301227663,0.2504022469526241,0.0,0.0,3,62.520112347631205,47.15958939844543,37.5,0.6067283600149385
2025-08-01,Mamatid,27.262701,82.10243,329.3,0.0,0.0,2.737382913337034,0.2504022469526241,0.0,0.0,3,62.520112347631205,44.51516513468194,37.5,0.5565424005783262
2025-08-01,Marinig,27.262701,82.10243,329.3,0.0,39.41025641025641,1.4418404273364855,0.2504022469526241,0.0,0.0,3,62.520112347631205,52.931337463830076,37.5,0.7162647601519953
2025-08-01,Niugan,27.262701,82.10243,329.3,0.0,0.8148148148148148,2.4650737148959463,0.2504022469526241,0.0,0.0,9,62.520112347631205,43.38606145419489,52.5,0.7059164964197742
2025-08-01,Pittland,27.262701,82.10243,329.3,0.0,0.0,3.7682721889420843,0.2504022469526241,0.0,0.0,2,62.520112347631205,49.986581337737405,35.0,0.6319120510552104
2025-08-01,Pulo,27.262701,82.10243,329.3,0.0,0.0,2.852336974417577,0.2504022469526241,0.0,0.0,7,62.520112347631205,45.12528062165697,47.5,0.6819893616603323
2025-08-01,Sala,27.262701,82.10243,329.3,0.0,0.0,0.0,0.2504022469526241,0.0,0.0,0,62.520112347631205,29.986581337737405,30.0,0.19541739213866358
2025-08-01,San Isidro,27.262701,82.10243,329.3,0.0,0.0,2.7968569266796113,0.2504022469526241,0.0,0.0,3,62.520112347631205,44.8308218089376,37.5,0.5625329419854544
2025-09-01,Baclaran,26.73264,85.24952,286.7,0.0,1.5625,2.087026609107852,0.22763098328821257,0.0,0.0,2,61.38154916441063,40.35055096340376,35.0,0.4576822644365875
2025-09-01,Banay-Banay,26.73264,85.24952,286.7,0.0,0.0,2.4211972626772793,0.22763098328821257,0.0,0.0,5,61.38154916441063,41.51786085321206,42.5,0.5652366338855546
2025-09-01,Banlic,26.73264,85.24952,286.7,0.0,0.0,2.6008556728009826,0.22763098328821257,0.0,0.0,9,61.38154916441063,42.4713928759301,52.5,0.697200963821276
2025-09-01,Barangay Dos,26.73264,85.24952,286.7,0.0,0.0,2.2982314052060246,0.22763098328821257,0.0,0.0,16,61.38154916441063,40.86522297937643,70.0,0.8659883263197772
2025-09-01,Barangay Tres,26.73264,85.24952,286.7,0.0,0.0,2.8418320235998733,0.22763098328821257,0.0,0.0,1,61.38154916441063,43.75036816601679,32.5,0.4937370497347772
2025-09-01,Barangay Uno,26.73264,85.24952,286.7,0.0,0.0,2.4993259383410944,0.22763098328821257,0.0,0.0,0,61.38154916441063,41.93252662970816,30.0,0.43077095800737764
2025-09-01,Bigaa,26.73264,85.24952,286.7,0.0,0.0,2.6000714943959164,0.22763098328821257,0.0,0.0,3,61.38154916441063,42.46723087082141,37.5,0.5263197193321785
2025-09-01,Butong,26.73264,85.24952,286.7,0.0,64.42857142857143,0.624416743006025,0.22763098328821257,0.0,0.0,0,61.38154916441063,56.98149814064651,30.0,0.7163707704731109
2025-09-01,Casile,26.73264,85.24952,286.7,0.0,0.0,0.0,0.22763098328821257,0.0,0.0,4,61.38154916441063,28.667423616845582,40.0,0.29289362489463727
2025-09-01,Diezmo,26.73264,85.24952,286.7,0.0,0.0,0.0,0.22763098328821257,0.0,0.0,3,61.38154916441063,28.667423616845582,37.5,0.264426581921819
2025-09-01,Gulod,26.73264,85.24952,286.7,0.0,25.704545454545453,1.3563821301227663,0.22763098328821257,0.0,0.0,3,61.38154916441063,45.84043167755361,37.5,0.590336420879639
2025-09-01,Mamatid,26.73264,85.24952,286.7,0.0,0.0,2.737382913337034,0.22763098328821257,0.0,0.0,3,61.38154916441063,43.19600741379012,37.5,0.5401504614430265
2025-09-01,Marinig,26.73264,85.24952,286.7,0.0,39.41025641025641,1.4418404273364855,0.22763098328821257,0.0,0.0,3,61.38154916441063,51.61217974293825,37.5,0.6998728210166959
2025-09-01,Niugan,26.73264,85.24952,286.7,0.0,0.8148148148148148,2.4650737148959463,0.22763098328821257,0.0,0.0,9,61.38154916441063,42.066903733303064,52.5,0.6895245572844747
2025-09-01,Pittland,26.73264,85.24952,286.7,0.0,0.0,3.7682721889420843,0.22763098328821257,0.0,0.0,2,61.38154916441063,48.66742361684558,35.0,0.6155201119199111
2025-09-01,Pulo,26.73264,85.24952,286.7,0.0,0.0,2.852336974417577,0.22763098328821257,0.0,0.0,7,61.38154916441063,43.806122900765146,47.5,0.6655974225250332
2025-09-01,Sala,26.73264,85.24952,286.7,0.0,0.0,0.0,0.22763098328821257,0.0,0.0,0,61.38154916441063,28.667423616845582,30.0,0.1790254530033642
2025-09-01,San Isidro,26.73264,85.24952,286.7,0.0,0.0,2.7968569266796113,0.22763098328821257,0.0,0.0,3,61.38154916441063,43.51166408804578,37.5,0.5461410028501551
2025-10-01,Baclaran,27.136494,83.51157,254.4,0.0,1.5625,2.087026609107852,0.20485971962380103,0.0,0.0,2,60.24298598119005,39.35034452244588,35.0,0.44734339182936494
2025-10-01,Banay-Banay,27.136494,83.51157,254.4,0.0,0.0,2.4211972626772793,0.20485971962380103,0.0,0.0,5,60.24298598119005,40.517654412254174,42.5,0.5548977612783318
2025-10-01,Banlic,27.136494,83.51157,254.4,0.0,0.0,2.6008556728009826,0.20485971962380103,0.0,0.0,9,60.24298598119005,41.47118643497221,52.5,0.6868620912140533
2025-10-01,Barangay Dos,27.136494,83.51157,254.4,0.0,0.0,2.2982314052060246,0.20485971962380103,0.0,0.0,16,60.24298598119005,39.865016538418544,70.0,0.8556494537125545
2025-10-01,Barangay Tres,27.136494,83.51157,254.4,0.0,0.0,2.8418320235998733,0.20485971962380103,0.0,0.0,1,60.24298598119005,42.7501617250589,32.5,0.4833981771275542
2025-10-01,Barangay Uno,27.136494,83.51157,254.4,0.0,0.0,2.4993259383410944,0.20485971962380103,0.0,0.0,0,60.24298598119005,40.93232018875027,30.0,0.42043208540015464
2025-10-01,Bigaa,27.136494,83.51157,254.4,0.0,0.0,2.6000714943959164,0.20485971962380103,0.0,0.0,3,60.24298598119005,41.46702442986353,37.5,0.515980846724956
2025-10-01,Butong,27.136494,83.51157,254.4,0.0,64.42857142857143,0.624416743006025,0.20485971962380103,0.0,0.0,0,60.24298598119005,55.981291699688626,30.0,0.7060318978658884
2025-10-01,Casile,27.136494,83.51157,254.4,0.0,0.0,0.0,0.20485971962380103,0.0,0.0,4,60.24298598119005,27.667217175887696,40.0,0.2825547522874145
2025-10-01,Diezmo,27.136494,83.51157,254.4,0.0,0.0,0.0,0.20485971962380103,0.0,0.0,3,60.24298598119005,27.667217175887696,37.5,0.25408770931459623
2025-10-01,Gulod,27.136494,83.51157,254.4,0.0,25.704545454545453,1.3563821301227663,0.20485971962380103,0.0,0.0,3,60.24298598119005,44.84022523659573,37.5,0.5799975482724166
2025-10-01,Mamatid,27.136494,83.51157,254.4,0.0,0.0,2.737382913337034,0.20485971962380103,0.0,0.0,3,60.24298598119005,42.19580097283223,37.5,0.5298115888358037
2025-10-01,Marinig,27.136494,83.51157,254.4,0.0,39.41025641025641,1.4418404273364855,0.20485971962380103,0.0,0.0,3,60.24298598119005,50.61197330198037,37.5,0.6895339484094731
2025-10-01,Niugan,27.136494,83.51157,254.4,0.0,0.8148148148148148,2.4650737148959463,0.20485971962380103,0.0,0.0,9,60.24298598119005,41.06669729234518,52.5,0.6791856846772519
2025-10-01,Pittland,27.136494,83.51157,254.4,0.0,0.0,3.7682721889420843,0.20485971962380103,0.0,0.0,2,60.24298598119005,47.6672171758877,35.0,0.6051812393126883
2025-10-01,Pulo,27.136494,83.51157,254.4,0.0,0.0,2.852336974417577,0.20485971962380103,0.0,0.0,7,60.24298598119005,42.805916459807264,47.5,0.6552585499178104
2025-10-01,Sala,27.136494,83.51157,254.4,0.0,0.0,0.0,0.20485971962380103,0.0,0.0,0,60.24298598119005,27.667217175887696,30.0,0.16868658039614157
2025-10-01,San Isidro,27.136494,83.51157,254.4,0.0,0.0,2.7968569266796113,0.20485971962380103,0.0,0.0,3,60.24298598119005,42.511457647087894,37.5,0.5358021302429326
2025-11-01,Baclaran,26.957363,83.69642,207.0,0.0,1.5625,2.087026609107852,0.18208845595938952,0.0,0.0,2,59.10442279796948,37.882549311876105,35.0,0.4281306061567095
2025-11-01,Banay-Banay,26.957363,83.69642,207.0,0.0,0.0,2.4211972626772793,0.18208845595938952,0.0,0.0,5,59.10442279796948,39.0498592016844,42.5,0.5356849756056766
2025-11-01,Banlic,26.957363,83.69642,207.0,0.0,0.0,2.6008556728009826,0.18208845595938952,0.0,0.0,9,59.10442279796948,40.003391224402435,52.5,0.6676493055413981
2025-11-01,Barangay Dos,26.957363,83.69642,207.0,0.0,0.0,2.2982314052060246,0.18208845595938952,0.0,0.0,16,59.10442279796948,38.39722132784877,70.0,0.8364366680398991
2025-11-01,Barangay Tres,26.957363,83.69642,207.0,0.0,0.0,2.8418320235998733,0.18208845595938952,0.0,0.0,1,59.10442279796948,41.28236651448913,32.5,0.464185391454899
2025-11-01,Barangay Uno,26.957363,83.69642,207.0,0.0,0.0,2.4993259383410944,0.18208845595938952,0.0,0.0,0,59.10442279796948,39.46452497818049,30.0,0.4012192997274995
2025-11-01,Bigaa,26.957363,83.69642,207.0,0.0,0.0,2.6000714943959164,0.18208845595938952,0.0,0.0,3,59.10442279796948,39.999229219293746,37.5,0.49676806105230026
2025-11-01,Butong,26.957363,83.69642,207.0,0.0,64.42857142857143,0.624416743006025,0.18208845595938952,0.0,0.0,0,59.10442279796948,54.51349648911884,30.0,0.6868191121932327
2025-11-01,Casile,26.957363,83.69642,207.0,0.0,0.0,0.0,0.18208845595938952,0.0,0.0,4,59.10442279796948,26.199421965317917,40.0,0.26334196661475906
2025-11-01,Diezmo,26.957363,83.69642,207.0,0.0,0.0,0.0,0.18208845595938952,0.0,0.0,3,59.10442279796948,26.199421965317917,37.5,0.2348749236419408
2025-11-01,Gulod,26.957363,83.69642,207.0,0.0,25.704545454545453,1.3563821301227663,0.18208845595938952,0.0,0.0,3,59.10442279796948,43.372430026025945,37.5,0.5607847625997608
2025-11-01,Mamatid,26.957363,83.69642,207.0,0.0,0.0,2.737382913337034,0.18208845595938952,0.0,0.0,3,59.10442279796948,40.728005762262455,37.5,0.5105988031631485
2025-11-01,Marinig,26.957363,83.69642,207.0,0.0,39.41025641025641,1.4418404273364855,0.18208845595938952,0.0,0.0,3,59.10442279796948,49.14417809141059,37.5,0.670321162736818
2025-11-01,Niugan,26.957363,83.69642,207.0,0.0,0.8148148148148148,2.4650737148959463,0.18208845595938952,0.0,0.0,9,59.10442279796948,39.5989020817754,52.5,0.6599728990045968
2025-11-01,Pittland,26.957363,83.69642,207.0,0.0,0.0,3.7682721889420843,0.18208845595938952,0.0,0.0,2,59.10442279796948,46.19942196531792,35.0,0.5859684536400331
2025-11-01,Pulo,26.957363,83.69642,207.0,0.0,0.0,2.852336974417577,0.18208845595938952,0.0,0.0,7,59.10442279796948,41.33812124923748,47.5,0.6360457642451548
2025-11-01,Sala,26.957363,83.69642,207.0,0.0,0.0,0.0,0.18208845595938952,0.0,0.0,0,59.10442279796948,26.199421965317917,30.0,0.149473794723486
2025-11-01,San Isidro,26.957363,83.69642,207.0,0.0,0.0,2.7968569266796113,0.18208845595938952,0.0,0.0,3,59.10442279796948,41.04366243651811,37.5,0.5165893445702768
2025-12-01,Baclaran,26.308804,81.714096,68.3,0.0,1.5625,2.087026609107852,0.27663915751786644,0.0,0.0,2,63.831957875893316,33.587545183056946,35.0,0.310732176296021
2025-12-01,Banay-Banay,26.308804,81.714096,68.3,0.0,0.0,2.4211972626772793,0.27663915751786644,0.0,0.0,5,63.831957875893316,34.75485507286524,42.5,0.4182865457449884
2025-12-01,Banlic,26.308804,81.714096,68.3,0.0,0.0,2.6008556728009826,0.27663915751786644,0.0,0.0,9,63.831957875893316,35.70838709558328,52.5,0.55025087568071
2025-12-01,Barangay Dos,26.308804,81.714096,68.3,0.0,0.0,2.2982314052060246,0.27663915751786644,0.0,0.0,16,63.831957875893316,34.10221719902961,70.0,0.719038238179211
2025-12-01,Barangay Tres,26.308804,81.714096,68.3,0.0,0.0,2.8418320235998733,0.27663915751786644,0.0,0.0,1,63.831957875893316,36.98736238566997,32.5,0.3467869615942108
2025-12-01,Barangay Uno,26.308804,81.714096,68.3,0.0,0.0,2.4993259383410944,0.27663915751786644,0.0,0.0,0,63.831957875893316,35.169520849361334,30.0,0.28382086986681127
2025-12-01,Bigaa,26.308804,81.714096,68.3,0.0,0.0,2.6000714943959164,0.27663915751786644,0.0,0.0,3,63.831957875893316,35.70422509047459,37.5,0.37936963119161216
2025-12-01,Butong,26.308804,81.714096,68.3,0.0,64.42857142857143,0.624416743006025,0.27663915751786644,0.0,0.0,0,63.831957875893316,50.218492360299685,30.0,0.5694206823325445
2025-12-01,Casile,26.308804,81.714096,68.3,0.0,0.0,0.0,0.27663915751786644,0.0,0.0,4,63.831957875893316,21.904417836498762,40.0,0.145943536754071
2025-12-01,Diezmo,26.308804,81.714096,68.3,0.0,0.0,0.0,0.27663915751786644,0.0,0.0,3,63.831957875893316,21.904417836498762,37.5,0.11747649378125273
2025-12-01,Gulod,26.308804,81.714096,68.3,0.0,25.704545454545453,1.3563821301227663,0.27663915751786644,0.0,0.0,3,63.831957875893316,39.07742589720679,37.5,0.44338633273907263
2025-12-01,Mamatid,26.308804,81.714096,68.3,0.0,0.0,2.737382913337034,0.27663915751786644,0.0,0.0,3,63.831957875893316,36.4330016334433,37.5,0.3932003733024603
2025-12-01,Marinig,26.308804,81.714096,68.3,0.0,39.41025641025641,1.4418404273364855,0.27663915751786644,0.0,0.0,3,63.831957875893316,44.84917396259143,37.5,0.5529227328761298
2025-12-01,Niugan,26.308804,81.714096,68.3,0.0,0.8148148148148148,2.4650737148959463,0.27663915751786644,0.0,0.0,9,63.831957875893316,35.30389795295624,52.5,0.5425744691439086
2025-12-01,Pittland,26.308804,81.714096,68.3,0.0,0.0,3.7682721889420843,0.27663915751786644,0.0,0.0,2,63.831957875893316,41.90441783649876,35.0,0.46857002377934465
2025-12-01,Pulo,26.308804,81.714096,68.3,0.0,0.0,2.852336974417577,0.27663915751786644,0.0,0.0,7,63.831957875893316,37.04311712041832,47.5,0.5186473343844666
2025-12-01,Sala,26.308804,81.714096,68.3,0.0,0.0,0.0,0.27663915751786644,0.0,0.0,0,63.831957875893316,21.904417836498762,30.0,0.03207536486279792
2025-12-01,San Isidro,26.308804,81.714096,68.3,0.0,0.0,2.7968569266796113,0.27663915751786644,0.0,0.0,3,63.831957875893316,36.74865830769895,37.5,0.3991909147095887
