longitude,latitude,slope_degrees,elevation_meters
121.12165713378454,14.239823568547855,3.8218870162963867,38
121.11545875832411,14.263000102878138,0.0,28
121.14321670060343,14.24063205230356,3.014014720916748,21
121.13620984138726,14.249794868201583,3.9914867877960205,18
121.16208132156993,14.259496673270071,0.9274099469184875,6
121.14618114104098,14.225809850115589,5.864225387573242,20
121.12327410129598,14.267851005412382,3.014343500137329,17
121.11168583413081,14.262461113707666,2.8685648441314697,30
121.14106074392151,14.265695048730493,1.8543341159820557,9
121.11653673666507,14.26353909204861,2.939863681793213,36
121.10279251281804,14.261922124537193,3.373291254043579,36
121.11761471500603,14.260035662440544,1.8543341159820557,28
121.14429467894433,14.250064362786816,3.0141286849975586,15
121.16423727825179,14.225809850115589,4.167076587677002,10
121.1407912493363,14.247369416934454,1.8543341159820557,19
121.16747121327461,14.260844146196249,0.0,2
121.1151892637389,14.239015084792143,4.245576858520508,50
121.10036706155091,14.271084940435216,2.0863850116729736,32
121.14779810855242,14.271623929605681,1.3324787616729736,5
121.14698962479673,14.237398117280733,0.9274099469184875,17
121.15776940820615,14.229582774308888,2.086304187774658,12
121.1521100219162,14.279169777992287,0.0,2
121.1596558703028,14.220958947581344,3.704791784286499,14
121.14941507606386,14.270545951264744,2.939873218536377,7
121.10548745867038,14.287254615549365,8.598489761352539,18
121.1305504550973,14.256532232832477,3.704791784286499,26
121.1162672420798,14.254106781565355,1.3324254751205444,34
121.14267771143295,14.258957684099599,2.7802884578704834,10
121.14106074392151,14.264617070389555,2.7802884578704834,8
121.15076254899003,14.272162918776154,2.1259605884552,8
121.15480496776854,14.240362557718328,0.9274099469184875,15
121.11869269334693,14.253837286980115,3.9323842525482178,28
121.13162843343827,14.241710030644505,2.0863277912139893,30
121.14025226016582,14.26919847833856,1.3324711322784424,12
121.1302809605121,14.258688189514366,2.0863606929779053,24
121.16208132156993,14.270545951264744,0.0,2
121.15803890279136,14.26758151082715,2.1259243488311768,5
121.1114163395456,14.236859128110261,3.825681447982788,54
121.14779810855242,14.282942702185593,0.0,2
121.14348619518864,14.282134218429881,2.086406707763672,8
121.13998276558056,14.270545951264744,0.9569332003593445,10
121.14779810855242,14.220419958410872,0.956721305847168,21
121.1151892637389,14.231469236405545,3.9913201332092285,47
121.16369828908131,14.254376276150587,2.868462562561035,5
121.11842319876172,14.222845409677994,3.9318740367889404,50
121.14267771143295,14.245482954837804,3.9322474002838135,21
121.11653673666507,14.248986384445871,1.8543341159820557,34
121.10818240452272,14.260574651611016,5.628454685211182,39
121.15157103274572,14.23874559020691,2.939829111099243,19
121.11060785578985,14.27593584296946,0.9569556713104248,22
121.14591164645577,14.24925587903111,4.680540084838867,12
121.12569955256305,14.252220319468705,0.9274099469184875,27
121.13540135763157,14.268928983753327,7.9449462890625,15
121.16046435405849,14.283481691356059,0.0,2
121.11168583413081,14.273510391702338,4.862525463104248,23
121.12543005797784,14.253567792394882,2.663407802581787,25
121.1456421518705,14.286446131793653,0.0,2
121.1407912493363,14.248986384445871,0.9568412899971008,19
121.1332454009497,14.271354435020449,2.086385726928711,9
121.11384179081267,14.274588370043276,2.663536310195923,23
121.12138763919933,14.264078081219083,3.9916181564331055,28
121.11006886661937,14.222575915092762,0.9274099469184875,65
121.13890478723965,14.272971402531866,2.6635262966156006,9
121.12462157422215,14.26353909204861,4.245952129364014,22
121.12084865002885,14.229313279723655,5.864234924316406,45
121.15022355981955,14.236589633525021,1.3323721885681152,19
121.13863529265439,14.242249019814977,2.9398341178894043,24
121.13297590636444,14.233086203916955,3.821774482727051,29
121.15507446235381,14.245752449423044,2.663360595703125,8
121.11303330705698,14.233355698502194,3.991337776184082,53
121.1019840290623,14.255723749076772,3.8257014751434326,43
121.10306200740325,14.239284579377383,1.8543341159820557,48
121.15076254899003,14.282403713015121,0.0,2
121.16154233239945,14.229582774308888,0.9567589163780212,12
121.12084865002885,14.246560933178749,0.9568318724632263,32
121.12812500383018,14.2409015468888,2.8682897090911865,31
121.13594034680204,14.275127359213748,2.1259818077087402,9
121.16747121327461,14.285637648037948,0.0,2
121.11168583413081,14.236320138939789,0.9274099469184875,55
121.16369828908131,14.259227178684839,1.3324406147003174,5
121.10467897491469,14.225809850115589,7.062705039978027,67
121.1380963034839,14.282134218429881,2.6635820865631104,10
121.15884738654711,14.227157323041766,1.3323434591293335,10
121.16747121327461,14.248716889860638,2.663377523422241,6
121.1087213936932,14.278900283407054,4.246184349060059,18
121.16019485947328,14.232547214746482,1.3323595523834229,11
121.10090605072139,14.278091799651342,2.868762493133545,27
121.16989666454174,14.280247756333232,0.0,2
121.13216742260875,14.237667611865966,2.086320400238037,28
121.16127283781424,14.28806309930507,0.0,2
121.16235081615514,14.262461113707666,1.913264513015747,7
121.10063655613612,14.23874559020691,4.167126178741455,60
121.1483370977229,14.223923388018939,2.9398088455200195,20
121.12084865002885,14.243596492741155,4.245648384094238,34
121.16208132156993,14.27970876716276,0.0,2
121.15534395693902,14.23227772016125,1.8543341159820557,14
121.10952987744895,14.286446131793653,2.1260688304901123,18
121.13108944426779,14.25491526532106,3.0141892433166504,25
121.14887608689338,14.237667611865966,3.3731753826141357,21
121.15237951650141,14.249794868201583,1.3324118852615356,13
121.12354359588119,14.258688189514366,1.913231611251831,26
121.11491976915363,14.254376276150587,4.6273674964904785,31
121.12354359588119,14.282134218429881,3.0145182609558105,16
121.12489106880736,14.24925587903111,2.6633808612823486,32
121.10063655613612,14.264617070389555,2.0863726139068604,35
121.16127283781424,14.268389994582854,3.373322010040283,5
121.12219612295502,14.234433676843139,3.373159646987915,34
121.11977067168789,14.280786745503704,3.0145015716552734,16
121.14995406523428,14.257340716588182,0.9274099469184875,10
121.14752861396715,14.276744326725165,2.0863959789276123,6
121.10440948032942,14.288871583060782,0.9274099469184875,18
121.1521100219162,14.2341641822579,1.8543341159820557,19
121.12354359588119,14.285907142623188,3.0145621299743652,11
121.13001146592683,14.26731201624191,3.8257133960723877,14
121.16827969703036,14.235511655184077,2.868222951889038,7
121.13540135763157,14.251411835712993,3.014145612716675,23
121.13998276558056,14.234972666013611,3.825679302215576,26
121.10467897491469,14.223114904263234,3.9318785667419434,70
121.15776940820615,14.22203692592229,0.956727147102356,13
121.1238130904664,14.280786745503704,1.9134202003479004,13
121.10818240452272,14.281325734674176,3.0145082473754883,19
121.1340538847054,14.254645770735827,3.99153208732605,16
121.14752861396715,14.283751185941298,0.0,2
121.12165713378454,14.26138313536672,4.245918273925781,23
121.15642193527998,14.263808586633843,4.2459564208984375,4
121.1453726572853,14.260574651611016,2.868540048599243,12
121.10575695325565,14.259766167855304,4.2458930015563965,35
121.10036706155091,14.284020680526531,1.332516074180603,25
121.11195532871602,14.234972666013611,2.939824104309082,53
121.15372698942758,14.285098658867476,0.0,2
121.14806760313763,14.26326959746337,3.414060354232788,7
121.1305504550973,14.255723749076772,2.8684802055358887,22
121.10171453447708,14.220419958410872,3.704791784286499,78
121.15318800025716,14.24278800898545,3.4138412475585938,14
121.10926038286368,14.250064362786816,2.6633858680725098,41
121.11006886661937,14.250603351957288,3.9914944171905518,40
121.16127283781424,14.241440536059265,0.9274099469184875,6
121.15372698942758,14.22850479596795,3.0138707160949707,19
121.11869269334693,14.271623929605681,4.1672539710998535,24
121.137018325143,14.26758151082715,2.7802884578704834,11
121.16827969703036,14.278091799651342,0.0,2
121.1378268088987,14.247369416934454,4.167160511016846,21
121.15103204357524,14.231738730990777,0.0,19
121.15130153816051,14.249794868201583,4.167169094085693,11
121.1407912493363,14.284020680526531,0.9569898843765259,7
121.15103204357524,14.240093063133088,5.315190315246582,18
121.16827969703036,14.278091799651342,0.0,2
121.12893348758593,14.231469236405545,6.236939430236816,25
121.13540135763157,14.24251851440021,1.3323899507522583,23
121.16450677283706,14.26542555414526,0.0,2
121.16100334322897,14.2303912580646,2.663266181945801,9
121.15184052733093,14.288602088475542,0.0,2
121.15345749484237,14.229582774308888,1.9129844903945923,16
121.11168583413081,14.268120499997622,2.7802884578704834,27
121.10979937203416,14.241710030644505,2.125727415084839,46
121.16908818078605,14.269467972923799,0.0,2
121.10602644784086,14.237398117280733,5.00405740737915,51
121.1114163395456,14.276474832139932,2.1259922981262207,21
121.12785550924497,14.272971402531866,1.332482933998108,15
121.15992536488801,14.236589633525021,2.1256892681121826,8
121.15992536488801,14.251411835712993,1.3324170112609863,8
121.15642193527998,14.264886564974788,1.3324583768844604,7
121.12569955256305,14.256532232832477,3.9915499687194824,27
121.12111814461406,14.241440536059265,4.72441291809082,34
121.13081994968258,14.258957684099599,2.8685190677642822,23
121.15291850567189,14.266503532486205,3.991638422012329,7
121.10063655613612,14.279169777992287,0.9569697976112366,26
121.15884738654711,14.251950824883465,3.932352304458618,10
121.12057915544358,14.252220319468705,0.9568554162979126,28
121.1407912493363,14.263808586633843,1.332455039024353,13
121.1294724767564,14.235511655184077,4.1671142578125,34
121.12758601465976,14.28806309930507,4.246324062347412,11
121.15291850567189,14.281325734674176,0.0,2
121.1265080363188,14.248716889860638,2.086341381072998,28
121.11599774749459,14.25491526532106,5.004113674163818,29
121.1019840290623,14.262461113707666,2.1258862018585205,33
121.15345749484237,14.280517250918464,0.0,2
121.13297590636444,14.265964543315732,0.9274099469184875,14
121.12165713378454,14.237667611865966,3.013981342315674,40
121.15911688113232,14.237398117280733,0.9567930102348328,13
121.10252301823277,14.220150463825632,2.0862865447998047,77
121.12111814461406,14.286985120964125,1.913472056388855,10
121.16315929991089,14.245213460252572,1.3323984146118164,7
121.12758601465976,14.271354435020449,4.6807122230529785,12
121.10225352364756,14.27970876716276,2.1260178089141846,26
121.10656543701134,14.25302880322441,4.862100124359131,41
121.16181182698466,14.269737467509032,0.0,2
121.10845189910799,14.249794868201583,6.633462429046631,42
121.11465027456842,14.241440536059265,2.086327314376831,46
121.13890478723965,14.236320138939789,0.9567883014678955,27
121.12731652007449,14.227426817627006,2.8681206703186035,34
121.10306200740325,14.226618333871293,5.315029621124268,65
121.14321670060343,14.233625193087427,0.9274099469184875,21
121.15696092445046,14.273510391702338,0.0,2
121.1200401662731,14.284559669697003,2.663595676422119,12
121.16423727825179,14.250603351957288,2.868413209915161,8
121.11923168251741,14.22634883928606,1.332340955734253,50
121.14968457064907,14.267042521656677,0.9569178819656372,9
121.10629594242607,14.259227178684839,3.991572618484497,37
121.1456421518705,14.27593584296946,1.3324915170669556,8
121.15426597859806,14.25114234112776,3.9323387145996094,9
121.16208132156993,14.257879705758654,0.0,5
121.13674883055774,14.282942702185593,1.9134390354156494,7
121.15992536488801,14.252759308639178,1.8543341159820557,6
121.10252301823277,14.242249019814977,4.6273674964904785,50
121.14725911938194,14.230660752649833,3.0138940811157227,22
121.10683493159655,14.226079344700828,2.663240909576416,62
121.12569955256305,14.276205337554693,3.8257226943969727,16
121.13863529265439,14.264617070389555,4.724432945251465,8
121.10575695325565,14.283751185941298,0.9569898843765259,19
121.1294724767564,14.276474832139932,4.724442958831787,13
121.10952987744895,14.273240897117098,2.9398770332336426,25
121.1343233792906,14.268928983753327,2.1259350776672363,13
121.15453547318333,14.239554073962616,2.0863234996795654,15
121.13189792802348,14.267851005412382,3.014343500137329,17
121.12974197134162,14.287254615549365,1.3325262069702148,8
121.16666272951892,14.221228442166577,6.236880302429199,8
121.15776940820615,14.272701907946626,0.0,2
121.1672017186894,14.281864723844649,0.0,2
121.14672013021146,14.252759308639178,0.0,14
121.14968457064907,14.271893424190921,1.3324795961380005,4
121.13594034680204,14.278091799651342,1.3324981927871704,8
121.15291850567189,14.224462377189411,5.795551300048828,16
121.10737392076703,14.285637648037948,2.0864131450653076,18
121.10360099657373,14.26138313536672,2.125877857208252,36
121.14860659230811,14.259227178684839,0.9568848609924316,11
121.13135893885305,14.263000102878138,5.6284565925598145,18
121.15615244069471,14.258957684099599,3.373276710510254,7
121.16369828908131,14.274318875458043,0.0,2
121.15642193527998,14.22850479596795,1.3323476314544678,13
121.14348619518864,14.289410572231255,0.0,2
121.11869269334693,14.253298297809643,3.0141689777374268,28
121.12758601465976,14.26353909204861,0.9569037556648254,20
121.14887608689338,14.264347575804315,2.086372137069702,7
121.141599733092,14.270276456679504,1.3324744701385498,7
121.10440948032942,14.262730608292898,3.932530164718628,31
121.14914558147859,14.278630788821815,0.0,2
121.11761471500603,14.234972666013611,0.9274099469184875,47
121.13836579806917,14.2341641822579,2.663289785385132,24
121.12111814461406,14.279169777992287,5.518322467803955,15
121.10521796408517,14.258688189514366,2.125856637954712,45
121.12920298217114,14.239284579377383,0.9274099469184875,31
121.16558475117796,14.275396853798988,0.0,2
121.16450677283706,14.283212196770826,0.0,2
121.16127283781424,14.225540355530356,2.6632375717163086,12
121.16315929991089,14.284829164282243,0.0,2
121.13081994968258,14.263000102878138,4.167220592498779,15
121.13674883055774,14.253567792394882,2.939849853515625,20
121.10629594242607,14.22634883928606,3.9319331645965576,64
121.13351489553492,14.24278800898545,4.721388339996338,28
121.11465027456842,14.249525373616343,0.9568436145782471,40
121.16315929991089,14.265964543315732,1.3324609994888306,5
121.11545875832411,14.23227772016125,3.9913277626037598,48
121.13674883055774,14.280786745503704,2.0864040851593018,7
121.12569955256305,14.278361294236582,1.3324990272521973,13
121.10171453447708,14.28806309930507,1.3325287103652954,19
121.10602644784086,14.258149200343894,5.722708702087402,38
121.10467897491469,14.238476095621671,0.0,46
121.15992536488801,14.23012176347936,3.013887405395508,10
121.137018325143,14.252489814053938,2.6634011268615723,25
121.15803890279136,14.253567792394882,2.086351156234741,7
121.14267771143295,14.255993243662004,3.9324207305908203,15
121.13486236846109,14.277283315895637,1.8543341159820557,10
121.14429467894433,14.26542555414526,2.663480520248413,8
121.14267771143295,14.23227772016125,4.680408954620361,24
121.13944377641013,14.282673207600354,1.9134366512298584,5
121.14995406523428,14.253298297809643,1.3324228525161743,12
121.11411128539794,14.225540355530356,3.013833999633789,54
121.11869269334693,14.289680066816487,0.9570146799087524,13
121.13189792802348,14.260305157025776,3.0142529010772705,20
121.11680623125028,14.285098658867476,2.086412191390991,16
121.1265080363188,14.243326998155922,1.8543341159820557,32
121.13674883055774,14.247369416934454,0.9568353891372681,22
121.12408258505167,14.253298297809643,3.3732500076293945,25
121.10144503989187,14.281864723844649,2.0864062309265137,26
121.14995406523428,14.27593584296946,2.868734359741211,9
121.15561345152423,14.230660752649833,6.633174896240234,17
121.12731652007449,14.280247756333232,2.868790864944458,9
121.1294724767564,14.264886564974788,2.9398655891418457,17
121.1151892637389,14.283751185941298,0.9569898843765259,16
121.11788420959124,14.26165262995196,3.82570743560791,27
121.12030966085837,14.243596492741155,0.9274099469184875,38
121.16504576200754,14.262730608292898,3.8222763538360596,6
121.10306200740325,14.24251851440021,4.724413871765137,49
121.11276381247177,14.26165262995196,3.3732898235321045,25
121.14914558147859,14.241171041474033,1.9130833148956299,15
121.1456421518705,14.233355698502194,1.3323620557785034,20
121.10952987744895,14.243326998155922,3.825688123703003,42
121.10225352364756,14.230930247235072,4.7244038581848145,66
121.14294720601816,14.257340716588182,0.9568766355514526,13
121.16262031074041,14.232008225576017,1.9130057096481323,12
121.11977067168789,14.285907142623188,1.8543341159820557,14
121.11977067168789,14.278361294236582,3.704791784286499,19
121.15938637571753,14.235781149769316,7.3788604736328125,10
121.16288980532562,14.232547214746482,5.117673873901367,11
121.12677753090401,14.231199741820305,0.9274099469184875,33
121.14267771143295,14.255723749076772,2.663421392440796,15
121.16315929991089,14.274857864628515,0.0,2
121.10171453447708,14.252489814053938,3.825697898864746,47
121.11572825290938,14.2303912580646,2.086305856704712,47
121.14106074392151,14.256262738247244,1.8543341159820557,14
121.15749991362088,14.2341641822579,5.437636852264404,11
121.11411128539794,14.278091799651342,3.01446795463562,20
121.1305504550973,14.248986384445871,2.868391990661621,30
121.13540135763157,14.246830427763989,4.245698928833008,25
121.12111814461406,14.254106781565355,2.7802884578704834,27
121.1049484694999,14.279439272577527,0.9274099469184875,27
121.11572825290938,14.225270860945116,3.991264581680298,50
121.11842319876172,14.257879705758654,3.8221919536590576,28
121.15857789196184,14.223114904263234,1.3323308229446411,13
121.13001146592683,14.2551847599063,3.3732593059539795,25
121.13216742260875,14.28833259389031,2.1260836124420166,5
121.15803890279136,14.247369416934454,0.9568353891372681,9
121.1378268088987,14.253567792394882,1.913189172744751,19
121.10979937203416,14.270545951264744,5.518165588378906,24
121.13890478723965,14.260035662440544,5.7964348793029785,10
121.15426597859806,14.285637648037948,0.0,2
121.11114684496033,14.260035662440544,0.0,33
121.14618114104098,14.224192882604171,2.663228988647461,22
121.1151892637389,14.232816709331722,6.353733062744141,52
121.10629594242607,14.2341641822579,1.9130244255065918,52
121.13620984138726,14.239015084792143,6.031928062438965,27
121.12084865002885,14.234972666013611,2.0863149166107178,33
121.11734522042076,14.266503532486205,5.004149913787842,24
121.14752861396715,14.264347575804315,0.0,10
121.1380963034839,14.271623929605681,2.086386203765869,8
121.16288980532562,14.239015084792143,1.9130644798278809,6
121.13108944426779,14.261113640781488,0.9568931460380554,16
121.14375568977385,14.287524110134598,0.0,2
121.14025226016582,14.242249019814977,4.724413871765137,23
121.16154233239945,14.25680172741771,2.9398539066314697,4
121.11842319876172,14.255723749076772,3.8257014751434326,31
121.15723041903567,14.258149200343894,3.014226198196411,5
121.12704702548928,14.225001366359884,3.013827085494995,30
121.13594034680204,14.277013821310405,4.721854209899902,9
121.13270641177922,14.284829164282243,3.8226478099823,6
121.10171453447708,14.22176743133705,0.9567259550094604,78
121.15318800025716,14.26919847833856,0.9274099469184875,7
121.16935767537126,14.278900283407054,0.0,2
121.1087213936932,14.245752449423044,3.825690746307373,45
121.14618114104098,14.272701907946626,2.125964641571045,9
121.12489106880736,14.250333857372048,5.864291667938232,30
121.16693222410419,14.252220319468705,2.125808000564575,10
121.14752861396715,14.227696312212238,0.9274099469184875,21
121.13270641177922,14.231469236405545,3.704791784286499,19
121.1634287944961,14.252759308639178,1.8543341159820557,7
121.11707572583555,14.270815445849976,1.332476258277893,18
121.12677753090401,14.272162918776154,3.373340606689453,16
121.15318800025716,14.260574651611016,2.125871419906616,10
121.10360099657373,14.270815445849976,0.95693439245224,32
121.13540135763157,14.246560933178749,4.861968040466309,25
121.12057915544358,14.287524110134598,1.3325270414352417,13
121.16315929991089,14.279439272577527,0.0,2
121.14618114104098,14.236589633525021,2.6633048057556152,19
121.1378268088987,14.281864723844649,1.8543341159820557,11
121.16073384864376,14.223923388018939,2.6632273197174072,14
121.11653673666507,14.28617663720842,1.9134650230407715,13
121.13674883055774,14.237937106451206,2.939828395843506,25
121.12327410129598,14.239554073962616,2.0863234996795654,36
121.1019840290623,14.239554073962616,4.6273674964904785,56
121.14645063562625,14.226618333871293,2.939812660217285,23
121.16774070785988,14.266503532486205,0.0,2
121.15534395693902,14.278900283407054,0.0,2
121.13594034680204,14.225001366359884,1.332336664199829,24
121.13647933597252,14.259227178684839,2.086361885070801,16
121.1340538847054,14.25491526532106,6.011786460876465,16
121.1456421518705,14.265695048730493,2.86860728263855,9
121.11384179081267,14.252489814053938,0.9274099469184875,32
121.12569955256305,14.236050644354549,2.0863170623779297,37
121.1445641735296,14.225001366359884,0.9567400813102722,26
121.11545875832411,14.247099922349221,2.9398410320281982,36
121.11950117710268,14.246291438593516,3.3732166290283203,34
121.15264901108668,14.231738730990777,1.3323569297790527,16
121.13162843343827,14.223114904263234,2.1255857944488525,28
121.10737392076703,14.280247756333232,3.991765022277832,19
121.13917428182486,14.258418694929127,4.167202472686768,15
121.15130153816051,14.235511655184077,3.8256800174713135,21
121.10710442618182,14.264617070389555,0.9274099469184875,26
121.14779810855242,14.278900283407054,1.3325008153915405,4
121.12192662836975,14.266503532486205,2.663485527038574,18
121.12758601465976,14.237128622695494,2.6633083820343018,33
121.14591164645577,14.259227178684839,1.3324406147003174,11
121.10629594242607,14.289410572231255,3.932968854904175,17
121.16962716995653,14.227426817627006,4.724401473999023,10
121.10818240452272,14.243596492741155,4.861905097961426,44
121.13836579806917,14.27566634838422,5.4379119873046875,11
121.12839449841545,14.231469236405545,6.236939430236816,28
121.15696092445046,14.285637648037948,0.0,2
121.10063655613612,14.235511655184077,6.633249759674072,63
121.10656543701134,14.284559669697003,2.126053810119629,17
121.13513186304635,14.220419958410872,0.9274099469184875,20
121.1238130904664,14.282134218429881,2.1260368824005127,14
121.1596558703028,14.25114234112776,0.9568507075309753,8
121.13243691719396,14.276744326725165,1.3324940204620361,8
121.11438077998315,14.275396853798988,1.8543341159820557,22
121.1378268088987,14.255454254491532,2.12583327293396,15
121.16612374034844,14.239015084792143,2.125706195831299,7
121.12408258505167,14.226887828456533,3.013850688934326,42
121.15399648401285,14.265695048730493,2.663482189178467,5
121.1200401662731,14.26542555414526,2.939866304397583,27
121.14698962479673,14.278361294236582,3.8225395679473877,8
121.14240821684768,14.289141077646015,0.0,2
121.16747121327461,14.252759308639178,1.3324211835861206,10
121.11815370417645,14.283212196770826,3.825730323791504,13
121.11330280164225,14.234703171428372,3.9913504123687744,51
121.15264901108668,14.26326959746337,0.9274099469184875,8
121.13971327099534,14.282673207600354,3.3733911514282227,3
121.1162672420798,14.230930247235072,5.437614917755127,49
121.11384179081267,14.278630788821815,3.704791784286499,21
121.10845189910799,14.271084940435216,2.0863850116729736,27
121.15561345152423,14.270815445849976,1.332476258277893,9
121.10144503989187,14.287793604719838,5.315767765045166,23
121.16827969703036,14.220689452996105,2.086287021636963,11
121.12408258505167,14.281595229259409,2.126032590866089,15
121.15291850567189,14.244943965667332,3.9914438724517822,10
121.137018325143,14.244135481911627,1.3323949575424194,24
121.15237951650141,14.2409015468888,3.413820743560791,14
121.10009756696564,14.24251851440021,3.704791784286499,52
121.11033836120464,14.243326998155922,2.1257400512695312,46
121.11033836120464,14.285098658867476,2.8688509464263916,19
121.12192662836975,14.253298297809643,1.3324228525161743,27
121.16585424576323,14.22176743133705,2.6632139682769775,10
121.11734522042076,14.267851005412382,2.086378574371338,22
121.1302809605121,14.24440497649686,3.014061689376831,30
121.13001146592683,14.270545951264744,0.9274099469184875,13
121.1151892637389,14.22850479596795,2.1256279945373535,47
121.15049305440476,14.225270860945116,2.663235664367676,19
121.16288980532562,14.243596492741155,1.9131044149398804,8
121.10413998574421,14.254645770735827,5.628450393676758,43
121.15291850567189,14.224731871774644,3.0138237476348877,16
121.13890478723965,14.265695048730493,4.721702575683594,7
121.15507446235381,14.25087284654252,2.663390874862671,11
121.15345749484237,14.274318875458043,2.8687167167663574,3
121.15642193527998,14.246021944008277,1.9131256341934204,11
121.12327410129598,14.264617070389555,0.0,23
121.13755731431348,14.231738730990777,0.9567683339118958,31
121.11276381247177,14.230660752649833,3.9913125038146973,48
121.16908818078605,14.271623929605681,0.0,2
121.14725911938194,14.225809850115589,2.0862972736358643,23
121.11680623125028,14.256532232832477,2.0863571166992188,27
121.10521796408517,14.289141077646015,3.4143359661102295,19
121.13647933597252,14.25087284654252,4.245758056640625,22
121.14106074392151,14.270545951264744,1.3324753046035767,6
121.11006886661937,14.280786745503704,2.0864040851593018,20
121.10926038286368,14.255454254491532,3.373260736465454,32
121.12489106880736,14.239823568547855,4.245589256286621,38
121.16477626742227,14.26731201624191,0.0,2
121.15803890279136,14.230660752649833,0.0,15
121.13647933597252,14.283481691356059,0.0,5
121.10791290993751,14.27755281048087,6.464860916137695,22
121.15642193527998,14.223384398848467,4.724397659301758,14
121.16881868620084,14.266503532486205,0.0,2
121.13540135763157,14.25707122200295,2.939854383468628,21
121.12866399300066,14.24440497649686,8.741252899169922,30
121.16774070785988,14.248716889860638,1.3324085474014282,7
121.1634287944961,14.234433676843139,4.724407196044922,10
121.11680623125028,14.22176743133705,2.9398059844970703,50
121.1189621879322,14.268659489168087,3.704791784286499,21
121.1294724767564,14.226887828456533,1.3323426246643066,29
121.11438077998315,14.260574651611016,0.9274099469184875,26
121.11761471500603,14.27782230506611,3.9917421340942383,21
121.1634287944961,14.274857864628515,0.0,2
121.10926038286368,14.2236538934337,2.6632256507873535,61
121.11006886661937,14.232547214746482,5.0040411949157715,51
121.10979937203416,14.259227178684839,3.014239549636841,33
121.15130153816051,14.224731871774644,2.0862951278686523,15
121.12516056339263,14.258688189514366,2.8685154914855957,23
121.12489106880736,14.2446744710821,0.0,33
121.14294720601816,14.239823568547855,0.9568024277687073,21
121.11384179081267,14.247369416934454,0.9568353891372681,36
121.12138763919933,14.264617070389555,0.9274099469184875,25
121.10575695325565,14.237667611865966,4.167122840881348,53
121.14698962479673,14.239554073962616,0.9568012356758118,20
121.14968457064907,14.271893424190921,1.3324795961380005,4
121.14618114104098,14.239823568547855,2.0863242149353027,17
121.15803890279136,14.248447395275399,3.991474151611328,8
121.14752861396715,14.272162918776154,3.373340606689453,7
121.15615244069471,14.267851005412382,0.9274099469184875,6
121.1378268088987,14.273240897117098,2.6635279655456543,11
121.13998276558056,14.280786745503704,0.9274099469184875,8
121.15157103274572,14.287793604719838,0.0,2
121.1124943178865,14.24278800898545,2.868314504623413,48
121.12219612295502,14.258688189514366,2.663438320159912,27
121.16288980532562,14.227965806797478,1.9129728078842163,11
121.14510316270008,14.271893424190921,2.7802884578704834,7
121.12516056339263,14.236589633525021,6.916470050811768,36
121.10063655613612,14.275127359213748,5.1185078620910645,29
121.10845189910799,14.239554073962616,3.932147264480591,51
121.12408258505167,14.250064362786816,2.939844846725464,31
121.15076254899003,14.235781149769316,2.0863165855407715,19
121.12812500383018,14.221228442166577,4.861440181732178,34
121.16989666454174,14.249525373616343,4.7214789390563965,2
121.1380963034839,14.263000102878138,2.086369514465332,12
121.16747121327461,14.264347575804315,0.0,2
121.11276381247177,14.268120499997622,4.6806864738464355,29
121.15318800025716,14.284559669697003,0.0,2
121.13378439012013,14.239015084792143,2.9398295879364014,31
121.12785550924497,14.254376276150587,1.8543341159820557,31
121.14968457064907,14.234703171428372,0.9274099469184875,17
121.13108944426779,14.251950824883465,0.9274099469184875,26
121.15345749484237,14.250064362786816,1.3324127197265625,12
121.16989666454174,14.25087284654252,0.0,2
121.14860659230811,14.273510391702338,3.014414072036743,11
121.15561345152423,14.272432413361393,2.125962734222412,2
121.16288980532562,14.22203692592229,1.8543341159820557,16
121.13620984138726,14.2409015468888,3.825685501098633,27
121.1332454009497,14.285637648037948,3.3734045028686523,10
121.14779810855242,14.220689452996105,0.956721305847168,21
121.15561345152423,14.238206601036438,2.125702142715454,17
121.10171453447708,14.285098658867476,4.680817604064941,23
121.1380963034839,14.281325734674176,2.9398880004882812,7
121.1162672420798,14.247638911519694,3.373223304748535,32
121.15776940820615,14.25707122200295,3.0142126083374023,8
121.1596558703028,14.248447395275399,1.3324077129364014,6
121.12785550924497,14.243057503570682,3.9914262294769287,34
121.10279251281804,14.255993243662004,2.9398531913757324,45
121.15938637571753,14.286715626378893,0.0,2
121.13567085221678,14.281864723844649,1.913429617881775,9
121.13836579806917,14.235511655184077,2.0863161087036133,28
121.12192662836975,14.246560933178749,3.4138827323913574,30
121.15237951650141,14.252220319468705,1.332419514656067,11
121.11923168251741,14.246560933178749,0.9568318724632263,34
121.11491976915363,14.221497936751817,2.939805507659912,55
121.1238130904664,14.270276456679504,3.014373779296875,17
121.11599774749459,14.249794868201583,3.014125347137451,34
121.14025226016582,14.236320138939789,1.3323713541030884,28
121.16477626742227,14.241979525229738,1.332388162612915,6
121.13998276558056,14.256262738247244,1.3324321508407593,14
121.1189621879322,14.27782230506611,3.3733673095703125,23
121.12192662836975,14.234703171428372,6.464860916137695,38
121.16962716995653,14.252220319468705,0.0,2
121.14321670060343,14.264886564974788,2.1259052753448486,8
121.1189621879322,14.260305157025776,2.1258692741394043,37
121.13755731431348,14.233355698502194,1.3323620557785034,25
121.13755731431348,14.28617663720842,4.724451065063477,7
121.15642193527998,14.247369416934454,4.167160511016846,6
121.12111814461406,14.24251851440021,3.4138383865356445,37
121.10791290993751,14.226887828456533,5.517373561859131,58
121.12677753090401,14.229852268894128,2.7802884578704834,35
121.15184052733093,14.241440536059265,2.125725269317627,15
121.15857789196184,14.286715626378893,0.0,2
121.12704702548928,14.281056240088937,2.6635751724243164,9
121.14941507606386,14.284829164282243,0.0,2
121.13540135763157,14.282942702185593,2.868826150894165,12
121.11680623125028,14.27566634838422,2.663541316986084,18
121.15615244069471,14.257610211173422,3.4139981269836426,6
121.12246561754023,14.240362557718328,3.4138147830963135,39
121.13863529265439,14.247369416934454,0.9274099469184875,20
121.16423727825179,14.289680066816487,0.0,2
121.10926038286368,14.243326998155922,2.0863311290740967,42
121.10521796408517,14.261113640781488,2.7802884578704834,40
121.13486236846109,14.231199741820305,6.534093856811523,28
121.13917428182486,14.225270860945116,2.0862960815429688,30
121.12057915544358,14.23012176347936,2.0863053798675537,40
121.10926038286368,14.233894687672667,2.663288116455078,52
121.12812500383018,14.272432413361393,1.8543341159820557,16
121.12327410129598,14.227696312212238,1.3323451280593872,41
121.13243691719396,14.276744326725165,1.3324940204620361,8
121.15345749484237,14.287793604719838,0.0,2
121.10845189910799,14.241171041474033,6.353921413421631,48
121.14618114104098,14.25114234112776,2.6633925437927246,13
121.14483366811481,14.230660752649833,5.6284332275390625,19
121.10467897491469,14.23874559020691,0.0,46
121.11465027456842,14.243596492741155,3.932215690612793,46
121.16315929991089,14.241710030644505,1.9130879640579224,8
121.14914558147859,14.272432413361393,3.3733417987823486,7
121.12516056339263,14.263808586633843,5.0041422843933105,22
121.11060785578985,14.254645770735827,1.8543341159820557,34
121.12057915544358,14.264617070389555,1.913283348083496,27
121.1596558703028,14.278091799651342,0.0,2
121.11033836120464,14.250333857372048,1.9131609201431274,42
121.13135893885305,14.279439272577527,6.3547892570495605,8
121.15480496776854,14.285637648037948,0.0,2
121.11195532871602,14.247369416934454,3.413891553878784,41
121.13270641177922,14.272971402531866,1.332482933998108,9
121.12462157422215,14.280517250918464,3.991767406463623,15
121.1265080363188,14.22203692592229,3.8256657123565674,39
121.10009756696564,14.264347575804315,2.6634738445281982,36
121.12111814461406,14.271623929605681,4.1672539710998535,21
121.1596558703028,14.228774290553183,3.41369366645813,11
121.15291850567189,14.24440497649686,0.9568224549293518,8
121.15345749484237,14.277013821310405,0.0,2
121.13567085221678,14.273240897117098,0.95694500207901,10
121.16181182698466,14.280517250918464,0.0,2
121.14510316270008,14.243326998155922,3.4138472080230713,16
121.15237951650141,14.237128622695494,0.9567918181419373,12
121.15022355981955,14.248986384445871,1.913149118423462,12
121.15561345152423,14.286715626378893,0.0,2
121.13674883055774,14.252759308639178,2.12581205368042,23
121.1305504550973,14.241171041474033,1.3323856592178345,26
121.11276381247177,14.2409015468888,2.0863263607025146,49
121.11465027456842,14.237128622695494,4.8617730140686035,41
121.1521100219162,14.243326998155922,3.373202085494995,12
121.16315929991089,14.234703171428372,1.3323662281036377,13
121.1227351121255,14.279439272577527,2.1260156631469727,14
121.11222482330129,14.288871583060782,3.3734207153320312,19
121.13594034680204,14.246830427763989,1.3324034214019775,21
121.11653673666507,14.283481691356059,4.862732410430908,20
121.13674883055774,14.23227772016125,2.7802884578704834,29
121.12974197134162,14.22203692592229,3.0137903690338135,25
121.11033836120464,14.24251851440021,3.014038324356079,46
121.16235081615514,14.258957684099599,2.125858783721924,5
121.11950117710268,14.236050644354549,4.167116165161133,40
121.10737392076703,14.281864723844649,2.126034736633301,18
121.10090605072139,14.24251851440021,3.8256874084472656,51
121.15992536488801,14.280786745503704,0.0,2
121.14402518435912,14.278091799651342,2.126005172729492,7
121.15642193527998,14.247908406104926,3.8220229148864746,5
121.13459287387587,14.25087284654252,0.9568495154380798,24
121.12974197134162,14.250603351957288,0.9274099469184875,27
121.13486236846109,14.27593584296946,1.3324915170669556,6
121.14968457064907,14.23874559020691,4.6804585456848145,20
121.11788420959124,14.260035662440544,2.0863635540008545,28
121.1558829461095,14.222306420507522,2.086290121078491,18
121.16827969703036,14.24251851440021,0.956814169883728,9
121.1011755453066,14.254645770735827,2.9398512840270996,44
121.141599733092,14.254376276150587,0.0,11
121.13459287387587,14.26138313536672,0.9568943381309509,17
121.1380963034839,14.271354435020449,0.0,7
121.13351489553492,14.257879705758654,0.9274099469184875,20
121.1019840290623,14.289141077646015,1.8543341159820557,20
121.1076434153523,14.246830427763989,5.315274238586426,47
121.11060785578985,14.279978261748,5.796933174133301,21
121.13594034680204,14.22176743133705,2.6632139682769775,17
121.10899088827847,14.285098658867476,2.7802884578704834,18
121.10144503989187,14.26758151082715,2.1259243488311768,31
121.10575695325565,14.270545951264744,1.8543341159820557,27
121.16450677283706,14.244943965667332,0.9274099469184875,7
121.14645063562625,14.25302880322441,2.125814199447632,13
121.16666272951892,14.259227178684839,2.1258609294891357,4
121.1418692276772,14.28806309930507,0.0,2
121.12866399300066,14.281595229259409,3.82572865486145,10
121.14402518435912,14.248716889860638,0.9568400979042053,15
121.13378439012013,14.228774290553183,3.821704149246216,22
121.15830839737663,14.231469236405545,0.9567671418190002,13
121.16208132156993,14.274857864628515,0.0,2
121.12030966085837,14.224462377189411,1.3323349952697754,44
121.14213872226247,14.227426817627006,2.125619649887085,27
121.15615244069471,14.283212196770826,0.0,2
121.15049305440476,14.262191619122433,3.414048433303833,10
121.15830839737663,14.229582774308888,2.6632611751556396,10
121.14806760313763,14.259496673270071,2.086362361907959,10
121.11087735037512,14.232547214746482,5.117673873901367,48
121.16962716995653,14.225540355530356,1.3323384523391724,11
121.15992536488801,14.257610211173422,0.9274099469184875,7
121.16962716995653,14.227426817627006,4.724401473999023,10
121.1378268088987,14.247908406104926,3.4138946533203125,19
121.1019840290623,14.28429017511177,2.0864105224609375,22
121.15992536488801,14.255723749076772,1.9132080078125,6
121.16208132156993,14.28429017511177,0.0,2
121.14698962479673,14.246560933178749,3.8220040798187256,15
121.10952987744895,14.246560933178749,4.6273674964904785,40
121.14133023850678,14.271084940435216,4.246066093444824,7
121.11222482330129,14.287254615549365,1.3325262069702148,17
121.16262031074041,14.276205337554693,0.0,2
121.13270641177922,14.265695048730493,2.663482189178467,15
121.14402518435912,14.226618333871293,4.7211689949035645,21
121.15830839737663,14.27566634838422,0.0,2
121.11438077998315,14.245752449423044,0.9568283557891846,40
121.11438077998315,14.27377988628757,4.8625311851501465,22
121.12138763919933,14.237937106451206,2.663313388824463,40
121.10306200740325,14.253298297809643,2.6634061336517334,43
121.103870491159,14.259496673270071,5.437804698944092,35
121.15857789196184,14.23012176347936,2.939817428588867,12
121.1019840290623,14.281056240088937,4.680787563323975,24
121.11734522042076,14.233086203916955,4.245488166809082,49
121.11195532871602,14.261113640781488,2.6634535789489746,32
121.12516056339263,14.268120499997622,4.6806864738464355,21
121.12677753090401,14.236050644354549,2.9398257732391357,39
121.14133023850678,14.253837286980115,1.913191556930542,15
121.1162672420798,14.225540355530356,0.9567424058914185,52
121.11734522042076,14.260574651611016,1.913248062133789,32
121.16235081615514,14.234433676843139,2.0863139629364014,11
121.10979937203416,14.285368153452715,2.0864126682281494,22
121.15480496776854,14.231469236405545,1.3323560953140259,17
121.137018325143,14.289141077646015,2.7802884578704834,10
121.14052175475103,14.231469236405545,1.3323560953140259,26
121.1445641735296,14.232547214746482,0.9567718505859375,23
121.16639323493371,14.266234037900965,0.0,2
121.11599774749459,14.221228442166577,2.868039846420288,49
121.12893348758593,14.272162918776154,6.917473316192627,14
121.13135893885305,14.289410572231255,3.822727680206299,8
121.15642193527998,14.25491526532106,5.315371513366699,8
121.103870491159,14.252220319468705,5.517832279205322,44
121.13189792802348,14.277283315895637,0.9274099469184875,10
121.12516056339263,14.272162918776154,1.8543341159820557,16
121.11303330705698,14.239823568547855,1.9130715131759644,50
121.12462157422215,14.227157323041766,3.9319469928741455,38
121.13351489553492,14.220958947581344,1.3323240280151367,23
121.11276381247177,14.284559669697003,2.126053810119629,18
121.13836579806917,14.236320138939789,0.9567883014678955,26
121.16908818078605,14.274588370043276,0.0,2
121.12974197134162,14.251681330298233,0.0,25
121.1343233792906,14.237937106451206,2.8682546615600586,29
121.10171453447708,14.24440497649686,2.9398372173309326,54
121.13647933597252,14.238476095621671,4.861801624298096,25
121.14752861396715,14.23012176347936,2.125638484954834,21
121.10737392076703,14.270006962094271,5.796684265136719,29
121.1019840290623,14.258688189514366,3.825704336166382,38
121.1076434153523,14.256262738247244,2.9398536682128906,38
121.16477626742227,14.281056240088937,0.0,2
121.10009756696564,14.26758151082715,1.3324660062789917,31
121.12030966085837,14.247638911519694,0.9568365812301636,33
121.12893348758593,14.27755281048087,2.939882755279541,11
121.11815370417645,14.226079344700828,1.332340121269226,52
121.15399648401285,14.250064362786816,1.3324127197265625,12
121.13863529265439,14.239015084792143,5.517590045928955,25
121.10656543701134,14.28833259389031,3.014592409133911,20
121.15723041903567,14.26758151082715,0.0,5
121.11222482330129,14.23874559020691,1.3323780298233032,46
121.15022355981955,14.231469236405545,0.9274099469184875,19
121.12866399300066,14.268928983753327,2.939870834350586,14
121.16019485947328,14.261113640781488,1.8543341159820557,7
121.11465027456842,14.2236538934337,4.680342674255371,51
121.15507446235381,14.225540355530356,2.7802884578704834,10
121.11411128539794,14.232547214746482,13.420181274414062,48
121.13594034680204,14.28994956140172,1.332534670829773,9
121.1445641735296,14.227426817627006,2.7802884578704834,28
121.16774070785988,14.260844146196249,0.0,2
121.10979937203416,14.279978261748,3.014491558074951,20
121.1076434153523,14.237398117280733,3.413785219192505,54
121.15237951650141,14.245752449423044,0.0,11
121.13863529265439,14.284559669697003,3.9328863620758057,6
121.1407912493363,14.260035662440544,4.724429130554199,12
121.12300460671071,14.25707122200295,4.245851039886475,28
121.16935767537126,14.275396853798988,0.0,2
121.13108944426779,14.260574651611016,1.913248062133789,18
121.1200401662731,14.222575915092762,2.0862908363342285,42
121.1151892637389,14.245213460252572,3.9914462566375732,39
121.10009756696564,14.257340716588182,2.086358070373535,44
121.12704702548928,14.231469236405545,1.8543341159820557,33
121.11276381247177,14.24278800898545,3.4138412475585938,47
121.13594034680204,14.221497936751817,3.0137836933135986,18
121.15642193527998,14.271084940435216,3.704791784286499,10
121.16369828908131,14.253567792394882,0.0,6
121.1151892637389,14.2409015468888,3.37319016456604,44
121.16154233239945,14.270545951264744,0.0,2
121.1019840290623,14.26165262995196,0.9568954706192017,33
121.10952987744895,14.226618333871293,2.6632442474365234,59
121.1124943178865,14.277013821310405,2.7802884578704834,19
121.10440948032942,14.278361294236582,2.8687660694122314,25
121.11438077998315,14.233086203916955,10.779034614562988,36
121.16935767537126,14.285098658867476,0.0,2
121.14914558147859,14.246830427763989,1.913132667541504,12
121.1380963034839,14.25302880322441,0.0,18
121.14968457064907,14.287524110134598,0.0,2
121.14645063562625,14.258149200343894,1.8543341159820557,11
121.11491976915363,14.24440497649686,2.9398372173309326,39
121.11491976915363,14.272971402531866,0.9569438695907593,20
121.16935767537126,14.232547214746482,1.3323595523834229,6
121.14429467894433,14.282134218429881,0.9569827914237976,7
121.16127283781424,14.260305157025776,0.0,6
121.1124943178865,14.245213460252572,6.0115532875061035,41
121.12030966085837,14.25087284654252,3.3732380867004395,31
121.12489106880736,14.271623929605681,2.1259562969207764,16
121.14968457064907,14.220689452996105,0.956721305847168,20
121.16423727825179,14.264347575804315,3.414072036743164,7
121.15480496776854,14.222575915092762,4.6273674964904785,15
121.16908818078605,14.281595229259409,0.0,2
121.15615244069471,14.26731201624191,1.3324651718139648,6
121.16046435405849,14.256262738247244,1.8543341159820557,7
121.1265080363188,14.266503532486205,1.3324626684188843,21
121.11707572583555,14.252759308639178,2.9398486614227295,31
121.1634287944961,14.251411835712993,1.913170337677002,6
121.12138763919933,14.25114234112776,0.9568507075309753,27
121.10656543701134,14.270815445849976,1.332476258277893,28
121.13162843343827,14.240093063133088,1.332382321357727,30
121.12731652007449,14.276744326725165,3.9327585697174072,12
121.103870491159,14.236859128110261,3.0139713287353516,50
121.11411128539794,14.23227772016125,6.667752742767334,51
121.15103204357524,14.234433676843139,2.6632914543151855,21
121.14995406523428,14.244135481911627,3.37320613861084,12
121.14672013021146,14.260305157025776,2.8685367107391357,8
121.13351489553492,14.247908406104926,3.825692892074585,26
121.1332454009497,14.257340716588182,2.1258459091186523,17
121.11438077998315,14.259766167855304,3.9324800968170166,33
121.16693222410419,14.254376276150587,2.9398510456085205,7
121.10467897491469,14.235511655184077,7.214687347412109,56
121.15776940820615,14.236320138939789,3.8218307495117188,8
121.15857789196184,14.256262738247244,1.8543341159820557,5
121.11438077998315,14.243865987326394,5.864274501800537,44
121.10009756696564,14.245752449423044,2.1257591247558594,55
121.15615244069471,14.257879705758654,1.332436442375183,6
121.10602644784086,14.28429017511177,2.6635937690734863,21
121.16046435405849,14.258688189514366,1.8543341159820557,7
121.15803890279136,14.269467972923799,1.3324719667434692,14
121.11923168251741,14.239284579377383,5.004062652587891,45
121.11330280164225,14.28429017511177,3.3733978271484375,17
121.16827969703036,14.255454254491532,7.610589981079102,9
121.13567085221678,14.258688189514366,2.125856637954712,18
121.11060785578985,14.260574651611016,4.724429607391357,31
121.14995406523428,14.239015084792143,3.9913883209228516,19
121.12138763919933,14.231738730990777,1.8543341159820557,40
121.15480496776854,14.281325734674176,0.0,2
121.15076254899003,14.273510391702338,5.004173278808594,6
121.16315929991089,14.225001366359884,3.991262197494507,11
121.11761471500603,14.277013821310405,4.680755138397217,19
121.11653673666507,14.239823568547855,0.9274099469184875,47
121.11653673666507,14.285098658867476,3.8257322311401367,16
121.10440948032942,14.270006962094271,1.9133281707763672,30
121.12785550924497,14.264078081219083,3.414069175720215,19
121.10252301823277,14.231738730990777,2.1256513595581055,64
121.12569955256305,14.284559669697003,3.991802930831909,14
121.14968457064907,14.233625193087427,2.0863122940063477,17
121.16747121327461,14.260844146196249,0.0,2
121.12165713378454,14.245752449423044,4.680514335632324,33
121.14941507606386,14.264886564974788,0.9569096565246582,6
121.14914558147859,14.236320138939789,1.3323713541030884,23
121.15184052733093,14.26138313536672,1.3324474096298218,9
121.14672013021146,14.221497936751817,4.167059421539307,16
121.16989666454174,14.266773027071437,0.0,2
121.10036706155091,14.263808586633843,6.011999130249023,34
121.12408258505167,14.285907142623188,3.0145621299743652,13
121.14025226016582,14.2446744710821,0.9568236470222473,20
121.1305504550973,14.227426817627006,3.013857364654541,26
121.13108944426779,14.245482954837804,3.0140750408172607,29
121.12516056339263,14.239015084792143,3.82568359375,35
121.11357229622746,14.269737467509032,3.991668701171875,25
121.13081994968258,14.272971402531866,0.9274099469184875,8
121.15911688113232,14.243326998155922,4.167144298553467,8
121.12138763919933,14.226079344700828,3.825670003890991,46
121.13081994968258,14.226887828456533,3.013850688934326,25
121.11977067168789,14.268928983753327,0.956926167011261,22
121.10979937203416,14.2303912580646,2.8681559562683105,58
121.13944377641013,14.224731871774644,3.373112916946411,23
121.10333150198852,14.242249019814977,5.437690258026123,51
121.137018325143,14.281325734674176,2.086405038833618,7
121.10602644784086,14.254376276150587,2.868462562561035,40
121.14725911938194,14.256262738247244,0.0,11
121.14267771143295,14.254376276150587,2.1258249282836914,12
121.11384179081267,14.266773027071437,4.7244343757629395,21
121.12516056339263,14.22634883928606,1.332340955734253,38
121.11977067168789,14.28429017511177,0.9274099469184875,13
121.1453726572853,14.234972666013611,4.245517730712891,19
121.10413998574421,14.239554073962616,2.7802884578704834,48
121.1011755453066,14.2236538934337,3.9318878650665283,73
121.1076434153523,14.237667611865966,1.9130550622940063,53
121.12516056339263,14.260305157025776,3.414027690887451,25
121.1418692276772,14.231738730990777,1.3323569297790527,22
121.13594034680204,14.221497936751817,3.0137836933135986,18
121.15318800025716,14.27782230506611,0.0,2
121.16235081615514,14.281595229259409,0.0,2
121.10737392076703,14.276205337554693,4.721843242645264,22
121.15615244069471,14.25114234112776,0.9568507075309753,9
121.11788420959124,14.237937106451206,1.9130574464797974,51
121.10279251281804,14.2409015468888,3.413820743560791,52
121.10090605072139,14.258418694929127,0.9274099469184875,46
121.11599774749459,14.267851005412382,2.1259264945983887,19
121.13378439012013,14.255454254491532,3.9324116706848145,20
121.1332454009497,14.289680066816487,3.373424530029297,8
121.13189792802348,14.250064362786816,1.9131585359573364,26
121.1305504550973,14.274857864628515,0.9569509029388428,11
121.11060785578985,14.27593584296946,0.9569556713104248,22
121.14025226016582,14.262730608292898,2.0863687992095947,11
121.14429467894433,14.251681330298233,2.1258037090301514,12
121.14267771143295,14.240362557718328,2.6633267402648926,20
121.10818240452272,14.249794868201583,5.517786979675293,46
121.1596558703028,14.229582774308888,0.9274099469184875,12
121.14860659230811,14.271893424190921,0.9274099469184875,6
121.13890478723965,14.282403713015121,2.1260390281677246,5
121.14321670060343,14.225001366359884,0.9274099469184875,22
121.1189621879322,14.241440536059265,7.827661991119385,39
121.15723041903567,14.265695048730493,2.663482189178467,4
121.16558475117796,14.2551847599063,0.9568683505058289,6
121.16019485947328,14.283212196770826,0.0,2
121.13728781972821,14.239554073962616,3.9913933277130127,27
121.12300460671071,14.227157323041766,4.721176624298096,40
121.16666272951892,14.224462377189411,2.6632306575775146,13
121.15237951650141,14.259766167855304,2.0863630771636963,9
121.15480496776854,14.262730608292898,3.0142831802368164,8
121.14806760313763,14.222575915092762,1.3323291540145874,22
121.15561345152423,14.234972666013611,3.704791784286499,15
121.11411128539794,14.286446131793653,1.3325237035751343,12
121.15803890279136,14.249525373616343,1.3324110507965088,10
121.1407912493363,14.270006962094271,2.6635074615478516,8
121.15399648401285,14.270006962094271,2.8686602115631104,5
121.13135893885305,14.26138313536672,2.0863661766052246,19
121.11357229622746,14.240362557718328,2.086325168609619,50
121.10333150198852,14.22850479596795,4.245420932769775,69
121.141599733092,14.285907142623188,2.6636040210723877,6
121.10952987744895,14.285637648037948,4.7219719886779785,19
121.15857789196184,14.275127359213748,0.0,2
121.10629594242607,14.22634883928606,3.9319331645965576,64
121.16235081615514,14.26353909204861,2.0863704681396484,8
121.11438077998315,14.248177900690166,2.9398422241210938,36
121.10710442618182,14.289141077646015,0.9274099469184875,24
121.15534395693902,14.265156059560027,3.9916281700134277,4
121.16100334322897,14.284020680526531,0.0,2
121.13863529265439,14.262730608292898,3.373295307159424,13
121.1162672420798,14.221497936751817,3.0137836933135986,47
121.16801020244509,14.24925587903111,3.0141186714172363,10
121.13917428182486,14.266234037900965,2.6634838581085205,6
121.12920298217114,14.287524110134598,2.663614273071289,9
121.10602644784086,14.248447395275399,1.8543341159820557,45
121.1418692276772,14.268928983753327,3.8223798274993896,10
121.11465027456842,14.268928983753327,2.939870834350586,24
121.12138763919933,14.283481691356059,0.9569886922836304,13
121.1305504550973,14.27970876716276,2.7802884578704834,11
121.14645063562625,14.237128622695494,0.9567918181419373,23
121.12866399300066,14.25087284654252,1.9131656885147095,28
121.12623854173353,14.285368153452715,2.1260602474212646,14
121.10656543701134,14.262461113707666,3.8257083892822266,32
121.13459287387587,14.233086203916955,3.4137377738952637,29
121.14510316270008,14.229313279723655,1.332350254058838,20
121.1019840290623,14.243057503570682,2.1257379055023193,51
121.1011755453066,14.285907142623188,2.939894199371338,23
121.13620984138726,14.278091799651342,0.9274099469184875,8
121.10036706155091,14.22203692592229,3.9318604469299316,78
121.14914558147859,14.258957684099599,2.0863614082336426,8
121.11168583413081,14.284829164282243,2.663597345352173,16
121.13486236846109,14.252489814053938,5.5178375244140625,24
121.1521100219162,14.282673207600354,0.0,2
121.1634287944961,14.2236538934337,3.825667381286621,12
121.141599733092,14.232547214746482,1.3323595523834229,23
121.10683493159655,14.25680172741771,1.8543341159820557,39
121.12920298217114,14.280786745503704,2.0864040851593018,6
121.1076434153523,14.236859128110261,4.721308708190918,49
121.11815370417645,14.239823568547855,6.236987590789795,47
121.14348619518864,14.279978261748,2.1260199546813965,7
121.1558829461095,14.26919847833856,1.3324711322784424,6
121.1378268088987,14.220689452996105,2.1255667209625244,18
121.16558475117796,14.229582774308888,0.9274099469184875,6
121.10818240452272,14.253298297809643,1.3324228525161743,38
121.1302809605121,14.289680066816487,2.086421251296997,8
121.1124943178865,14.231199741820305,1.9129986763000488,50
121.12354359588119,14.233625193087427,3.8217837810516357,36
121.1076434153523,14.240362557718328,2.086325168609619,47
121.16585424576323,14.232816709331722,3.991332769393921,13
121.14645063562625,14.286715626378893,0.0,2
121.12839449841545,14.268389994582854,3.825714588165283,16
121.11599774749459,14.229582774308888,3.991302490234375,45
121.12543005797784,14.246021944008277,3.8256912231445312,33
121.12057915544358,14.28617663720842,3.0145654678344727,11
121.13351489553492,14.280517250918464,3.373380661010742,11
121.16854919161557,14.24063205230356,2.1257190704345703,7
121.16801020244509,14.28994956140172,0.0,2
121.13378439012013,14.270545951264744,0.9569332003593445,10
121.1151892637389,14.257340716588182,3.932439088821411,28
121.1076434153523,14.274857864628515,3.9917142391204834,24
121.15669142986519,14.26542555414526,2.086374282836914,5
121.15696092445046,14.254106781565355,2.9398505687713623,7
121.1445641735296,14.248986384445871,2.9398434162139893,13
121.1456421518705,14.229043785138423,5.628432273864746,24
121.11491976915363,14.279169777992287,0.0,22
121.1380963034839,14.276744326725165,2.0863959789276123,7
121.11357229622746,14.223384398848467,4.724397659301758,53
121.14294720601816,14.270815445849976,2.663512706756592,7
121.1378268088987,14.287793604719838,2.6636159420013428,5
121.10845189910799,14.249794868201583,6.633462429046631,42
121.15103204357524,14.246021944008277,2.1257612705230713,12
121.16369828908131,14.24251851440021,0.956814169883728,8
121.12839449841545,14.248177900690166,1.332406759262085,31
121.11087735037512,14.287524110134598,1.3325270414352417,19
121.10279251281804,14.270276456679504,3.014373779296875,32
121.14429467894433,14.246560933178749,2.868363857269287,19
121.15696092445046,14.260574651611016,2.086364507675171,7
121.15776940820615,14.268659489168087,1.8543341159820557,6
121.12489106880736,14.279439272577527,2.7802884578704834,14
121.12057915544358,14.248177900690166,2.0863401889801025,32
121.14618114104098,14.243057503570682,6.916650295257568,19
121.16450677283706,14.241710030644505,3.0140280723571777,8
121.15561345152423,14.234972666013611,3.704791784286499,15
121.15453547318333,14.224731871774644,3.8256685733795166,14
121.10737392076703,14.252759308639178,1.3324211835861206,39
121.1558829461095,14.27566634838422,0.0,2
121.16585424576323,14.228774290553183,0.9567565321922302,9
121.12138763919933,14.223923388018939,6.916110515594482,42
121.15696092445046,14.2446744710821,3.4138619899749756,11
121.13917428182486,14.247638911519694,1.332405924797058,21
121.16396778366658,14.25680172741771,3.014209270477295,6
121.10171453447708,14.285098658867476,4.680817604064941,23
121.16666272951892,14.2446744710821,0.9274099469184875,9
121.12569955256305,14.241171041474033,1.9130833148956299,37
121.16908818078605,14.259227178684839,0.0,2
121.14698962479673,14.276744326725165,2.1259944438934326,7
121.10413998574421,14.255993243662004,3.704791784286499,38
121.12327410129598,14.284020680526531,3.014538526535034,11
121.12327410129598,14.23227772016125,1.3323585987091064,30
121.14402518435912,14.27782230506611,0.9569638967514038,6
121.10737392076703,14.254376276150587,2.6634128093719482,34
121.1332454009497,14.227696312212238,4.680374622344971,24
121.13459287387587,14.225809850115589,4.2453789710998535,21
121.12569955256305,14.2409015468888,3.704791784286499,36
121.10656543701134,14.225001366359884,1.9129469394683838,64
121.12839449841545,14.270276456679504,0.9274099469184875,14
121.1049484694999,14.223384398848467,3.9912469387054443,70
121.11761471500603,14.268120499997622,6.737466812133789,18
121.12812500383018,14.261113640781488,3.9915902614593506,22
121.13944377641013,14.282134218429881,3.0145182609558105,5
121.16585424576323,14.26731201624191,0.0,2
121.16288980532562,14.247369416934454,2.125771999359131,9
121.14133023850678,14.276744326725165,2.0863959789276123,9
121.14321670060343,14.22203692592229,1.9129210710525513,25
121.11491976915363,14.274588370043276,5.004177093505859,27
121.13108944426779,14.229582774308888,3.991302490234375,30
121.12489106880736,14.240093063133088,2.663325071334839,36
121.11599774749459,14.274857864628515,4.7218241691589355,22
121.12408258505167,14.244943965667332,2.086334466934204,34
121.1407912493363,14.260305157025776,0.9274099469184875,10
121.1049484694999,14.264347575804315,1.3324567079544067,34
121.15938637571753,14.223114904263234,2.939807891845703,15
121.10791290993751,14.282134218429881,2.086406707763672,17
121.11869269334693,14.239823568547855,5.437674045562744,43
121.12408258505167,14.252759308639178,1.3324211835861206,29
121.15345749484237,14.237937106451206,0.9567953944206238,14
121.11060785578985,14.240093063133088,3.413811683654785,57
121.12704702548928,14.250064362786816,0.9568459987640381,26
121.16235081615514,14.22823530138271,2.939815044403076,11
121.15480496776854,14.271893424190921,2.7802884578704834,7
121.16666272951892,14.2341641822579,2.9398231506347656,5
121.10629594242607,14.283751185941298,3.991797924041748,20
121.11761471500603,14.24063205230356,6.916579723358154,41
121.14106074392151,14.254376276150587,2.6634128093719482,13
121.10467897491469,14.267042521656677,2.125920295715332,29
121.11222482330129,14.267042521656677,1.332464337348938,27
121.12300460671071,14.265156059560027,8.44582462310791,16
121.1340538847054,14.223114904263234,3.373105049133301,16
121.12165713378454,14.248716889860638,1.3324085474014282,30
121.16262031074041,14.237128622695494,3.4137821197509766,11
121.15237951650141,14.24251851440021,0.0,16
121.15318800025716,14.246021944008277,5.517721176147461,9
121.14510316270008,14.241710030644505,3.8219196796417236,20
121.12489106880736,14.241979525229738,0.0,35
121.15749991362088,14.268120499997622,1.332467794418335,5
121.10306200740325,14.265156059560027,3.9325714111328125,37
121.14052175475103,14.262191619122433,0.9568978548049927,12
121.12084865002885,14.268389994582854,0.9274099469184875,23
121.11761471500603,14.28994956140172,0.0,11
121.14725911938194,14.238206601036438,2.0863213539123535,22
121.11842319876172,14.284829164282243,3.8226478099823,13
121.12516056339263,14.248716889860638,2.663377523422241,30
121.1200401662731,14.279169777992287,2.939884901046753,18
121.1340538847054,14.262191619122433,2.0863678455352783,16
121.15426597859806,14.245213460252572,2.6633572578430176,9
121.13135893885305,14.279169777992287,8.446240425109863,10
121.15184052733093,14.222575915092762,3.8256661891937256,23
121.12489106880736,14.24278800898545,4.861887454986572,33
121.13944377641013,14.232547214746482,1.3323595523834229,25
121.10845189910799,14.283481691356059,1.3325152397155762,25
121.11707572583555,14.274857864628515,3.373352527618408,17
121.10467897491469,14.227426817627006,0.9274099469184875,66
121.12704702548928,14.264617070389555,1.3324575424194336,17
121.15696092445046,14.266773027071437,2.663487195968628,6
121.1380963034839,14.253567792394882,3.932379722595215,17
121.13162843343827,14.282673207600354,1.332512617111206,9
121.16693222410419,14.2446744710821,0.9274099469184875,8
121.12138763919933,14.285907142623188,2.086413860321045,13
121.1076434153523,14.257340716588182,5.4377899169921875,37
121.11734522042076,14.271084940435216,8.093428611755371,24
121.12677753090401,14.243057503570682,2.1257379055023193,31
121.14267771143295,14.23874559020691,1.3323780298233032,21
121.1227351121255,14.225001366359884,1.332336664199829,41
121.12893348758593,14.279169777992287,1.3325016498565674,7
121.1332454009497,14.270006962094271,2.0863828659057617,12
121.10252301823277,14.259766167855304,3.3732805252075195,39
121.10252301823277,14.286985120964125,2.6636106967926025,21
121.16612374034844,14.233355698502194,2.0863118171691895,13
121.10306200740325,14.247369416934454,2.6633706092834473,46
121.15938637571753,14.281595229259409,0.0,2
121.11545875832411,14.248177900690166,0.0,34
121.13944377641013,14.261922124537193,4.721649646759033,10
121.11653673666507,14.28806309930507,4.246324062347412,14
121.137018325143,14.278900283407054,2.6635618209838867,8
121.14429467894433,14.289680066816487,0.0,2
121.14779810855242,14.285637648037948,0.0,2
121.13567085221678,14.268389994582854,1.8543341159820557,9
121.15453547318333,14.28833259389031,0.0,2
121.11168583413081,14.224731871774644,3.93190598487854,60
121.12920298217114,14.257340716588182,3.9915549755096436,21
121.13459287387587,14.280786745503704,5.518352508544922,8
121.11276381247177,14.286715626378893,3.41430926322937,15
121.12623854173353,14.264886564974788,1.3324583768844604,19
121.12893348758593,14.272432413361393,3.0144007205963135,15
121.15130153816051,14.22823530138271,1.332346796989441,21
121.1453726572853,14.22176743133705,5.628427028656006,17
121.12246561754023,14.254106781565355,4.724423885345459,28
121.10926038286368,14.250333857372048,1.8543341159820557,39
121.15696092445046,14.239823568547855,2.7802884578704834,13
121.13216742260875,14.258418694929127,0.9274099469184875,22
121.13513186304635,14.234433676843139,1.3323653936386108,30
121.14025226016582,14.24063205230356,2.0863256454467773,23
121.13189792802348,14.26353909204861,2.663468599319458,16
121.11653673666507,14.265964543315732,2.7802884578704834,27
121.10360099657373,14.243326998155922,6.73740816116333,47
121.10413998574421,14.221228442166577,1.3323248624801636,73
121.10306200740325,14.270815445849976,0.9274099469184875,31
121.1265080363188,14.253298297809643,0.9274099469184875,27
121.11761471500603,14.221228442166577,1.9129140377044678,47
121.1418692276772,14.22823530138271,1.332346796989441,25
121.15130153816051,14.2446744710821,3.37320876121521,14
121.12920298217114,14.27593584296946,2.6635429859161377,14
121.12623854173353,14.268120499997622,2.6634957790374756,18
121.11222482330129,14.271893424190921,2.1259584426879883,22
121.16881868620084,14.287254615549365,0.0,2
121.15264901108668,14.280247756333232,0.0,2
121.15480496776854,14.262191619122433,2.0863678455352783,6
121.16450677283706,14.231469236405545,2.086308002471924,8
121.11357229622746,14.258688189514366,0.9568825364112854,32
121.12165713378454,14.24251851440021,0.9274099469184875,37
121.13917428182486,14.262191619122433,0.9274099469184875,14
121.11707572583555,14.265156059560027,8.7584810256958,23
121.16747121327461,14.26353909204861,0.0,2
121.11276381247177,14.258149200343894,0.9568801522254944,32
121.10333150198852,14.285637648037948,2.1260623931884766,21
121.14914558147859,14.221497936751817,1.3323256969451904,21
121.10009756696564,14.25087284654252,3.3732380867004395,47
121.11707572583555,14.2551847599063,0.0,28
121.11950117710268,14.254645770735827,2.086353302001953,25
121.10360099657373,14.282673207600354,1.9134366512298584,22
121.15130153816051,14.260574651611016,2.125871419906616,10
121.12677753090401,14.259766167855304,4.167207717895508,26
121.10845189910799,14.25707122200295,5.1181535720825195,37
121.13728781972821,14.237937106451206,2.7802884578704834,27
121.15696092445046,14.248447395275399,2.08634090423584,5
121.15615244069471,14.245213460252572,3.37321138381958,9
121.1332454009497,14.250333857372048,3.3732354640960693,28
121.1558829461095,14.237398117280733,2.1256957054138184,15
121.10252301823277,14.234972666013611,2.868215799331665,63
121.11815370417645,14.246021944008277,3.0140817165374756,36
121.16019485947328,14.235511655184077,3.8256800174713135,11
121.16693222410419,14.22176743133705,3.373098373413086,6
121.11033836120464,14.232547214746482,2.9398207664489746,50
121.10710442618182,14.266773027071437,4.680675506591797,29
121.15938637571753,14.271623929605681,0.0,2
121.16504576200754,14.25087284654252,4.721498012542725,7
121.14402518435912,14.287524110134598,0.0,2
121.16801020244509,14.274318875458043,0.0,2
121.16774070785988,14.235242160598844,2.125678777694702,8
121.16181182698466,14.281864723844649,0.0,2
121.12704702548928,14.223384398848467,2.086292266845703,33
121.10225352364756,14.263000102878138,0.9569013714790344,36
121.11438077998315,14.272701907946626,0.9569426774978638,17
121.16073384864376,14.286985120964125,0.0,2
121.13863529265439,14.248716889860638,2.086341381072998,17
121.13108944426779,14.278630788821815,6.354770183563232,8
121.11006886661937,14.259766167855304,4.6273674964904785,34
121.12893348758593,14.221497936751817,2.939805507659912,34
121.12569955256305,14.236320138939789,2.086317777633667,38
121.13189792802348,14.26758151082715,0.0,16
121.13944377641013,14.220419958410872,6.534087657928467,23
121.16154233239945,14.276744326725165,0.0,2
121.1124943178865,14.220419958410872,3.931837797164917,60
121.12543005797784,14.252220319468705,1.9131773710250854,28
121.13620984138726,14.222575915092762,2.1255815029144287,17
121.1672017186894,14.22850479596795,2.1256279945373535,8
121.14052175475103,14.285098658867476,2.086412191390991,6
121.11357229622746,14.264078081219083,2.6634721755981445,29
121.16504576200754,14.26731201624191,0.0,2
121.16208132156993,14.257340716588182,2.086358070373535,4
121.11788420959124,14.248716889860638,4.245724201202393,33
121.12785550924497,14.245482954837804,4.861945152282715,27
121.15426597859806,14.244135481911627,4.680501461029053,9
121.16235081615514,14.278900283407054,0.0,2
121.10521796408517,14.256262738247244,3.3732645511627197,38
121.15642193527998,14.270545951264744,0.0,11
121.12543005797784,14.28994956140172,3.9329779148101807,9
121.14052175475103,14.278361294236582,2.6635582447052,12
121.16801020244509,14.229043785138423,1.332349419593811,7
121.1453726572853,14.234972666013611,4.245517730712891,19
121.15857789196184,14.257610211173422,2.0863585472106934,7
121.15669142986519,14.241171041474033,0.9274099469184875,11
121.12165713378454,14.243057503570682,5.004075050354004,32
121.10818240452272,14.231199741820305,1.332355260848999,57
121.12354359588119,14.243865987326394,0.9274099469184875,35
121.16531525659275,14.278091799651342,0.0,2
121.1596558703028,14.259766167855304,1.9132410287857056,6
121.12785550924497,14.224192882604171,7.944145202636719,34
121.13513186304635,14.268659489168087,5.004157066345215,14
121.12111814461406,14.27566634838422,0.9274099469184875,17
121.15507446235381,14.237398117280733,6.031905174255371,14
121.1162672420798,14.288871583060782,1.3325313329696655,13
121.10360099657373,14.26919847833856,2.6635024547576904,29
121.16935767537126,14.281864723844649,0.0,2
121.11707572583555,14.273510391702338,3.414170026779175,20
121.16827969703036,14.253837286980115,2.663409471511841,10
121.12462157422215,14.266503532486205,2.0863759517669678,20
121.16827969703036,14.261922124537193,0.0,2
121.12866399300066,14.241440536059265,1.8543341159820557,29
121.16908818078605,14.2409015468888,2.0863263607025146,7
121.10629594242607,14.260844146196249,0.9568919539451599,33
121.16288980532562,14.234433676843139,0.0,13
121.12192662836975,14.246560933178749,3.4138827323913574,30
121.16423727825179,14.25707122200295,0.9274099469184875,5
121.1343233792906,14.247099922349221,2.125769853591919,22
121.15237951650141,14.27755281048087,0.0,2
121.10818240452272,14.223384398848467,2.868067979812622,65
121.1558829461095,14.289410572231255,0.0,2
121.10791290993751,14.275396853798988,1.3324897289276123,22
121.12165713378454,14.266773027071437,3.414095878601074,17
121.1445641735296,14.279169777992287,2.1260135173797607,7
121.10899088827847,14.235781149769316,1.3323696851730347,53
121.12623854173353,14.25680172741771,1.3324329853057861,27
121.16854919161557,14.25491526532106,9.937113761901855,2
121.15480496776854,14.259766167855304,1.3324424028396606,8
121.10656543701134,14.270815445849976,1.332476258277893,28
121.15615244069471,14.226887828456533,4.245395660400391,16
121.12219612295502,14.259227178684839,2.6634416580200195,27
121.14429467894433,14.245752449423044,2.0863358974456787,22
121.10063655613612,14.27377988628757,3.0144174098968506,32
121.13540135763157,14.24063205230356,1.3323839902877808,24
121.15911688113232,14.250064362786816,1.8543341159820557,6
121.15696092445046,14.266234037900965,2.9398670196533203,5
121.16073384864376,14.28806309930507,0.0,2
121.12516056339263,14.283212196770826,3.0145318508148193,10
121.10360099657373,14.265156059560027,4.245977401733398,33
121.1238130904664,14.27782230506611,0.9274099469184875,15
121.11033836120464,14.279439272577527,1.3325024843215942,19
121.15318800025716,14.220150463825632,2.0862865447998047,7
121.11006886661937,14.277013821310405,3.0144546031951904,19
121.16558475117796,14.287254615549365,0.0,2
121.10926038286368,14.240362557718328,0.9274099469184875,45
121.15642193527998,14.271354435020449,6.53411865234375,6
121.11384179081267,14.259496673270071,2.7802884578704834,32
121.11788420959124,14.246021944008277,1.332400918006897,37
121.12462157422215,14.270815445849976,0.9274099469184875,14
121.12974197134162,14.282673207600354,5.547544956207275,11
121.16612374034844,14.245213460252572,0.9274099469184875,9
121.13189792802348,14.280786745503704,0.9569768905639648,14
121.11276381247177,14.227696312212238,2.125621795654297,53
121.13917428182486,14.276205337554693,0.9569568037986755,9
121.14240821684768,14.264617070389555,1.3324575424194336,10
121.1596558703028,14.25087284654252,1.332415223121643,8
121.11599774749459,14.274318875458043,4.246117115020752,23
121.1343233792906,14.235242160598844,2.086315393447876,31
121.10144503989187,14.228774290553183,2.663257598876953,63
121.16854919161557,14.281595229259409,0.0,2
121.12030966085837,14.250064362786816,1.8543341159820557,31
121.1265080363188,14.246291438593516,1.8543341159820557,29
121.11707572583555,14.254645770735827,3.825700283050537,32
121.103870491159,14.281325734674176,3.0145082473754883,25
121.14618114104098,14.281595229259409,1.3325092792510986,6
121.10306200740325,14.239284579377383,1.8543341159820557,48
121.13135893885305,14.25302880322441,3.704791784286499,22
121.11977067168789,14.243596492741155,3.4138503074645996,33
121.11114684496033,14.285368153452715,0.9569957852363586,17
121.13567085221678,14.245213460252572,2.0863349437713623,23
121.11707572583555,14.24063205230356,2.0863256454467773,45
121.12516056339263,14.272701907946626,0.9274099469184875,16
121.10360099657373,14.27782230506611,1.8543341159820557,28
121.1265080363188,14.276474832139932,1.3324931859970093,16
121.15076254899003,14.286446131793653,0.0,2
121.15345749484237,14.24440497649686,3.014061689376831,10
121.1521100219162,14.244943965667332,4.721418380737305,12
121.13513186304635,14.24251851440021,0.9274099469184875,23
121.13674883055774,14.24440497649686,3.3732073307037354,24
121.16989666454174,14.224192882604171,0.9274099469184875,9
121.12974197134162,14.270545951264744,2.8686671257019043,13
121.13135893885305,14.247638911519694,2.9398417472839355,28
121.14429467894433,14.269737467509032,1.332472801208496,7
121.10791290993751,14.252759308639178,2.663402795791626,39
121.16908818078605,14.2341641822579,3.9913454055786133,8
121.16477626742227,14.23227772016125,1.9130079746246338,7
121.11815370417645,14.276474832139932,3.4141995906829834,17
121.13540135763157,14.27377988628757,0.0,10
121.13189792802348,14.22203692592229,3.0137903690338135,24
121.15157103274572,14.226079344700828,2.1256089210510254,18
121.12866399300066,14.238206601036438,0.9274099469184875,29
121.15938637571753,14.243596492741155,0.0,7
121.10710442618182,14.246830427763989,5.11795711517334,47
121.16881868620084,14.26353909204861,0.0,2
121.16881868620084,14.220958947581344,3.3730945587158203,11
121.11438077998315,14.225540355530356,0.9274099469184875,56
121.14591164645577,14.249794868201583,1.3324118852615356,14
121.15345749484237,14.23227772016125,3.825676441192627,17
121.1521100219162,14.283751185941298,0.0,2
121.14779810855242,14.282673207600354,0.0,2
121.12596904714832,14.250064362786816,2.086344003677368,34
121.15723041903567,14.272971402531866,0.0,2
121.13081994968258,14.258957684099599,2.8685190677642822,23
121.10413998574421,14.225001366359884,6.916141510009766,69
121.1332454009497,14.285637648037948,3.3734045028686523,10
121.14645063562625,14.237667611865966,3.932119846343994,22
121.11033836120464,14.26326959746337,0.0,35
121.12408258505167,14.286985120964125,2.086416006088257,10
121.11572825290938,14.256262738247244,1.913212776184082,29
121.13378439012013,14.252220319468705,2.125808000564575,20
121.1596558703028,14.247099922349221,2.086338758468628,7
121.13108944426779,14.222306420507522,3.4136226177215576,30
121.14133023850678,14.268389994582854,0.9274099469184875,6
121.16208132156993,14.286715626378893,0.0,2
121.11033836120464,14.26542555414526,3.0143167972564697,31
121.14672013021146,14.24278800898545,2.1257359981536865,16
121.11465027456842,14.244943965667332,8.501066207885742,38
121.16881868620084,14.264886564974788,0.0,2
121.15669142986519,14.260305157025776,0.9568895697593689,6
121.16477626742227,14.237937106451206,0.9274099469184875,5
121.1332454009497,14.240362557718328,1.332383155822754,28
121.13647933597252,14.260844146196249,3.9915878772735596,14
121.1238130904664,14.27755281048087,1.8543341159820557,15
121.12408258505167,14.251411835712993,1.3324170112609863,27
121.10063655613612,14.250603351957288,3.373236656188965,47
121.10036706155091,14.222575915092762,3.8256661891937256,78
121.12327410129598,14.239015084792143,1.3323789834976196,36
121.14240821684768,14.236320138939789,2.939826011657715,23
121.14914558147859,14.222845409677994,2.939807415008545,22
121.1332454009497,14.250333857372048,3.3732354640960693,28
121.11222482330129,14.276744326725165,6.237200736999512,22
121.12111814461406,14.241979525229738,2.663336992263794,37
121.10521796408517,14.225809850115589,4.680359840393066,68
121.12354359588119,14.257340716588182,2.868497848510742,22
121.1456421518705,14.26731201624191,0.9569190740585327,7
121.13594034680204,14.250603351957288,1.3324143886566162,24
121.13459287387587,14.280517250918464,3.373380661010742,6
121.11707572583555,14.22823530138271,4.724401950836182,50
121.14752861396715,14.260574651611016,2.086364507675171,9
121.15615244069471,14.2409015468888,2.663330316543579,12
121.16531525659275,14.222845409677994,2.0862913131713867,5
121.12677753090401,14.250603351957288,1.3324143886566162,28
121.1343233792906,14.26731201624191,0.9569190740585327,12
121.15669142986519,14.24278800898545,2.0863301753997803,11
121.11465027456842,14.250333857372048,3.014132022857666,37
121.15857789196184,14.252220319468705,0.9568554162979126,11
121.11195532871602,14.228774290553183,5.315056324005127,47
121.16046435405849,14.25707122200295,0.0,6
121.10440948032942,14.260035662440544,2.9398586750030518,33
121.1265080363188,14.238206601036438,0.9274099469184875,36
121.11842319876172,14.263000102878138,1.913269281387329,24
121.11465027456842,14.28806309930507,2.6636176109313965,16
121.10656543701134,14.247908406104926,2.1257739067077637,42
121.11572825290938,14.270545951264744,2.7802884578704834,25
121.1227351121255,14.266773027071437,1.3324635028839111,24
121.1340538847054,14.26758151082715,3.0143401622772217,14
121.15911688113232,14.260574651611016,2.086364507675171,10
121.10629594242607,14.279169777992287,1.3325016498565674,23
121.15184052733093,14.232547214746482,1.3323595523834229,16
121.10440948032942,14.268120499997622,0.9569225907325745,32
121.12785550924497,14.263808586633843,2.0863711833953857,20
121.13001146592683,14.27593584296946,0.9274099469184875,12
121.16288980532562,14.289680066816487,0.0,2
121.11276381247177,14.263808586633843,2.7802884578704834,28
121.1483370977229,14.284020680526531,0.0,2
121.10979937203416,14.22176743133705,1.3323265314102173,61
121.14294720601816,14.249794868201583,2.125788927078247,13
121.11357229622746,14.22176743133705,2.125575065612793,56
121.11303330705698,14.245752449423044,1.8543341159820557,37
121.11572825290938,14.232008225576017,3.373147487640381,52
121.14698962479673,14.279978261748,2.8687872886657715,7
121.14752861396715,14.239554073962616,3.8218822479248047,17
121.12839449841545,14.2446744710821,4.245665073394775,33
121.15857789196184,14.26138313536672,0.0,7
121.15157103274572,14.283751185941298,0.0,2
121.15103204357524,14.284020680526531,0.0,2
121.11060785578985,14.271893424190921,2.6635193824768066,28
121.13836579806917,14.270276456679504,3.373331308364868,8
121.11572825290938,14.223114904263234,0.0,53
121.13620984138726,14.233625193087427,1.3323628902435303,28
121.13378439012013,14.247638911519694,2.9398417472839355,26
121.1340538847054,14.270276456679504,1.3324744701385498,12
121.12462157422215,14.240362557718328,3.0140113830566406,38
121.16073384864376,14.247369416934454,1.3324050903320312,7
121.15345749484237,14.238476095621671,4.773359298706055,16
121.10602644784086,14.227157323041766,5.990942001342773,66
121.15480496776854,14.259766167855304,1.3324424028396606,8
121.1418692276772,14.284020680526531,2.0864100456237793,9
121.10171453447708,14.233086203916955,3.821774482727051,63
121.13189792802348,14.280517250918464,5.004195690155029,13
121.16747121327461,14.255723749076772,1.3324304819107056,9
121.12974197134162,14.233086203916955,1.3323612213134766,14
121.10413998574421,14.235242160598844,3.3731634616851807,63
121.15345749484237,14.247638911519694,2.9398417472839355,13
121.12785550924497,14.270276456679504,2.9398727416992188,16
121.1238130904664,14.231469236405545,3.41372013092041,27
121.10926038286368,14.234972666013611,2.1256766319274902,52
121.16774070785988,14.239823568547855,0.9274099469184875,7
121.15291850567189,14.241171041474033,3.825685739517212,16
121.16100334322897,14.230930247235072,5.117641448974609,12
121.14213872226247,14.24925587903111,2.9398436546325684,19
121.12489106880736,14.24440497649686,1.3323957920074463,33
121.1332454009497,14.256262738247244,1.3324321508407593,19
121.12758601465976,14.230660752649833,3.0138940811157227,35
121.16235081615514,14.282134218429881,0.0,2
121.14698962479673,14.241979525229738,2.125729560852051,19
121.15642193527998,14.234703171428372,2.939823865890503,13
121.12408258505167,14.249525373616343,2.7802884578704834,33
121.11411128539794,14.237667611865966,5.8642578125,45
121.1162672420798,14.25707122200295,2.8684942722320557,28
121.10036706155091,14.279169777992287,2.1260135173797607,26
121.10144503989187,14.285098658867476,2.1260581016540527,21
121.10926038286368,14.281325734674176,6.032632827758789,21
121.10225352364756,14.265964543315732,1.3324609994888306,34
121.1596558703028,14.234433676843139,3.0139410495758057,13
121.11923168251741,14.223384398848467,0.0,43
121.10467897491469,14.25707122200295,1.3324339389801025,41
121.10629594242607,14.247908406104926,2.868377923965454,44
121.1453726572853,14.281864723844649,1.8543341159820557,7
121.14887608689338,14.225001366359884,2.125600576400757,20
121.13540135763157,14.235242160598844,2.125678777694702,32
121.1294724767564,14.247908406104926,2.9398417472839355,28
121.14941507606386,14.280517250918464,0.0,2
121.10306200740325,14.2303912580646,5.547544956207275,67
121.1294724767564,14.262730608292898,3.0142831802368164,19
121.13001146592683,14.227426817627006,2.125619649887085,31
121.14375568977385,14.285368153452715,0.0,2
121.11842319876172,14.258957684099599,6.032259464263916,22
121.1672017186894,14.24251851440021,0.956814169883728,7
121.15911688113232,14.221228442166577,1.8543341159820557,13
121.13243691719396,14.266773027071437,2.12591814994812,16
121.14402518435912,14.252489814053938,3.0141589641571045,15
121.14348619518864,14.265156059560027,1.3324593305587769,9
121.10306200740325,14.22850479596795,0.0,70
121.15184052733093,14.239554073962616,2.9398303031921387,17
121.16666272951892,14.22203692592229,3.8256657123565674,9
121.16693222410419,14.241440536059265,2.086327314376831,8
121.15992536488801,14.269737467509032,5.518150329589844,4
121.1200401662731,14.24925587903111,0.9568424820899963,28
121.1407912493363,14.26919847833856,0.9274099469184875,10
121.10602644784086,14.24063205230356,4.6273674964904785,49
121.14402518435912,14.248177900690166,2.0863401889801025,18
121.12812500383018,14.237398117280733,3.0139780044555664,30
121.1114163395456,14.236859128110261,3.825681447982788,54
121.13189792802348,14.276205337554693,0.9274099469184875,10
121.15453547318333,14.235511655184077,2.0863161087036133,14
121.16208132156993,14.269467972923799,0.0,2
121.15103204357524,14.225540355530356,1.3323384523391724,19
121.13540135763157,14.268120499997622,3.825714349746704,11
121.1340538847054,14.239554073962616,2.6633217334747314,28
121.12623854173353,14.229582774308888,3.8256735801696777,38
121.13162843343827,14.271354435020449,1.3324779272079468,12
121.16477626742227,14.287524110134598,0.0,2
121.1227351121255,14.274318875458043,2.1259775161743164,18
121.16477626742227,14.28617663720842,0.0,2
121.12569955256305,14.236320138939789,2.086317777633667,38
121.13351489553492,14.271084940435216,2.0863850116729736,11
121.15264901108668,14.28833259389031,0.0,2
121.16396778366658,14.270815445849976,0.0,2
121.13513186304635,14.280786745503704,2.6635735034942627,6
121.12866399300066,14.247638911519694,3.704791784286499,30
121.11788420959124,14.264886564974788,9.68868637084961,32
121.1380963034839,14.22823530138271,1.8543341159820557,28
121.15049305440476,14.282673207600354,0.0,2
121.10063655613612,14.264886564974788,0.9274099469184875,35
121.12812500383018,14.262730608292898,2.1258883476257324,19
121.10413998574421,14.247369416934454,2.8683743476867676,46
121.11303330705698,14.241440536059265,0.9274099469184875,50
121.15157103274572,14.239554073962616,2.9398303031921387,16
121.14887608689338,14.285907142623188,0.0,2
121.1456421518705,14.264886564974788,1.913285732269287,10
121.10602644784086,14.245213460252572,2.1257548332214355,42
121.14052175475103,14.223384398848467,4.167067050933838,24
121.10467897491469,14.233894687672667,4.680421829223633,60
121.15022355981955,14.254106781565355,1.913193941116333,11
121.10521796408517,14.282673207600354,1.332512617111206,22
121.16747121327461,14.248177900690166,3.4138975143432617,10
121.13944377641013,14.2551847599063,0.9568683505058289,15
121.11195532871602,14.288871583060782,2.6636226177215576,17
121.12435207963688,14.2341641822579,7.062747478485107,28
121.12866399300066,14.221228442166577,2.1255710124969482,32
121.15318800025716,14.257610211173422,4.680604457855225,9
121.12084865002885,14.247908406104926,2.7802884578704834,34
121.12758601465976,14.22850479596795,3.9912948608398438,33
121.12893348758593,14.26165262995196,2.086366653442383,19
121.16315929991089,14.236050644354549,1.3323705196380615,13
121.10656543701134,14.222845409677994,3.8256664276123047,64
121.15749991362088,14.283212196770826,0.0,2
121.11222482330129,14.268928983753327,2.08638072013855,24
121.13108944426779,14.222845409677994,2.1255836486816406,30
121.15345749484237,14.234433676843139,0.9274099469184875,19
121.16881868620084,14.26353909204861,0.0,2
121.11680623125028,14.23874559020691,0.0,48
121.11869269334693,14.265964543315732,2.939866542816162,24
121.10279251281804,14.232816709331722,3.9320380687713623,64
121.14052175475103,14.28833259389031,0.0,2
121.11707572583555,14.278900283407054,2.126011371612549,17
121.14672013021146,14.26138313536672,3.373288631439209,9
121.14887608689338,14.248177900690166,3.4138975143432617,13
121.13001146592683,14.288871583060782,2.9398984909057617,8
121.14025226016582,14.28994956140172,0.0,2
121.12893348758593,14.243057503570682,3.825687885284424,31
121.14213872226247,14.24440497649686,6.032020092010498,21
121.15453547318333,14.222575915092762,3.0137970447540283,16
121.1634287944961,14.257610211173422,2.9398550987243652,7
121.14806760313763,14.26138313536672,2.6634552478790283,9
121.11680623125028,14.226618333871293,0.9274099469184875,54
121.1634287944961,14.240093063133088,1.332382321357727,8
121.16962716995653,14.271084940435216,0.0,2
121.14429467894433,14.258149200343894,1.913226842880249,9
121.15076254899003,14.255723749076772,2.8684802055358887,10
121.12111814461406,14.237667611865966,2.086320400238037,39
121.14591164645577,14.278630788821815,0.9569674730300903,9
121.1087213936932,14.270276456679504,4.721763610839844,23
121.16315929991089,14.225001366359884,3.991262197494507,11
121.13001146592683,14.270276456679504,1.3324744701385498,12
121.10144503989187,14.225809850115589,2.6632392406463623,74
121.10899088827847,14.247369416934454,4.680527210235596,40
121.15749991362088,14.220150463825632,10.513105392456055,12
121.15723041903567,14.271084940435216,4.6273674964904785,6
121.11680623125028,14.28806309930507,3.4143240451812744,11
121.13081994968258,14.250603351957288,2.1257951259613037,31
121.11033836120464,14.234972666013611,2.0863149166107178,48
121.10467897491469,14.255454254491532,2.7802884578704834,40
121.12920298217114,14.247099922349221,2.7802884578704834,28
121.16127283781424,14.279439272577527,0.0,2
121.12030966085837,14.245752449423044,2.0863358974456787,30
121.14968457064907,14.225540355530356,2.086296558380127,18
121.1124943178865,14.225270860945116,2.7802884578704834,59
121.1332454009497,14.246830427763989,3.3732194900512695,25
121.15453547318333,14.27970876716276,0.0,2
121.13081994968258,14.284829164282243,0.9569934606552124,8
121.12704702548928,14.259496673270071,2.868525981903076,25
121.11842319876172,14.25302880322441,2.125814199447632,30
121.11491976915363,14.234703171428372,1.8543341159820557,49
121.14402518435912,14.226618333871293,4.7211689949035645,21
121.16208132156993,14.276474832139932,0.0,2
121.12354359588119,14.28994956140172,2.6636295318603516,10
121.11491976915363,14.225270860945116,3.0138304233551025,49
121.16477626742227,14.279169777992287,0.0,2
121.15830839737663,14.276474832139932,0.0,2
121.16774070785988,14.274857864628515,0.0,2
121.14213872226247,14.256262738247244,2.9398536682128906,13
121.1189621879322,14.230660752649833,3.373140811920166,46
121.11761471500603,14.245213460252572,3.413867950439453,33
121.10009756696564,14.283212196770826,2.1260454654693604,25
121.10413998574421,14.243326998155922,3.8219478130340576,42
121.11033836120464,14.221497936751817,2.12557315826416,57
121.16854919161557,14.230930247235072,2.1256449222564697,8
121.14106074392151,14.252220319468705,2.125808000564575,12
121.15372698942758,14.241710030644505,3.9321837425231934,15
121.12192662836975,14.23874559020691,1.3323780298233032,39
121.12138763919933,14.268389994582854,2.6634974479675293,22
121.10548745867038,14.283481691356059,2.868833303451538,20
121.12839449841545,14.230930247235072,1.9129962921142578,30
121.1294724767564,14.279978261748,4.246201515197754,10
121.15157103274572,14.285098658867476,0.0,2
121.15776940820615,14.2446744710821,3.9322338104248047,10
121.11168583413081,14.247369416934454,2.9398415088653564,39
121.13594034680204,14.243865987326394,3.932220220565796,27
121.12677753090401,14.225270860945116,4.167074680328369,32
121.16262031074041,14.235511655184077,1.3323687314987183,13
121.16962716995653,14.25302880322441,0.0,2
121.15157103274572,14.2409015468888,3.991405963897705,17
121.12057915544358,14.266503532486205,2.125916004180908,22
121.1114163395456,14.224462377189411,3.8256683349609375,58
121.1445641735296,14.237937106451206,3.4137911796569824,20
121.14779810855242,14.264078081219083,3.0142998695373535,12
121.12677753090401,14.264617070389555,2.663475513458252,18
121.10360099657373,14.278361294236582,2.126007080078125,25
121.14321670060343,14.285637648037948,0.0,2
121.11734522042076,14.22203692592229,3.9318604469299316,50
121.15318800025716,14.264617070389555,1.3324575424194336,5
121.13216742260875,14.269467972923799,2.9398715496063232,10
121.16801020244509,14.269467972923799,0.0,2
121.14025226016582,14.234703171428372,2.0863144397735596,28
121.14779810855242,14.273510391702338,3.014414072036743,8
121.12516056339263,14.264886564974788,3.014310121536255,20
121.12300460671071,14.27755281048087,2.1260008811950684,17
121.13674883055774,14.232008225576017,1.3323577642440796,30
121.12543005797784,14.28806309930507,3.4143240451812744,9
121.14914558147859,14.285637648037948,0.0,2
121.14348619518864,14.262461113707666,3.014279842376709,9
121.15669142986519,14.229313279723655,2.939816474914551,10
121.10818240452272,14.238206601036438,2.125702142715454,56
121.10279251281804,14.289410572231255,3.014605760574341,21
121.1672017186894,14.286446131793653,0.0,2
121.12758601465976,14.245482954837804,2.6633589267730713,26
121.12839449841545,14.278091799651342,3.932781457901001,10
121.13567085221678,14.237398117280733,1.3323746919631958,28
121.15103204357524,14.244135481911627,4.7734761238098145,14
121.1340538847054,14.225809850115589,1.3323392868041992,17
121.15669142986519,14.241171041474033,0.9274099469184875,11
121.1114163395456,14.258957684099599,3.0142362117767334,33
121.11357229622746,14.230660752649833,4.7244038581848145,52
121.16208132156993,14.223114904263234,4.724397659301758,13
121.14106074392151,14.278900283407054,1.3325008153915405,8
121.11734522042076,14.233625193087427,2.0863122940063477,51
121.15696092445046,14.256532232832477,0.9568742513656616,9
121.11923168251741,14.224192882604171,1.3323341608047485,44
121.13162843343827,14.225001366359884,1.332336664199829,27
121.16585424576323,14.224731871774644,0.0,12
121.1019840290623,14.233355698502194,8.012190818786621,64
121.14887608689338,14.276744326725165,2.9398815631866455,10
121.11384179081267,14.275127359213748,2.9398791790008545,21
121.12785550924497,14.283481691356059,0.9274099469184875,11
121.11168583413081,14.248716889860638,1.3324085474014282,36
121.11303330705698,14.260574651611016,3.014256238937378,31
121.16208132156993,14.278630788821815,0.0,2
121.13108944426779,14.26326959746337,2.0863699913024902,14
121.16235081615514,14.24925587903111,2.0863425731658936,6
121.16531525659275,14.264078081219083,0.0,2
121.1162672420798,14.272701907946626,4.167258262634277,19
121.16531525659275,14.26326959746337,2.86857533454895,2
121.16369828908131,14.287524110134598,0.0,2
121.1456421518705,14.259496673270071,0.0,9
121.14806760313763,14.27782230506611,1.9133942127227783,7
121.16235081615514,14.258957684099599,2.125858783721924,5
121.15372698942758,14.289410572231255,0.0,2
121.11545875832411,14.27755281048087,1.3324965238571167,23
121.10467897491469,14.231738730990777,1.3323569297790527,61
121.16693222410419,14.226079344700828,1.332340121269226,11
121.11276381247177,14.2236538934337,6.5340895652771,52
121.16100334322897,14.277013821310405,0.0,2
121.16127283781424,14.231199741820305,3.9320106506347656,10
121.13001146592683,14.271893424190921,7.611137390136719,17
121.10602644784086,14.252489814053938,4.167179584503174,41
121.14510316270008,14.248986384445871,5.628446578979492,16
121.12596904714832,14.236859128110261,3.704791784286499,37
121.10009756696564,14.266503532486205,2.125916004180908,36
121.10360099657373,14.270815445849976,0.95693439245224,32
121.16073384864376,14.241171041474033,5.517630577087402,7
121.10952987744895,14.226618333871293,2.6632442474365234,59
121.14052175475103,14.280247756333232,1.3325049877166748,7
121.13863529265439,14.234972666013611,1.8543341159820557,28
121.11545875832411,14.242249019814977,2.1257317066192627,42
121.11707572583555,14.278091799651342,3.414217233657837,20
121.10845189910799,14.282403713015121,3.373389959335327,19
121.11734522042076,14.247099922349221,2.086338758468628,32
121.14645063562625,14.285907142623188,0.0,2
121.10333150198852,14.24440497649686,5.437705039978027,51
121.12623854173353,14.278630788821815,0.9274099469184875,14
121.15830839737663,14.251950824883465,2.663397789001465,10
121.16666272951892,14.250064362786816,0.9568459987640381,7
121.1558829461095,14.27970876716276,0.0,2
121.13567085221678,14.264617070389555,0.9274099469184875,16
121.11411128539794,14.237128622695494,6.803497314453125,43
121.1151892637389,14.241979525229738,2.7802884578704834,44
121.1305504550973,14.250333857372048,2.0863447189331055,29
121.15480496776854,14.23227772016125,2.12565541267395,16
121.12408258505167,14.24251851440021,4.861881732940674,36
121.15076254899003,14.263000102878138,2.8685719966888428,8
121.14321670060343,14.276205337554693,1.3324923515319824,5
121.14213872226247,14.228774290553183,2.663257598876953,28
121.12785550924497,14.229313279723655,4.861612319946289,32
121.14806760313763,14.235511655184077,2.6632981300354004,22
121.1558829461095,14.251950824883465,1.913175106048584,10
121.11303330705698,14.223384398848467,4.773037910461426,54
121.1596558703028,14.220689452996105,3.3730931282043457,16
121.1227351121255,14.281056240088937,3.991772413253784,18
121.16585424576323,14.281864723844649,0.0,2
121.14672013021146,14.258957684099599,1.3324397802352905,11
121.12516056339263,14.26353909204861,2.663468599319458,25
121.14052175475103,14.251411835712993,0.9274099469184875,17
121.11572825290938,14.253298297809643,5.4377641677856445,34
121.15237951650141,14.252759308639178,0.9568578004837036,11
121.1189621879322,14.285098658867476,0.9274099469184875,12
121.13620984138726,14.26326959746337,0.9569025635719299,17
121.11788420959124,14.289680066816487,1.913495659828186,13
121.11222482330129,14.25491526532106,1.332427978515625,30
121.1380963034839,14.261113640781488,2.6634535789489746,14
121.16504576200754,14.236050644354549,2.0863170623779297,12
121.12569955256305,14.287254615549365,2.126075029373169,10
121.13998276558056,14.287254615549365,2.086416482925415,5
121.16612374034844,14.235511655184077,1.8543341159820557,10
121.1445641735296,14.276744326725165,0.9569591879844666,6
121.1302809605121,14.22176743133705,2.7802884578704834,29
121.14645063562625,14.224192882604171,1.8543341159820557,22
121.14618114104098,14.284020680526531,0.0,2
121.14860659230811,14.227157323041766,0.9274099469184875,22
121.15184052733093,14.23874559020691,0.9274099469184875,20
121.12327410129598,14.231469236405545,3.704791784286499,31
121.16531525659275,14.234433676843139,2.0863139629364014,9
121.10575695325565,14.268928983753327,2.08638072013855,35
121.11087735037512,14.2236538934337,4.680342674255371,61
121.11734522042076,14.229852268894128,6.011181354522705,47
121.1011755453066,14.221228442166577,2.1255710124969482,74
121.103870491159,14.281595229259409,0.9569804668426514,25
121.11788420959124,14.239015084792143,2.663318395614624,49
121.13270641177922,14.235781149769316,2.125683069229126,28
121.14725911938194,14.228774290553183,2.7802884578704834,23
121.14483366811481,14.275127359213748,0.9274099469184875,8
121.13998276558056,14.226887828456533,1.3323426246643066,25
121.11330280164225,14.236859128110261,2.7802884578704834,46
121.14591164645577,14.285098658867476,0.0,2
121.10225352364756,14.28806309930507,1.3325287103652954,21
121.13189792802348,14.246830427763989,0.9274099469184875,27
121.16774070785988,14.24063205230356,2.1257190704345703,9
121.16989666454174,14.25680172741771,0.0,2
121.16908818078605,14.25491526532106,0.0,2
121.16585424576323,14.230660752649833,2.125642776489258,10
121.11977067168789,14.254376276150587,2.1258249282836914,23
121.12731652007449,14.221497936751817,2.0862886905670166,39
121.14968457064907,14.272971402531866,2.6635262966156006,8
121.11060785578985,14.252759308639178,3.9915144443511963,37
121.10333150198852,14.227696312212238,3.413681745529175,64
121.11545875832411,14.247908406104926,3.014101982116699,35
121.10279251281804,14.241710030644505,0.9568106532096863,54
121.11491976915363,14.250603351957288,4.167171955108643,35
121.1294724767564,14.223384398848467,0.9567330479621887,28
121.16369828908131,14.220689452996105,3.413604974746704,13
121.13567085221678,14.264617070389555,0.9274099469184875,16
121.1672017186894,14.233355698502194,3.013927698135376,9
121.10791290993751,14.272432413361393,5.796746253967285,27
121.13755731431348,14.220958947581344,4.861434459686279,17
121.13243691719396,14.255454254491532,2.663419723510742,20
121.12300460671071,14.284559669697003,4.724449634552002,11
121.1634287944961,14.271623929605681,0.0,2
121.13162843343827,14.278091799651342,5.991485595703125,6
121.14887608689338,14.247908406104926,4.245711803436279,14
121.1049484694999,14.239554073962616,10.566550254821777,58
121.15130153816051,14.234703171428372,2.939823865890503,20
121.1596558703028,14.261922124537193,1.9132598638534546,8
121.14887608689338,14.280517250918464,0.0,2
121.12030966085837,14.237667611865966,4.724410057067871,42
121.15561345152423,14.277283315895637,0.0,2
121.13162843343827,14.285637648037948,0.9569969773292542,11
121.16612374034844,14.272432413361393,0.0,2
121.15830839737663,14.230660752649833,3.4137113094329834,15
121.13917428182486,14.230930247235072,1.9129962921142578,24
121.15345749484237,14.248177900690166,3.704791784286499,11
121.16854919161557,14.239554073962616,0.9274099469184875,5
121.11060785578985,14.287524110134598,1.8543341159820557,19
121.14348619518864,14.288871583060782,0.0,2
121.15642193527998,14.260035662440544,2.0863635540008545,6
121.10845189910799,14.285368153452715,3.9918105602264404,16
121.16639323493371,14.227965806797478,6.737372398376465,8
121.1227351121255,14.229043785138423,0.9567577242851257,42
121.12165713378454,14.250333857372048,0.9274099469184875,30
121.11357229622746,14.272701907946626,3.932694673538208,19
121.16019485947328,14.272971402531866,0.0,2
121.12677753090401,14.281056240088937,3.014504909515381,11
121.12138763919933,14.272701907946626,3.8224456310272217,17
121.1151892637389,14.229043785138423,6.737374782562256,51
121.1019840290623,14.264347575804315,0.9569072723388672,33
121.15749991362088,14.226079344700828,4.680362224578857,17
121.15857789196184,14.282403713015121,0.0,2
121.11438077998315,14.264617070389555,0.0,28
121.11869269334693,14.227157323041766,1.8543341159820557,51
121.13243691719396,14.260035662440544,1.3324432373046875,22
121.1332454009497,14.264347575804315,3.014303207397461,13
121.1227351121255,14.226618333871293,3.9319379329681396,42
121.12489106880736,14.250603351957288,5.315317630767822,27
121.1407912493363,14.25680172741771,1.8543341159820557,13
121.10225352364756,14.240362557718328,1.332383155822754,55
121.13836579806917,14.280247756333232,1.3325049877166748,6
121.1124943178865,14.280247756333232,4.68078088760376,22
121.11599774749459,14.286715626378893,0.9274099469184875,13
121.12084865002885,14.23012176347936,3.413705348968506,41
121.11384179081267,14.27593584296946,0.9569556713104248,22
121.10926038286368,14.270815445849976,3.414140224456787,26
121.10602644784086,14.24925587903111,3.9914817810058594,43
121.10036706155091,14.275127359213748,2.6635379791259766,26
121.14240821684768,14.259496673270071,0.9568860530853271,13
121.15103204357524,14.276744326725165,4.862588882446289,5
121.13459287387587,14.279439272577527,2.663565158843994,7
121.16262031074041,14.277013821310405,0.0,2
121.12596904714832,14.265964543315732,0.0,19
121.10279251281804,14.284829164282243,2.086411714553833,24
121.16747121327461,14.269467972923799,0.0,2
121.13162843343827,14.256532232832477,2.1258418560028076,20
121.15992536488801,14.234703171428372,4.167110919952393,14
121.16127283781424,14.220419958410872,5.990870952606201,11
121.14725911938194,14.260035662440544,2.0863635540008545,9
121.13486236846109,14.246021944008277,3.373215436935425,24
121.15130153816051,14.266234037900965,2.6634838581085205,9
121.14025226016582,14.26919847833856,1.3324711322784424,12
121.16585424576323,14.281595229259409,0.0,2
121.1189621879322,14.239284579377383,2.6633200645446777,44
121.1238130904664,14.223923388018939,2.0862934589385986,39
121.10144503989187,14.234703171428372,3.4137556552886963,69
121.16747121327461,14.283751185941298,0.0,2
121.14133023850678,14.25114234112776,0.0,15
121.10979937203416,14.220419958410872,7.062678337097168,71
121.15345749484237,14.231469236405545,3.9320151805877686,20
121.16693222410419,14.22634883928606,1.332340955734253,11
121.1076434153523,14.264347575804315,3.704791784286499,24
121.11815370417645,14.247638911519694,2.1257739067077637,33
121.12516056339263,14.289680066816487,3.704791784286499,6
121.16288980532562,14.254106781565355,1.3324254751205444,7
121.13189792802348,14.287793604719838,2.1260793209075928,6
121.16666272951892,14.279169777992287,0.0,2
121.13594034680204,14.239284579377383,5.004062652587891,26
121.10926038286368,14.281864723844649,0.9569815993309021,21
121.15857789196184,14.233894687672667,4.861703872680664,12
121.13486236846109,14.237937106451206,2.125699996948242,30
121.15884738654711,14.258957684099599,2.125858783721924,7
121.1521100219162,14.251950824883465,1.913175106048584,11
121.11734522042076,14.223384398848467,4.724397659301758,54
121.13486236846109,14.27970876716276,3.0144879817962646,8
121.15642193527998,14.266773027071437,2.086376428604126,4
121.16774070785988,14.287524110134598,0.0,2
121.16504576200754,14.255993243662004,2.125837564468384,6
121.12543005797784,14.270815445849976,1.332476258277893,14
121.1483370977229,14.22203692592229,2.086289644241333,22
121.14887608689338,14.276205337554693,2.939880847930908,6
121.12489106880736,14.233355698502194,2.6632847785949707,29
121.1672017186894,14.274857864628515,0.0,2
121.11033836120464,14.246291438593516,5.437717914581299,39
121.1596558703028,14.241171041474033,3.9321746826171875,8
121.13728781972821,14.283751185941298,3.373396635055542,11
121.14860659230811,14.229582774308888,2.086304187774658,21
121.10440948032942,14.280786745503704,3.4142470359802246,22
121.13108944426779,14.220419958410872,5.6284260749816895,23
121.15534395693902,14.239015084792143,3.373180866241455,17
121.11303330705698,14.286985120964125,3.014575481414795,12
121.12057915544358,14.237667611865966,1.9130550622940063,41
121.11788420959124,14.232816709331722,0.9567729830741882,45
121.16262031074041,14.25087284654252,2.1257972717285156,8
121.12893348758593,14.28617663720842,0.9569993615150452,12
121.12138763919933,14.26326959746337,3.0142898559570312,24
121.13917428182486,14.284020680526531,3.014538526535034,7
121.13836579806917,14.23012176347936,1.9129892587661743,27
121.13755731431348,14.250333857372048,1.3324135541915894,17
121.11653673666507,14.2409015468888,2.7802884578704834,44
121.12812500383018,14.247908406104926,4.680529594421387,30
121.13243691719396,14.268120499997622,3.4141106605529785,12
121.11438077998315,14.229582774308888,5.547544956207275,51
121.14267771143295,14.264078081219083,2.125899076461792,9
121.12354359588119,14.269467972923799,5.991393089294434,24
121.12516056339263,14.247099922349221,4.6273674964904785,35
121.14402518435912,14.224731871774644,4.167072296142578,24
121.11357229622746,14.248986384445871,5.117995262145996,38
121.10979937203416,14.247908406104926,3.825692892074585,41
121.16315929991089,14.265156059560027,1.9132881164550781,6
121.13890478723965,14.24278800898545,1.9130973815917969,27
121.1162672420798,14.234703171428372,4.167110919952393,43
121.13944377641013,14.237398117280733,4.680449962615967,27
121.14645063562625,14.23874559020691,2.125704050064087,19
121.14402518435912,14.25680172741771,1.3324329853057861,11
121.11545875832411,14.260574651611016,1.3324449062347412,29
121.15157103274572,14.282673207600354,0.0,2
121.13944377641013,14.276205337554693,1.8543341159820557,9
121.16935767537126,14.270545951264744,0.0,2
121.12435207963688,14.271354435020449,1.3324779272079468,17
121.16262031074041,14.268928983753327,0.0,2
121.12893348758593,14.229043785138423,4.861606597900391,30
121.10899088827847,14.241710030644505,2.125727415084839,47
121.10063655613612,14.249525373616343,4.245737075805664,52
121.11411128539794,14.265695048730493,4.773932456970215,21
121.1305504550973,14.276205337554693,2.086394786834717,10
121.13836579806917,14.276205337554693,1.3324923515319824,9
121.16693222410419,14.22203692592229,3.8256657123565674,8
121.12057915544358,14.270276456679504,0.9274099469184875,23
121.14025226016582,14.265964543315732,2.0863747596740723,9
121.12030966085837,14.236589633525021,5.628437519073486,46
121.15130153816051,14.2341641822579,2.7802884578704834,22
121.1019840290623,14.277283315895637,2.1259987354278564,27
121.1456421518705,14.232816709331722,2.125659704208374,22
121.13486236846109,14.239554073962616,3.932147264480591,26
121.14267771143295,14.256532232832477,2.9398539066314697,11
121.11222482330129,14.248447395275399,3.014108657836914,38
121.1380963034839,14.26326959746337,0.9569025635719299,12
121.10413998574421,14.266503532486205,2.0863759517669678,29
121.11869269334693,14.275127359213748,0.0,19
121.16154233239945,14.278900283407054,0.0,2
121.12246561754023,14.27404938087281,1.3324863910675049,17
121.14914558147859,14.278091799651342,2.6635565757751465,6
121.15857789196184,14.272432413361393,0.0,2
121.14133023850678,14.239284579377383,2.6633200645446777,26
121.1049484694999,14.266773027071437,4.6273674964904785,31
121.16693222410419,14.239284579377383,2.1257083415985107,9
121.13189792802348,14.263808586633843,2.12589693069458,16
121.16423727825179,14.237128622695494,2.1256935596466064,10
121.10737392076703,14.238476095621671,3.413796901702881,52
121.10413998574421,14.255723749076772,5.437780857086182,41
121.13836579806917,14.268928983753327,0.956926167011261,9
121.13917428182486,14.253298297809643,2.1258163452148438,15
121.15130153816051,14.230930247235072,2.1256449222564697,20
121.12246561754023,14.261922124537193,2.08636736869812,21
121.10171453447708,14.229852268894128,4.1670918464660645,63
121.13270641177922,14.25491526532106,2.0863537788391113,21
121.14429467894433,14.25114234112776,2.08634614944458,15
121.11357229622746,14.249525373616343,6.731293201446533,37
121.14052175475103,14.2446744710821,0.9274099469184875,20
121.13620984138726,14.24278800898545,2.0863301753997803,25
121.15696092445046,14.225540355530356,0.9274099469184875,16
121.16019485947328,14.220689452996105,3.3730931282043457,13
121.14725911938194,14.225540355530356,1.3323384523391724,24
121.15642193527998,14.232008225576017,2.7802884578704834,15
121.14698962479673,14.26919847833856,2.086381435394287,6
121.1189621879322,14.243326998155922,0.9568177461624146,35
121.11087735037512,14.246021944008277,2.9398396015167236,39
121.15992536488801,14.260844146196249,1.91325044631958,8
121.11761471500603,14.259496673270071,1.3324414491653442,28
121.13944377641013,14.23012176347936,1.3323519229888916,23
121.11465027456842,14.2409015468888,2.125720977783203,46
121.15237951650141,14.231469236405545,0.9567671418190002,17
121.15857789196184,14.25707122200295,0.0,5
121.14860659230811,14.272432413361393,1.3324812650680542,8
121.15103204357524,14.227426817627006,5.864229679107666,16
121.10952987744895,14.279439272577527,1.8543341159820557,18
121.15803890279136,14.225809850115589,2.1256067752838135,16
121.13917428182486,14.243057503570682,2.1257379055023193,24
121.10360099657373,14.238476095621671,4.167126178741455,50
121.12354359588119,14.270545951264744,0.0,17
121.14698962479673,14.274857864628515,2.1259796619415283,6
121.13351489553492,14.28806309930507,1.3325287103652954,8
121.13540135763157,14.250333857372048,2.939845323562622,24
121.1418692276772,14.28617663720842,3.9918181896209717,2
121.16100334322897,14.236050644354549,2.663301467895508,10
121.16127283781424,14.245213460252572,4.6805100440979,8
121.12920298217114,14.284020680526531,2.0864100456237793,9
121.15453547318333,14.246021944008277,6.032047748565674,10
121.12866399300066,14.270545951264744,2.0863840579986572,13
121.11950117710268,14.245482954837804,3.825690507888794,30
121.15911688113232,14.282403713015121,0.0,2
121.13108944426779,14.259766167855304,4.721619129180908,19
121.14429467894433,14.281864723844649,2.126034736633301,7
121.14752861396715,14.237937106451206,3.3731768131256104,18
121.16154233239945,14.288871583060782,0.0,2
121.16531525659275,14.273240897117098,0.0,2
121.15318800025716,14.285637648037948,0.0,2
121.11923168251741,14.258418694929127,4.721600532531738,26
121.10818240452272,14.283212196770826,3.0145318508148193,24
121.10279251281804,14.287254615549365,2.126075029373169,21
121.15669142986519,14.222306420507522,3.013793706893921,17
121.13001146592683,14.228774290553183,3.8256728649139404,30
121.15453547318333,14.271084940435216,2.1259520053863525,7
121.103870491159,14.274857864628515,5.7231292724609375,26
121.1019840290623,14.289410572231255,2.939899206161499,19
121.10602644784086,14.25114234112776,0.9274099469184875,43
121.13459287387587,14.224731871774644,0.9274099469184875,18
121.16073384864376,14.270545951264744,0.0,2
121.1265080363188,14.27566634838422,2.0863938331604004,13
121.13108944426779,14.266234037900965,5.547544956207275,17
121.13836579806917,14.226079344700828,2.0862977504730225,27
121.11788420959124,14.270006962094271,4.6273674964904785,24
121.1672017186894,14.244135481911627,1.3323949575424194,8
121.11653673666507,14.229582774308888,0.9567589163780212,42
121.1087213936932,14.234433676843139,2.868208646774292,51
121.11222482330129,14.277013821310405,4.721854209899902,20
121.12596904714832,14.239015084792143,1.8543341159820557,36
121.1453726572853,14.233355698502194,3.013927698135376,21
121.12327410129598,14.27970876716276,0.9274099469184875,15
121.13540135763157,14.245213460252572,3.413867950439453,23
121.1332454009497,14.234703171428372,0.9274099469184875,28
121.10548745867038,14.27593584296946,1.3324915170669556,25
121.11950117710268,14.262461113707666,0.9568990468978882,22
121.15534395693902,14.25707122200295,0.9274099469184875,5
121.15399648401285,14.267042521656677,2.6634888648986816,3
121.15938637571753,14.25491526532106,1.8543341159820557,6
121.15696092445046,14.227965806797478,3.9912898540496826,11
121.1332454009497,14.286985120964125,1.913472056388855,5
121.141599733092,14.281325734674176,2.126030445098877,7
121.12084865002885,14.241171041474033,4.861853122711182,35
121.12327410129598,14.230930247235072,5.628433704376221,37
121.12354359588119,14.236859128110261,2.7802884578704834,37
121.10575695325565,14.252489814053938,0.9568566083908081,41
121.13674883055774,14.281864723844649,0.9569815993309021,9
121.1011755453066,14.264886564974788,0.9274099469184875,32
121.1200401662731,14.236050644354549,3.991363048553467,40
121.10171453447708,14.223923388018939,2.0862934589385986,76
121.16477626742227,14.220150463825632,3.9912192821502686,13
121.1114163395456,14.28429017511177,0.9569910764694214,20
121.15749991362088,14.264617070389555,1.913283348083496,9
121.13486236846109,14.233894687672667,2.9398226737976074,30
121.16774070785988,14.2446744710821,2.8683390617370605,9
121.16774070785988,14.246021944008277,3.0140817165374756,9
121.1076434153523,14.267851005412382,2.663494110107422,31
121.11114684496033,14.268389994582854,0.95692378282547,26
121.1151892637389,14.231469236405545,3.9913201332092285,47
121.1200401662731,14.229313279723655,2.086304187774658,49
121.14348619518864,14.246021944008277,1.332400918006897,19
121.11195532871602,14.2236538934337,2.6632256507873535,56
121.11060785578985,14.253298297809643,0.9274099469184875,36
121.13351489553492,14.23874559020691,3.932133674621582,31
121.11411128539794,14.248986384445871,2.663379192352295,40
121.14618114104098,14.225809850115589,5.864225387573242,20
121.14106074392151,14.284559669697003,1.913450837135315,7
121.12731652007449,14.2446744710821,3.704791784286499,34
121.16639323493371,14.239823568547855,2.0863242149353027,9
121.13728781972821,14.229582774308888,1.332350254058838,28
121.10791290993751,14.2341641822579,3.932060718536377,54
121.16019485947328,14.256532232832477,0.0,6
121.13513186304635,14.232008225576017,2.9398200511932373,32
121.1343233792906,14.287793604719838,2.0864176750183105,7
121.15372698942758,14.239015084792143,2.7802884578704834,15
121.13863529265439,14.25087284654252,2.086345672607422,22
121.15184052733093,14.283481691356059,0.0,2
121.14752861396715,14.24278800898545,2.868314504623413,16
121.12246561754023,14.262191619122433,4.167217254638672,23
121.16639323493371,14.26731201624191,0.0,2
121.1521100219162,14.237398117280733,6.031905174255371,16
121.14860659230811,14.268120499997622,3.3733205795288086,9
121.16747121327461,14.278630788821815,0.0,2
121.11950117710268,14.22634883928606,2.939812421798706,50
121.1456421518705,14.26326959746337,2.0863699913024902,7
121.1343233792906,14.278091799651342,1.8543341159820557,9
121.14294720601816,14.240093063133088,1.8543341159820557,21
121.13917428182486,14.266503532486205,2.7802884578704834,8
121.11572825290938,14.239823568547855,5.437674045562744,48
121.16881868620084,14.266503532486205,0.0,2
121.15318800025716,14.227696312212238,1.8543341159820557,19
121.14267771143295,14.281595229259409,1.3325092792510986,7
121.15372698942758,14.24440497649686,0.9274099469184875,11
121.16369828908131,14.256262738247244,3.3732645511627197,5
121.14591164645577,14.28806309930507,0.0,2
121.11923168251741,14.285098658867476,0.9569945931434631,12
121.10413998574421,14.276744326725165,2.1259944438934326,23
121.15723041903567,14.282403713015121,0.0,2
121.137018325143,14.239015084792143,1.9130644798278809,23
121.16962716995653,14.27782230506611,0.0,2
121.10521796408517,14.288602088475542,1.9134862422943115,20
121.16881868620084,14.245482954837804,1.9131208658218384,8
121.15480496776854,14.264886564974788,3.014310121536255,7
121.12219612295502,14.260844146196249,3.0142595767974854,20
121.1445641735296,14.261922124537193,0.9274099469184875,10
121.12516056339263,14.259227178684839,0.9568848609924316,22
121.10710442618182,14.270815445849976,2.868670701980591,32
121.1456421518705,14.245213460252572,2.939838409423828,16
121.16154233239945,14.257610211173422,0.0,5
121.15453547318333,14.234972666013611,2.939824104309082,16
121.11815370417645,14.254376276150587,2.086352825164795,29
121.14995406523428,14.277283315895637,3.3733646869659424,3
121.16747121327461,14.262191619122433,0.0,2
121.16369828908131,14.231738730990777,1.8543341159820557,11
121.1200401662731,14.263808586633843,4.167223930358887,26
121.12489106880736,14.252759308639178,2.0863494873046875,30
121.12839449841545,14.262461113707666,2.1258862018585205,19
121.11168583413081,14.231469236405545,1.3323560953140259,50
121.16154233239945,14.278361294236582,0.0,2
121.1076434153523,14.220419958410872,8.444489479064941,74
